分類,配信内容,配信日,No.,曲名,歌手名,リンク,甲斐田歌唱,コラボライバー,演奏
弾き語り,収益化記念弾き語り,2020/04/22,1,カサブタ,千綿ヒデノリ,https://youtu.be/WJnaO0YQhiM?t=161,TRUE,,
弾き語り,収益化記念弾き語り,2020/04/22,2,世界は恋に落ちている,CHiCO with HoneyWorks,https://youtu.be/WJnaO0YQhiM?t=385,TRUE,,
弾き語り,収益化記念弾き語り,2020/04/22,3,気まぐれロマンティック,いきものがかり,https://youtu.be/WJnaO0YQhiM?t=556,TRUE,,
弾き語り,収益化記念弾き語り,2020/04/22,4,カブトムシ,Aiko,https://youtu.be/WJnaO0YQhiM?t=711,TRUE,,
弾き語り,収益化記念弾き語り,2020/04/22,5,Hello Goodbye&Hello,熊田杏里,https://youtu.be/WJnaO0YQhiM?t=1085,TRUE,,
弾き語り,収益化記念弾き語り,2020/04/22,6,Catch the Moment,LiSA,https://youtu.be/WJnaO0YQhiM?t=1275,TRUE,,
弾き語り,収益化記念弾き語り,2020/04/22,7,ハナミズキ,一青窈,https://youtu.be/WJnaO0YQhiM?t=1540,TRUE,,
弾き語り,収益化記念弾き語り,2020/04/22,8,オリオンをなぞる,UNISON SQUARE GARDEN,https://youtu.be/WJnaO0YQhiM?t=1922,TRUE,,
弾き語り,収益化記念弾き語り,2020/04/22,9,青いベンチ,サスケ,https://youtu.be/WJnaO0YQhiM?t=2080,TRUE,,
弾き語り,収益化記念弾き語り,2020/04/22,10,浮世の演舞,VΔLZ,https://youtu.be/WJnaO0YQhiM?t=2462,TRUE,,
弾き語り,収益化記念弾き語り,2020/04/22,11,First love,宇多田ヒカル,https://youtu.be/WJnaO0YQhiM?t=2560,TRUE,,
弾き語り,収益化記念弾き語り,2020/04/22,12,小さきもの,林明日香,https://youtu.be/WJnaO0YQhiM?t=2770,TRUE,,
弾き語り,収益化記念弾き語り,2020/04/22,13,決意の朝に,Aqua Timez,https://youtu.be/WJnaO0YQhiM?t=2926,TRUE,,
弾き語り,収益化記念弾き語り,2020/04/22,14,Butter-Fly,和田光司,https://youtu.be/WJnaO0YQhiM?t=3330,TRUE,,
弾き語り,弾き語り配信,2020/04/26,1,真夏の果実,サザンオールスターズ,https://youtu.be/qjGzKuf3sE4?t=292,TRUE,,
弾き語り,弾き語り配信,2020/04/26,2,白日,King Gnu,https://youtu.be/qjGzKuf3sE4?t=715,TRUE,,
弾き語り,弾き語り配信,2020/04/26,3,瞬き,back number,https://youtu.be/qjGzKuf3sE4?t=1190,TRUE,,
弾き語り,弾き語り配信,2020/04/26,4,風が吹く街,ラックライフ,https://youtu.be/qjGzKuf3sE4?t=1625,TRUE,,
弾き語り,弾き語り配信,2020/04/26,5,Departures ~あなたに贈るアイの歌 ~,EGOIST,https://youtu.be/qjGzKuf3sE4?t=1962,TRUE,,
弾き語り,弾き語り配信,2020/04/26,6,らいおんハート,SMAP,https://youtu.be/qjGzKuf3sE4?t=2180,TRUE,,
弾き語り,弾き語り配信,2020/04/26,7,シルシ,LiSA,https://youtu.be/qjGzKuf3sE4?t=2410,TRUE,,
弾き語り,弾き語り配信,2020/04/26,8,こいのうた,戸松遥,https://youtu.be/qjGzKuf3sE4?t=2900,TRUE,,
弾き語り,弾き語り配信,2020/04/26,9,恋愛サーキュレーション,花澤香菜,https://youtu.be/qjGzKuf3sE4?t=3030,TRUE,,
"音源協力, 演奏のみ",ギター音源協力,2020/04/30,1,チチをもげ！,パルコ・フォルゴレ(高橋広樹),https://www.youtube.com/live/e-JjJecRblU?si=q4ax7e4mR29BXqNS&t=1361,FALSE,メリッサ・キンレンカ,
弾き語り,弾き語り配信,2020/05/03,1,ミカヅキ,酸欠少女さユり,https://youtu.be/4LQJ7thFLrc?t=220,TRUE,,
弾き語り,弾き語り配信,2020/05/03,2,アゲハ蝶,ポルノグラフィティ,https://youtu.be/4LQJ7thFLrc?t=395,TRUE,,
弾き語り,弾き語り配信,2020/05/03,3,Legend of Marmaid,中田あすみ・寺門仁美・浅野まゆみ,https://youtu.be/4LQJ7thFLrc?t=870,TRUE,,
弾き語り,弾き語り配信,2020/05/03,4,太陽の楽園 ~Promised Land ~,神戸みゆき,https://youtu.be/4LQJ7thFLrc?t=1203,TRUE,,
弾き語り,弾き語り配信,2020/05/03,5,こころのたまご,Buono!,https://youtu.be/4LQJ7thFLrc?t=1353,TRUE,,
弾き語り,弾き語り配信,2020/05/03,6,Wishing,水瀬いのり,https://youtu.be/4LQJ7thFLrc?t=1520,TRUE,,
弾き語り,弾き語り配信,2020/05/03,7,ファンサ,mona,https://youtu.be/4LQJ7thFLrc?t=1863,TRUE,,
弾き語り,弾き語り配信,2020/05/03,8,SHAMLOCK,UVERworld,https://youtu.be/4LQJ7thFLrc?t=2445,TRUE,,
弾き語り,弾き語り配信,2020/05/03,9,変わらないもの,奥華子,https://youtu.be/4LQJ7thFLrc?t=2950,TRUE,,
弾き語り,弾き語り配信,2020/05/03,10,七色のコンパス,一ノ瀬トキヤ,https://youtu.be/4LQJ7thFLrc?t=3382,TRUE,,
弾き語り,弾き語り配信,2020/05/03,11,桃色片思い,松浦亜弥,https://youtu.be/4LQJ7thFLrc?t=3620,TRUE,,
弾き語り,弾き語り配信,2020/05/03,12,恋するフォーチュンクッキー,AKB48,https://youtu.be/4LQJ7thFLrc?t=3810,TRUE,,
弾き語り,弾き語り配信,2020/05/03,13,空色デイズ,中川翔子,https://youtu.be/4LQJ7thFLrc?t=4000,TRUE,,
弾き語り,弾き語り配信,2020/05/03,14,TSUNAMI,サザンオールスターズ,https://youtu.be/4LQJ7thFLrc?t=4313,TRUE,,
弾き語り,5万人記念弾き語り,2020/05/06,1,Rain,秦基博,https://youtu.be/4QjGOfeflGs?t=285,TRUE,,
弾き語り,5万人記念弾き語り,2020/05/06,2,きらきら武士,レキシ,https://youtu.be/4QjGOfeflGs?t=544,TRUE,,
弾き語り,5万人記念弾き語り,2020/05/06,3,Rolling star,YUI,https://youtu.be/4QjGOfeflGs?t=810,TRUE,,
弾き語り,5万人記念弾き語り,2020/05/06,4,スクランブル,SPYAIR,https://youtu.be/4QjGOfeflGs?t=1070,TRUE,,
弾き語り,5万人記念弾き語り,2020/05/06,5,生きてこそ,Kiroro,https://youtu.be/4QjGOfeflGs?t=1445,TRUE,,
弾き語り,5万人記念弾き語り,2020/05/06,6,君の知らない物語,Supercell,https://youtu.be/4QjGOfeflGs?t=2363,TRUE,,
弾き語り,5万人記念弾き語り,2020/05/06,7,フィクション,sumika,https://youtu.be/4QjGOfeflGs?t=2522,TRUE,,
弾き語り,5万人記念弾き語り,2020/05/06,8,亜麻色の髪の乙女,島谷ひとみ,https://youtu.be/4QjGOfeflGs?t=2643,TRUE,,
弾き語り,5万人記念弾き語り,2020/05/06,9,赤いやねの家,ー,https://youtu.be/4QjGOfeflGs?t=2985,TRUE,,
弾き語り,5万人記念弾き語り,2020/05/06,10,ニア,夏代孝明,https://youtu.be/4QjGOfeflGs?t=3220,TRUE,,
弾き語り,5万人記念弾き語り,2020/05/06,11,366日,HY,https://youtu.be/4QjGOfeflGs?t=3505,TRUE,,
弾き語り,5万人記念弾き語り,2020/05/06,12,涙そうそう,夏川りみ,https://youtu.be/4QjGOfeflGs?t=3915,TRUE,,
"弾き語り, コラボ",弾き語りコラボ配信,2020/05/08,1,お願いマッスル,紗倉ひびき(ファイルーズあい)＆街雄鳴造(石川界人),https://youtu.be/uuMhJBBZOU0?t=440,TRUE,レヴィ・エリファ,甲斐田晴
"コラボ, 演奏のみ",弾き語りコラボ配信,2020/05/08,2,ひまわりの約束,秦基博,https://www.youtube.com/live/uuMhJBBZOU0?si=1wSNFn5wawBR5bSC&t=938,FALSE,レヴィ・エリファ,甲斐田晴
"コラボ, 演奏のみ",弾き語りコラボ配信,2020/05/08,3,別の人の彼女になったよ,Wacci,https://www.youtube.com/live/uuMhJBBZOU0?si=zGVfPa9QE-za-Wu3&t=1450,FALSE,レヴィ・エリファ,甲斐田晴
"弾き語り, コラボ",弾き語りコラボ配信,2020/05/08,4,青いベンチ,サスケ,https://www.youtube.com/live/uuMhJBBZOU0?si=SxKCg71hoo1vfBNN&t=1989,TRUE,レヴィ・エリファ,甲斐田晴
"弾き語り, コラボ",弾き語りコラボ配信,2020/05/08,5,メリッサ,ポルノグラフィティ,https://youtu.be/uuMhJBBZOU0?t=2604,TRUE,レヴィ・エリファ,甲斐田晴
"コラボ, 演奏のみ",弾き語りコラボ配信,2020/05/08,6,ようこそジャパリパークへ,どうぶつビスケッツ×PPP,https://www.youtube.com/live/uuMhJBBZOU0?si=MMJzbk6PyFNfabkJ&t=3594,FALSE,レヴィ・エリファ,甲斐田晴
弾き語り,弾き語り配信,2020/05/11,1,星の唄,buzzG,https://youtu.be/qxU7b1mSwKE?t=318,TRUE,,
弾き語り,弾き語り配信,2020/05/11,2,夜もすがら君想う,TOKOTOKO(西沢さんP),https://youtu.be/qxU7b1mSwKE?t=680,TRUE,,
弾き語り,弾き語り配信,2020/05/11,3,恋空予報,電ポルP,https://youtu.be/qxU7b1mSwKE?t=1072,TRUE,,
弾き語り,弾き語り配信,2020/05/11,4,シャルル,バルーン,https://youtu.be/qxU7b1mSwKE?t=1466,TRUE,,
弾き語り,弾き語り配信,2020/05/11,5,からくりピエロ,40mP,https://youtu.be/qxU7b1mSwKE?t=1766,TRUE,,
弾き語り,弾き語り配信,2020/05/11,6,砂の惑星,ハチ,https://youtu.be/qxU7b1mSwKE?t=2697,TRUE,,
弾き語り,弾き語り配信,2020/05/11,7,GAJLOWS BELL,buzzG,https://youtu.be/qxU7b1mSwKE?t=2983,TRUE,,
弾き語り,弾き語り配信,2020/05/11,8,ワールド・ランプシェード,buzzG,https://youtu.be/qxU7b1mSwKE?t=3479,TRUE,,
弾き語り,弾き語り配信,2020/05/11,9,ヒバナ,DECO*27,https://youtu.be/qxU7b1mSwKE?t=3646,TRUE,,
弾き語り,弾き語り配信,2020/05/11,10,アヤノの幸福理論,じん,https://youtu.be/qxU7b1mSwKE?t=3804,TRUE,,
弾き語り,弾き語り配信,2020/05/11,11,想像フォレスト,じん,https://youtu.be/qxU7b1mSwKE?t=3994,TRUE,,
弾き語り,弾き語り配信,2020/05/11,12,如月アテンション,じん,https://youtu.be/qxU7b1mSwKE?t=4150,TRUE,,
弾き語り,弾き語り配信,2020/05/11,13,ハロハワユ,ナノウ,https://youtu.be/qxU7b1mSwKE?t=4282,TRUE,,
弾き語り,弾き語り配信,2020/05/11,14,心做し,蝶々P,https://youtu.be/qxU7b1mSwKE?t=4708,TRUE,,
弾き語り,弾き語り配信,2020/05/11,15,地球最後の告白を,kemu,https://youtu.be/qxU7b1mSwKE?t=5129,TRUE,,
弾き語り,弾き語り配信,2020/05/11,16,ピエロ,KEI,https://youtu.be/qxU7b1mSwKE?t=5290,TRUE,,
弾き語り,弾き語り配信,2020/05/12,1,プラネタリウム,大塚愛, https://youtu.be/by1ELpQq6LA?t=374,TRUE,,
弾き語り,弾き語り配信,2020/05/12,2,硝子の少年,KinKi Kids, https://youtu.be/by1ELpQq6LA?t=663,TRUE,,
弾き語り,弾き語り配信,2020/05/12,3,光るなら,Goosehouse, https://youtu.be/by1ELpQq6LA?t=1074,TRUE,,
弾き語り,弾き語り配信,2020/05/12,4,カワキヲアメク,美波, https://youtu.be/by1ELpQq6LA?t=1449,TRUE,,
弾き語り,弾き語り配信,2020/05/12,5,ここにしか咲かない花,コブクロ, https://youtu.be/by1ELpQq6LA?t=1677,TRUE,,
弾き語り,弾き語り配信,2020/05/12,6,CHANGE THE WORLD,V6, https://youtu.be/by1ELpQq6LA?t=2282,TRUE,,
弾き語り,弾き語り配信,2020/05/12,7,ひまわりの約束,秦基博, https://youtu.be/by1ELpQq6LA?t=2787,TRUE,,
弾き語り,弾き語り配信,2020/05/12,8,その未来へ,RIRIKO, https://youtu.be/by1ELpQq6LA?t=3296,TRUE,,
弾き語り,弾き語り配信,2020/05/12,9,カタオモイ,Aimer, https://youtu.be/by1ELpQq6LA?t=3624,TRUE,,
弾き語り,弾き語り配信,2020/05/12,10,星間飛行,中島愛, https://youtu.be/by1ELpQq6LA?t=3988,TRUE,,
弾き語り,弾き語り配信,2020/05/15,1,シャボン玉Days,Aqua Timez,https://youtu.be/rChRFr0_pDs?t=918,TRUE,,
弾き語り,弾き語り配信,2020/05/15,2,ハレ晴レユカイ,涼宮ハルヒ 長門有希 朝比奈みくる,https://youtu.be/rChRFr0_pDs?t=1266,TRUE,,
弾き語り,弾き語り配信,2020/05/15,3,Rainbow,ROUND TABLE feat.Nino,https://youtu.be/rChRFr0_pDs?t=2005,TRUE,,
弾き語り,弾き語り配信,2020/05/15,4,プラチナ,坂本真綾,https://youtu.be/rChRFr0_pDs?t=2339,TRUE,,
弾き語り,弾き語り配信,2020/05/15,5,BLAZE,キンヤ,https://youtu.be/rChRFr0_pDs?t=2494,TRUE,,
弾き語り,弾き語り配信,2020/05/15,6,Cagayake!GIRLS,放課後ティータイム,https://youtu.be/rChRFr0_pDs?t=2962,TRUE,,
弾き語り,弾き語り配信,2020/05/15,7,staple stable,斎藤千和,https://youtu.be/rChRFr0_pDs?t=3709,TRUE,,
弾き語り,弾き語り配信,2020/05/15,8,片翼のイカロス,榊原ゆい,https://youtu.be/rChRFr0_pDs?t=4197,TRUE,,
弾き語り,弾き語り配信,2020/05/15,9,経験値上昇中☆,みなみけ,https://youtu.be/rChRFr0_pDs?t=4526,TRUE,,
弾き語り,弾き語り配信,2020/05/15,10,可愛くなりたい,HoneyWorks,https://youtu.be/rChRFr0_pDs?t=3664,TRUE,,
弾き語り,弾き語り配信,2020/05/20,1,Butter-Fly,和田光司,https://youtu.be/6ug4MxhOLsE?t=367,TRUE,,
弾き語り,弾き語り配信,2020/05/20,2,ルパン三世のテーマ(口笛トランペット),大野雄二,https://youtu.be/6ug4MxhOLsE?t=742,TRUE,,
弾き語り,弾き語り配信,2020/05/20,3,ハナミズキ,一青窈,https://youtu.be/6ug4MxhOLsE?t=947,TRUE,,
弾き語り,弾き語り配信,2020/05/20,4,虹,Aqua Timez,https://youtu.be/6ug4MxhOLsE?t=1469,TRUE,,
弾き語り,弾き語り配信,2020/05/20,5,Let Me Be With You,ROUND TABLE,https://youtu.be/6ug4MxhOLsE?t=1995,TRUE,,
弾き語り,弾き語り配信,2020/05/20,6,キラメキ,wacci,https://youtu.be/6ug4MxhOLsE?t=2160,TRUE,,
弾き語り,弾き語り配信,2020/05/20,7,secret base〜君がくれたもの〜,ZONE,https://youtu.be/6ug4MxhOLsE?t=2597,TRUE,,
弾き語り,弾き語り配信,2020/05/20,8,アイのシナリオ,CHiCO with HoneyWorks,https://youtu.be/6ug4MxhOLsE?t=3147,TRUE,,
弾き語り,弾き語り配信,2020/05/20,9,プライド革命,"HoneyWorks feat.sana,CHICO",https://youtu.be/6ug4MxhOLsE?t=3590,TRUE,,
弾き語り,弾き語り配信,2020/05/20,10,シルエット,KANA-BOON,https://youtu.be/6ug4MxhOLsE?t=4048,TRUE,,
弾き語り,弾き語り配信,2020/05/20,11,紅蓮華,LiSA,https://youtu.be/6ug4MxhOLsE?t=4383,TRUE,,
弾き語り,弾き語り配信,2020/05/25,1,想像フォレスト,じん,https://youtu.be/Xw0kRcwqvC0?t=408,TRUE,,
弾き語り,弾き語り配信,2020/05/25,2,"rain stops, good-bye",におP,https://youtu.be/Xw0kRcwqvC0?t=820,TRUE,,
弾き語り,弾き語り配信,2020/05/25,3,エンヴィキャットウォーク,トーマ,https://youtu.be/Xw0kRcwqvC0?t=1245,TRUE,,
弾き語り,弾き語り配信,2020/05/25,4,少年と魔法のロボット,40mP,https://youtu.be/Xw0kRcwqvC0?t=1630,TRUE,,
弾き語り,弾き語り配信,2020/05/25,5,心拍数#0822,蝶々P,https://youtu.be/Xw0kRcwqvC0?t=2056,TRUE,,
弾き語り,弾き語り配信,2020/05/25,6,メランコリック,Junky,https://youtu.be/Xw0kRcwqvC0?t=2662,TRUE,,
弾き語り,弾き語り配信,2020/05/25,7,神のまにまに,れるりり,https://youtu.be/Xw0kRcwqvC0?t=3011,TRUE,,
弾き語り,弾き語り配信,2020/05/25,8,命に嫌われている。,カンザキイオリ,https://youtu.be/Xw0kRcwqvC0?t=3365,TRUE,,
弾き語り,弾き語り配信,2020/05/25,9,小夜子,みきとP,https://youtu.be/Xw0kRcwqvC0?t=3559,TRUE,,
弾き語り,弾き語り配信,2020/05/25,10,"Hello,Worker",KEI,https://youtu.be/Xw0kRcwqvC0?t=3885,TRUE,,
弾き語り,弾き語り配信,2020/05/28,1,WISH,嵐,https://youtu.be/lGgYrydEoYo?t=102,TRUE,,
弾き語り,弾き語り配信,2020/05/28,2,虹,二宮和也,https://youtu.be/lGgYrydEoYo?t=452,TRUE,,
弾き語り,弾き語り配信,2020/05/28,3,ボクノート,スキマスイッチ,https://youtu.be/lGgYrydEoYo?t=829,TRUE,,
弾き語り,弾き語り配信,2020/05/28,4,三日月,絢香,https://youtu.be/lGgYrydEoYo?t=1558,TRUE,,
弾き語り,弾き語り配信,2020/05/28,5,となりのトトロ,井上あずみ,https://youtu.be/lGgYrydEoYo?t=1935,TRUE,,
弾き語り,弾き語り配信,2020/05/28,6,いのちの名前,木村弓,https://youtu.be/lGgYrydEoYo?t=2224,TRUE,,
弾き語り,弾き語り配信,2020/05/28,7,ぼうやの夢よ,エミリア,https://youtu.be/lGgYrydEoYo?t=2792,TRUE,,
弾き語り,弾き語り配信,2020/05/28,8,MANKAI☆開花宣言,A3ders!,https://youtu.be/lGgYrydEoYo?t=3104,TRUE,,
弾き語り,弾き語り配信,2020/05/28,9,ホウキ雲,RYTHEM,https://youtu.be/lGgYrydEoYo?t=3618,TRUE,,
弾き語り,弾き語り配信,2020/05/28,10,ほうき星,ユンナ,https://youtu.be/lGgYrydEoYo?t=4000,TRUE,,
弾き語り,弾き語り配信,2020/05/28,11,きみにとどけ,タニザワトモフミ,https://youtu.be/lGgYrydEoYo?t=4734,TRUE,,
弾き語り,弾き語り配信,2020/05/28,12,ぼなぺてぃーと♡S,ブレンド・A,https://youtu.be/lGgYrydEoYo?t=5140,TRUE,,
弾き語り,弾き語り配信,2020/05/28,13,Pretender,official髭男dism,https://youtu.be/lGgYrydEoYo?t=5659,TRUE,,
弾き語り,弾き語り配信,2020/06/01,1,バラライカ,月島きらり,https://youtu.be/srvKq_OYCQU?t=304,TRUE,,
弾き語り,弾き語り配信,2020/06/01,2,恋☆カナ,月島きらりstarring久住小春,https://youtu.be/srvKq_OYCQU?t=575,TRUE,,
弾き語り,弾き語り配信,2020/06/01,3,Ghost of a smile,EGOIST,https://youtu.be/srvKq_OYCQU?t=1083,TRUE,,
弾き語り,弾き語り配信,2020/06/01,4,創聖のアクエリオン,AKINO,https://youtu.be/srvKq_OYCQU?t=1723,TRUE,,
弾き語り,弾き語り配信,2020/06/01,5,カルマ,BUMP OF CHICKEN,https://youtu.be/srvKq_OYCQU?t=2240,TRUE,,
弾き語り,弾き語り配信,2020/06/01,6,irony,ClariS,https://youtu.be/srvKq_OYCQU?t=2720,TRUE,,
弾き語り,弾き語り配信,2020/06/01,7,D-tecnoLife,UVERworld,https://youtu.be/srvKq_OYCQU?t=3220,TRUE,,
弾き語り,弾き語り配信,2020/06/01,8,君じゃなきゃダメみたい,オーイシマサヨシ,https://youtu.be/srvKq_OYCQU?t=3900,TRUE,,
弾き語り,弾き語り配信,2020/06/01,9,ヒカリ,樹海,https://youtu.be/srvKq_OYCQU?t=4440,TRUE,,
弾き語り,弾き語り配信,2020/06/01,10,フローリア,佐香智久,https://youtu.be/srvKq_OYCQU?t=4936,TRUE,,
弾き語り,弾き語り配信,2020/06/01,11,僕の流れ星,佐香智久,https://youtu.be/srvKq_OYCQU?t=5243,TRUE,,
弾き語り,弾き語り配信,2020/06/01,12,一滴の影響,UVERworld,https://youtu.be/srvKq_OYCQU?t=5613,TRUE,,
弾き語り,弾き語り配信,2020/06/01,13,小さきもの,林明日香,https://youtu.be/srvKq_OYCQU?t=6492,TRUE,,
弾き語り,弾き語り配信,2020/06/03,1,白金ディスコ,井口裕香,https://youtu.be/Lq_gsNfB4tE?t=372,TRUE,,
弾き語り,弾き語り配信,2020/06/03,2,Love so sweet,嵐,https://youtu.be/Lq_gsNfB4tE?t=750,TRUE,,
弾き語り,弾き語り配信,2020/06/03,3,瞳をとじて,平井堅,https://youtu.be/Lq_gsNfB4tE?t=1177,TRUE,,
弾き語り,弾き語り配信,2020/06/03,4,My Dearest,supercell,https://youtu.be/Lq_gsNfB4tE?t=1610,TRUE,,
弾き語り,弾き語り配信,2020/06/03,5,キミソラキセキ,EGOIST,https://youtu.be/Lq_gsNfB4tE?t=2287,TRUE,,
弾き語り,弾き語り配信,2020/06/03,6,Perfect Day,supercell,https://youtu.be/Lq_gsNfB4tE?t=2613,TRUE,,
弾き語り,弾き語り配信,2020/06/03,7,The Over,UVERworld,https://youtu.be/Lq_gsNfB4tE?t=3170,TRUE,,
弾き語り,弾き語り配信,2020/06/03,8,七色シンフォニー,コアラモード.,https://youtu.be/Lq_gsNfB4tE?t=4224,TRUE,,
弾き語り,弾き語り配信,2020/06/03,9,エガオノキミヘ,三森すずこ,https://youtu.be/Lq_gsNfB4tE?t=4659,TRUE,,
弾き語り,弾き語り配信,2020/06/03,10,変わらないもの,奥華子,https://youtu.be/Lq_gsNfB4tE?t=5132,TRUE,,
弾き語り,弾き語り配信,2020/06/06,1,RAINBOW GIRL,となさ,https://youtu.be/wLRRvU94akM?t=313,TRUE,,
弾き語り,弾き語り配信,2020/06/06,2,SPiCa,とくP,https://youtu.be/wLRRvU94akM?t=546,TRUE,,
弾き語り,弾き語り配信,2020/06/06,3,サマータイムレコード,じん,https://youtu.be/wLRRvU94akM?t=1042,TRUE,,
弾き語り,弾き語り配信,2020/06/06,4,Fire◎Flower,halyosy,https://youtu.be/wLRRvU94akM?t=1425,TRUE,,
弾き語り,弾き語り配信,2020/06/06,5,夏の終わり、恋の始まり,すこっぷ,https://youtu.be/wLRRvU94akM?t=1803,TRUE,,
弾き語り,弾き語り配信,2020/06/06,6,Booo!,TOKOTOKO(西沢さんＰ),https://youtu.be/wLRRvU94akM?t=2224,TRUE,,
弾き語り,弾き語り配信,2020/06/06,7,フタリボシ,40mP,https://youtu.be/wLRRvU94akM?t=2440,TRUE,,
弾き語り,弾き語り配信,2020/06/06,8,（即興メドレー）,,https://youtu.be/wLRRvU94akM?t=2905,TRUE,,
弾き語り,弾き語り配信,2020/06/06,9,幽霊東京,Ayase,https://youtu.be/wLRRvU94akM?t=4027,TRUE,,
弾き語り,弾き語り配信,2020/06/06,10,Just a game,takamatt,https://youtu.be/wLRRvU94akM?t=4304,TRUE,,
弾き語り,弾き語り配信,2020/06/06,11,敗北の少年,kemu,https://youtu.be/wLRRvU94akM?t=4840,TRUE,,
歌唱のみ,にじさんじのハッピーアワー!!,2020/06/09,1,YUME日和,島谷ひとみ,https://www.nicovideo.jp/watch/so37300790?from=2714,TRUE,,
歌唱のみ,にじさんじのハッピーアワー!!,2020/06/09,2,小さきもの,林明日香,https://www.nicovideo.jp/watch/so37300790?from=3624,TRUE,,
弾き語り,弾き語り配信,2020/06/10,1,しおり,Aquq Timez,https://youtu.be/qn_tXrRH0LU?t=305,TRUE,,
弾き語り,弾き語り配信,2020/06/10,2,シンフォニー,牧野由依,https://youtu.be/qn_tXrRH0LU?t=1348,TRUE,,
弾き語り,弾き語り配信,2020/06/10,3,火炎,女王蜂,https://youtu.be/qn_tXrRH0LU?t=1730,TRUE,,
弾き語り,弾き語り配信,2020/06/10,4,らしさ,SUPER BEAVER,https://youtu.be/qn_tXrRH0LU?t=2214,TRUE,,
弾き語り,弾き語り配信,2020/06/10,5,イマジネーション,SPYAIR,https://youtu.be/qn_tXrRH0LU?t=2801,TRUE,,
弾き語り,弾き語り配信,2020/06/10,6,God knows...,涼宮ハルヒ,https://youtu.be/qn_tXrRH0LU?t=3297,TRUE,,
弾き語り,弾き語り配信,2020/06/10,7,オトモダチフィルム,オーイシマサヨシ,https://youtu.be/qn_tXrRH0LU?t=4098,TRUE,,
弾き語り,弾き語り配信,2020/06/10,8,All Alone With You,EGOIST,https://youtu.be/qn_tXrRH0LU?t=4283,TRUE,,
弾き語り,弾き語り配信,2020/06/10,9,ユメセカイ,戸松遥,https://youtu.be/qn_tXrRH0LU?t=4624,TRUE,,
弾き語り,弾き語り配信,2020/06/10,10,エウテルペ,EGOIST,https://youtu.be/qn_tXrRH0LU?t=5208,TRUE,,
弾き語り,6・7万人記念弾き語り,2020/06/11,1,（即興メドレー）,,https://youtu.be/QenfuS3XzNE,TRUE,,
"弾き語り, コラボ",弾き語り配信,2020/06/14,1,君じゃなきゃダメみたい,オーイシマサヨシ,https://youtu.be/1uZsn_iutSw?t=94,TRUE,レヴィ・エリファ,甲斐田晴
"弾き語り, コラボ",弾き語り配信,2020/06/14,2,青いベンチ,サスケ,https://youtu.be/1uZsn_iutSw?t=479,TRUE,レヴィ・エリファ,甲斐田晴
"弾き語り, コラボ",弾き語り配信,2020/06/14,3,白日,King Gnu,https://youtu.be/1uZsn_iutSw?t=782,TRUE,レヴィ・エリファ,甲斐田晴
"コラボ, 演奏のみ",弾き語り配信,2020/06/14,4,英雄,doa,https://www.youtube.com/live/1uZsn_iutSw?si=PxOgQTs21hZ_liSp&t=1295,FALSE,レヴィ・エリファ,甲斐田晴
"弾き語り, コラボ",弾き語り配信,2020/06/14,5,CHANGE THE WORLD,V6,https://youtu.be/1uZsn_iutSw?t=1681,TRUE,レヴィ・エリファ,甲斐田晴
"弾き語り, コラボ",弾き語り配信,2020/06/14,6,Pretender,Official髭男Dism,https://youtu.be/1uZsn_iutSw?t=2068,TRUE,レヴィ・エリファ,甲斐田晴
"弾き語り, コラボ",弾き語り配信,2020/06/14,7,メリッサ,ポルノグラフィティ,https://youtu.be/1uZsn_iutSw?t=2954,TRUE,レヴィ・エリファ,甲斐田晴
"コラボ, 演奏のみ",弾き語り配信,2020/06/14,8,僕が死のうと思ったのは,中島美嘉,https://www.youtube.com/live/1uZsn_iutSw?si=Qs_cScpwyXT_PueH&t=3297,FALSE,レヴィ・エリファ,甲斐田晴
"コラボ, 演奏のみ",弾き語り配信,2020/06/14,9,火炎,女王蜂,https://www.youtube.com/live/1uZsn_iutSw?si=dft-BKuma4q490O5&t=3820,FALSE,レヴィ・エリファ,甲斐田晴
"弾き語り, コラボ",弾き語り配信,2020/06/14,10,チチをもげ！,パルコ・フォルゴレ(高橋広樹),https://youtu.be/1uZsn_iutSw?t=4532,TRUE,レヴィ・エリファ,甲斐田晴
"コラボ, 演奏のみ",弾き語り配信,2020/06/14,11,トイレの神様,植村花菜,https://www.youtube.com/live/1uZsn_iutSw?si=NM2znyoDku-M8PDB&t=4959,FALSE,レヴィ・エリファ,甲斐田晴
"弾き語り, コラボ",弾き語り配信,2020/06/14,12,光るなら,Goose house,https://youtu.be/1uZsn_iutSw?t=5221,TRUE,レヴィ・エリファ,甲斐田晴
"弾き語り, コラボ",弾き語り配信,2020/06/14,13,とびら開けて,神田沙也加、津田英佑,https://www.youtube.com/live/1uZsn_iutSw?si=0IOL-HqRFCRas3V3&t=5688,TRUE,レヴィ・エリファ,甲斐田晴
"コラボ, 演奏のみ",弾き語り配信,2020/06/14,14,君の知らない物語,supercell,https://www.youtube.com/live/1uZsn_iutSw?si=pk8u1k6tdbQSubKi&t=6139,FALSE,レヴィ・エリファ,甲斐田晴
"弾き語り, コラボ",弾き語り配信,2020/06/14,15,Butter-Fly,和田光司,https://youtu.be/1uZsn_iutSw?t=6729,TRUE,レヴィ・エリファ,甲斐田晴
弾き語り,弾き語り配信,2020/06/17,1,いつも何度でも,木村弓,https://youtu.be/mLxchYqT5zc?t=305,TRUE,,
弾き語り,弾き語り配信,2020/06/17,2,タイヨウのうた,Kaoru Amane,https://youtu.be/mLxchYqT5zc?t=660,TRUE,,
弾き語り,弾き語り配信,2020/06/17,3,雪の華,中島美嘉,https://youtu.be/mLxchYqT5zc?t=1019,TRUE,,
弾き語り,弾き語り配信,2020/06/17,4,粉雪,レミオロメン,https://youtu.be/mLxchYqT5zc?t=1535,TRUE,,
弾き語り,弾き語り配信,2020/06/17,5,涙そうそう,夏川りみ,https://youtu.be/mLxchYqT5zc?t=1963,TRUE,,
弾き語り,弾き語り配信,2020/06/17,6,少年時代,井上陽水,https://youtu.be/mLxchYqT5zc?t=2242,TRUE,,
弾き語り,弾き語り配信,2020/06/17,7,大きな古時計,平井堅,https://youtu.be/mLxchYqT5zc?t=2597,TRUE,,
弾き語り,弾き語り配信,2020/06/17,8,ポケットにファンタジー,さち＆じゅり,https://youtu.be/mLxchYqT5zc?t=3070,TRUE,,
弾き語り,弾き語り配信,2020/06/17,9,ひとりぼっちじゃない,coba&宮沢和史,https://youtu.be/mLxchYqT5zc?t=3288,TRUE,,
弾き語り,弾き語り配信,2020/06/17,10,うたかた花火,supercell,https://youtu.be/mLxchYqT5zc?t=3532,TRUE,,
弾き語り,弾き語り配信,2020/06/17,11,シルシ,LiSA,https://youtu.be/mLxchYqT5zc?t=3970,TRUE,,
弾き語り,弾き語り配信,2020/06/29,1,月光花,Janne Da Arc,https://youtu.be/mFcBjVVf8D4?t=1298,TRUE,,
弾き語り,弾き語り配信,2020/06/29,2,楽園都市,オーイシマサヨシ,https://youtu.be/mFcBjVVf8D4?t=1781,TRUE,,
弾き語り,弾き語り配信,2020/06/29,3,Snow halation,μ's,https://youtu.be/mFcBjVVf8D4?t=2131,TRUE,,
弾き語り,弾き語り配信,2020/06/29,4,ロメオ,LIP×LIP,https://youtu.be/mFcBjVVf8D4?t=2669,TRUE,,
弾き語り,弾き語り配信,2020/06/29,5,Cross Over,9nine,https://youtu.be/mFcBjVVf8D4?t=3039,TRUE,,
弾き語り,弾き語り配信,2020/06/29,6,カタオモイ,Aimer,https://youtu.be/mFcBjVVf8D4?t=3468,TRUE,,
弾き語り,弾き語り配信,2020/06/29,7,ファンサ,mona,https://youtu.be/mFcBjVVf8D4?t=3652,TRUE,,
弾き語り,弾き語り配信,2020/06/29,8,桜のあと,UNISON SQUARE GARDEN,https://youtu.be/mFcBjVVf8D4?t=4073,TRUE,,
弾き語り,弾き語り配信,2020/06/29,9,ガーネット,奥華子,https://youtu.be/mFcBjVVf8D4?t=4739,TRUE,,
弾き語り,弾き語り配信,2020/06/29,10,涙のキッス,サザンオールスターズ,https://youtu.be/mFcBjVVf8D4?t=5157,TRUE,,
弾き語り,弾き語り配信,2020/06/30,1,ワールドランプシェード,buzzG,https://youtu.be/MQtHvQNPr64?t=519,TRUE,,
弾き語り,弾き語り配信,2020/06/30,2,花に亡霊,ヨルシカ,https://youtu.be/MQtHvQNPr64?t=1074,TRUE,,
弾き語り,弾き語り配信,2020/06/30,3,だから僕は音楽をやめた,ヨルシカ,https://youtu.be/MQtHvQNPr64?t=1368,TRUE,,
弾き語り,弾き語り配信,2020/06/30,4,二息歩行,DECO*27,https://youtu.be/MQtHvQNPr64?t=1920,TRUE,,
弾き語り,弾き語り配信,2020/06/30,5,ヒバナ,DECO*27,https://youtu.be/MQtHvQNPr64?t=2154,TRUE,,
弾き語り,弾き語り配信,2020/06/30,6,君色に染まる,TOKOTOKO(西沢さんP),https://youtu.be/MQtHvQNPr64?t=2533,TRUE,,
弾き語り,弾き語り配信,2020/06/30,7,"One More Time,One More Chance",山崎まさよし,https://youtu.be/MQtHvQNPr64?t=3586,TRUE,,
弾き語り,弾き語り配信,2020/06/30,8,眠り姫,SEKAI NO OWARI,https://youtu.be/MQtHvQNPr64?t=3986,TRUE,,
弾き語り,弾き語り配信,2020/06/30,9,奏,スキマスイッチ,https://youtu.be/MQtHvQNPr64?t=4394,TRUE,,
弾き語り,弾き語り配信,2020/06/30,10,Just Be Friends,Dixie Flatline,https://youtu.be/MQtHvQNPr64?t=5074,TRUE,,
弾き語り,弾き語り配信,2020/06/30,11,ペダルハート,DECO*27,https://youtu.be/MQtHvQNPr64?t=5956,TRUE,,
弾き語り,弾き語り配信,2020/06/30,12,夢地図,40mP,https://youtu.be/MQtHvQNPr64?t=6743,TRUE,,
弾き語り,弾き語り配信,2020/06/30,13,U&I,放課後ティータイム,https://youtu.be/MQtHvQNPr64?t=7046,TRUE,,
弾き語り,弾き語り配信,2020/06/30,14,やらないか(バラライカ),いさじ,https://youtu.be/MQtHvQNPr64?t=7501,TRUE,,
弾き語り,弾き語り配信,2020/07/02,1,only my railgun,fripSide,https://youtu.be/lPtQqF3onf4?t=472,TRUE,,
弾き語り,弾き語り配信,2020/07/02,2,宿命,Official髭男dism,https://youtu.be/lPtQqF3onf4?t=895,TRUE,,
弾き語り,弾き語り配信,2020/07/02,3,Teenager Forever,King Gnu,https://youtu.be/lPtQqF3onf4?t=1261,TRUE,,
弾き語り,弾き語り配信,2020/07/02,4,COLORS,FIOW,https://youtu.be/lPtQqF3onf4?t=1465,TRUE,,
弾き語り,弾き語り配信,2020/07/02,5,Colors of the Heart,UVERworld,https://youtu.be/lPtQqF3onf4?t=1763,TRUE,,
弾き語り,弾き語り配信,2020/07/02,6,裏切りの夕焼け,THEATER BROOK,https://youtu.be/lPtQqF3onf4?t=2235,TRUE,,
弾き語り,弾き語り配信,2020/07/02,7,（即興メドレー）,,https://youtu.be/lPtQqF3onf4?t=2686,TRUE,,
弾き語り,弾き語り配信,2020/07/02,8,アムリタ,牧野由依,https://youtu.be/lPtQqF3onf4?t=4186,TRUE,,
弾き語り,弾き語り配信,2020/07/02,9,カサブタ,千綿ヒデノリ,https://youtu.be/lPtQqF3onf4?t=4580,TRUE,,
弾き語り,弾き語り配信,2020/07/02,10,The Biggest Dreamer,和田光司,https://youtu.be/lPtQqF3onf4?t=4835,TRUE,,
弾き語り,弾き語り配信,2020/07/02,11,そばかす,JUDY AND MARY,https://youtu.be/lPtQqF3onf4?t=5322,TRUE,,
弾き語り,弾き語り配信,2020/07/02,12,アドバンス・アドベンチャー,GARDEN,https://youtu.be/lPtQqF3onf4?t=5711,TRUE,,
弾き語り,弾き語り配信,2020/07/02,13,Together,あきよしふみえ,https://youtu.be/lPtQqF3onf4?t=6029,TRUE,,
弾き語り,弾き語り配信,2020/07/02,14,ポケットにファンタジー,さち&じゅり,https://youtu.be/lPtQqF3onf4?t=6306,TRUE,,
弾き語り,弾き語り配信,2020/07/02,15,夏夕空,中孝介,https://youtu.be/lPtQqF3onf4?t=7229,TRUE,,
弾き語り,弾き語り配信,2020/07/02,16,ウィーアー！,きただにひろし,https://youtu.be/lPtQqF3onf4?t=7772,TRUE,,
弾き語り,弾き語り配信,2020/07/02,17,真赤な誓い,福山芳樹,https://youtu.be/lPtQqF3onf4?t=8417,TRUE,,
弾き語り,弾き語り配信,2020/07/04,1,キューティーハニー,前川陽子,https://youtu.be/1RsodbFU7Fw?t=357,TRUE,,
弾き語り,弾き語り配信,2020/07/04,2,シリウス,藍井エイル,https://youtu.be/1RsodbFU7Fw?t=562,TRUE,,
弾き語り,弾き語り配信,2020/07/04,3,空色デイズ,中川翔子,https://youtu.be/1RsodbFU7Fw?t=980,TRUE,,
弾き語り,弾き語り配信,2020/07/04,4,あんなに一緒だったのに,See-Saw,https://youtu.be/1RsodbFU7Fw?t=1601,TRUE,,
弾き語り,弾き語り配信,2020/07/04,5,unravel,TK from 凛として時雨,https://youtu.be/1RsodbFU7Fw?t=2313,TRUE,,
弾き語り,弾き語り配信,2020/07/04,6,フリージア,Uru,https://youtu.be/1RsodbFU7Fw?t=2592,TRUE,,
弾き語り,弾き語り配信,2020/07/04,7,創傷イノセンス,内田真礼,https://youtu.be/1RsodbFU7Fw?t=2928,TRUE,,
弾き語り,弾き語り配信,2020/07/04,8,コネクト,ClariS,https://youtu.be/1RsodbFU7Fw?t=3518,TRUE,,
弾き語り,弾き語り配信,2020/07/04,9,oath sign,LiSA,https://youtu.be/1RsodbFU7Fw?t=3893,TRUE,,
弾き語り,弾き語り配信,2020/07/04,10,Catch the Moment,LiSA,https://youtu.be/1RsodbFU7Fw?t=4238,TRUE,,
弾き語り,弾き語り配信,2020/07/04,11,ずっと,佐香智久,https://youtu.be/1RsodbFU7Fw?t=4674,TRUE,,
弾き語り,弾き語り配信,2020/07/04,12,シュガーソングとビターステップ,UNISON SQUARE GARDEN,https://youtu.be/1RsodbFU7Fw?t=5377,TRUE,,
弾き語り,弾き語り配信,2020/07/04,13,Q&Aリサイタル,戸松遥,https://youtu.be/1RsodbFU7Fw?t=5806,TRUE,,
弾き語り,弾き語り配信,2020/07/04,14,境界の彼方,茅原実里,https://youtu.be/1RsodbFU7Fw?t=6140,TRUE,,
弾き語り,弾き語り配信,2020/07/04,15,小さきもの,林明日香,https://youtu.be/1RsodbFU7Fw?t=6504,TRUE,,
弾き語り,弾き語り配信,2020/07/07,1,君の知らない物語,supercell,https://youtu.be/eiJXPpW0cjY?t=428,TRUE,,
弾き語り,弾き語り配信,2020/07/07,2,ホシアイ,レフティモンスターP,https://youtu.be/eiJXPpW0cjY?t=874,TRUE,,
弾き語り,弾き語り配信,2020/07/07,3,ほうき星,ユンナ,https://youtu.be/eiJXPpW0cjY?t=1334,TRUE,,
弾き語り,弾き語り配信,2020/07/07,4,オリオンをなぞる,UNISON SQUARE GAREN,https://youtu.be/eiJXPpW0cjY?t=1620,TRUE,,
弾き語り,弾き語り配信,2020/07/07,5,プラネタリウム,大塚愛,https://youtu.be/eiJXPpW0cjY?t=2042,TRUE,,
弾き語り,弾き語り配信,2020/07/07,6,東京サマーセッション,HoneyWorks,https://youtu.be/eiJXPpW0cjY?t=2528,TRUE,,
弾き語り,弾き語り配信,2020/07/07,7,星屑のインターリュード,fhana,https://youtu.be/eiJXPpW0cjY?t=2948,TRUE,,
弾き語り,弾き語り配信,2020/07/07,8,天体観測,BUMP OF CHICKEN,https://youtu.be/eiJXPpW0cjY?t=3422,TRUE,,
弾き語り,弾き語り配信,2020/07/07,9,オツキミリサイタル,じん,https://youtu.be/eiJXPpW0cjY?t=3801,TRUE,,
弾き語り,弾き語り配信,2020/07/07,10,星が瞬くこんな夜に,supercell,https://youtu.be/eiJXPpW0cjY?t=4232,TRUE,,
弾き語り,弾き語り配信,2020/07/07,11,風になる,つじあやの,https://youtu.be/eiJXPpW0cjY?t=5505,TRUE,,
弾き語り,弾き語り配信,2020/07/07,12,決意の朝に,Aqua Timez,https://youtu.be/eiJXPpW0cjY?t=6206,TRUE,,
弾き語り,弾き語り配信,2020/07/09,1,世界は恋に落ちている,CHiCO with HoneyWorks,https://youtu.be/Udz-pfPN7GE?t=409,TRUE,,
弾き語り,弾き語り配信,2020/07/09,2,帰り道,八九寺真宵,https://youtu.be/Udz-pfPN7GE?t=824,TRUE,,
弾き語り,弾き語り配信,2020/07/09,3,staple stable,戦場ヶ原ひたぎ,https://youtu.be/Udz-pfPN7GE?t=1183,TRUE,,
弾き語り,弾き語り配信,2020/07/09,4,白金ディスコ,阿良々木月火,https://youtu.be/Udz-pfPN7GE?t=1981,TRUE,,
弾き語り,弾き語り配信,2020/07/09,5,深愛,水樹奈々,https://youtu.be/Udz-pfPN7GE?t=2826,TRUE,,
弾き語り,弾き語り配信,2020/07/09,6,PHANTOM MINDS,水樹奈々,https://youtu.be/Udz-pfPN7GE?t=3297,TRUE,,
弾き語り,弾き語り配信,2020/07/09,7,ETERNAL BLAZE,水樹奈々,https://youtu.be/Udz-pfPN7GE?t=3546,TRUE,,
弾き語り,弾き語り配信,2020/07/09,8,innocent starter,水樹奈々,https://youtu.be/Udz-pfPN7GE?t=3740,TRUE,,
弾き語り,弾き語り配信,2020/07/09,9,ピースサイン,米津玄師,https://youtu.be/Udz-pfPN7GE?t=3923,TRUE,,
弾き語り,弾き語り配信,2020/07/09,10,ハートリアライズ,Tia,https://youtu.be/Udz-pfPN7GE?t=4250,TRUE,,
弾き語り,弾き語り配信,2020/07/09,11,No More Time Machine,LiSA,https://youtu.be/Udz-pfPN7GE?t=4615,TRUE,,
弾き語り,弾き語り配信,2020/07/09,12,未来地図,ST☆RISH,https://youtu.be/Udz-pfPN7GE?t=5238,TRUE,,
弾き語り,弾き語り配信,2020/07/09,13,フラワー,KinKi Kids,https://youtu.be/Udz-pfPN7GE?t=5566,TRUE,,
弾き語り,弾き語り配信,2020/07/11,1,丸の内サディスティック,椎名林檎,https://youtu.be/CFLr0zU4exo?t=364,TRUE,,
弾き語り,弾き語り配信,2020/07/11,2,盲目の宇宙飛行士,yukkedoluce(黒髪ストロングP),https://youtu.be/CFLr0zU4exo?t=696,TRUE,,
弾き語り,弾き語り配信,2020/07/11,3,天ノ弱,164,https://youtu.be/CFLr0zU4exo?t=1202,TRUE,,
弾き語り,弾き語り配信,2020/07/11,4,恋愛裁判,40mP,https://youtu.be/CFLr0zU4exo?t=1519,TRUE,,
弾き語り,弾き語り配信,2020/07/11,5,夢灯籠,RADWIMPS,https://youtu.be/CFLr0zU4exo?t=1867,TRUE,,
弾き語り,弾き語り配信,2020/07/11,6,前前前世,RADWIMPS,https://youtu.be/CFLr0zU4exo?t=2026,TRUE,,
弾き語り,弾き語り配信,2020/07/11,7,なんでもないや,RADWIMPS,https://youtu.be/CFLr0zU4exo?t=2384,TRUE,,
弾き語り,弾き語り配信,2020/07/11,8,祝祭,RADWIMPS,https://youtu.be/CFLr0zU4exo?t=2778,TRUE,,
弾き語り,弾き語り配信,2020/07/11,9,グランドエスケープ,RADWIMPS,https://youtu.be/CFLr0zU4exo?t=2971,TRUE,,
弾き語り,弾き語り配信,2020/07/11,10,"One more time,One more chance",山崎まさよし,https://youtu.be/CFLr0zU4exo?t=3673,TRUE,,
弾き語り,弾き語り配信,2020/07/11,11,Hello Goodbye&Hello,熊木杏里,https://youtu.be/CFLr0zU4exo?t=4083,TRUE,,
弾き語り,弾き語り配信,2020/07/11,12,てあらいうがいの歌,名取さな、健屋花那,https://youtu.be/CFLr0zU4exo?t=4941,TRUE,,
弾き語り,弾き語り配信,2020/07/11,13,さなのおうた。,名取さな,https://youtu.be/CFLr0zU4exo?t=5353,TRUE,,
弾き語り,弾き語り配信,2020/07/11,14,愛言葉,DECO*27,https://youtu.be/CFLr0zU4exo?t=5815,TRUE,,
音源協力,音源提供・MIX,2020/07/12,1,milk boy,SILENT SIREN,https://x.com/FumiVirtual/status/1282214628831846401,FALSE,フミ,
音源協力,音源提供・MIX,2020/07/12,2,milk boy,SILENT SIREN,https://x.com/Sara_Hoshikawa/status/1282214690693672960,FALSE,星川サラ,
音源協力,音源提供,2020/07/12,3,milk boy,SILENT SIREN,https://x.com/Karuta_Yamagami/status/1282214635366539266,FALSE,山神カルタ,
"演奏のみ, コラボ",VΔLZ自宅オフコラボ,2020/07/12,4,God knows...,涼宮ハルヒ,https://youtu.be/jveTu2YvXIM?t=4415,FALSE,長尾景,甲斐田晴
"演奏のみ, コラボ",VΔLZ自宅オフコラボ,2020/07/12,5,Pretender,official髭男dism,https://youtu.be/jveTu2YvXIM?t=5068,FALSE,弦月藤士郎、長尾景,甲斐田晴
"コラボ, 演奏のみ",VΔLZ自宅オフコラボ,2020/07/12,6,青いベンチ,サスケ,https://youtu.be/jveTu2YvXIM?t=5635,FALSE,弦月藤士郎、長尾景,甲斐田晴
"弾き語り, コラボ",VΔLZ自宅オフコラボ,2020/07/12,7,Butter-Fly,和田光司,https://youtu.be/jveTu2YvXIM?t=6038,TRUE,弦月藤士郎、長尾景,甲斐田晴
"演奏のみ, コラボ",VΔLZ自宅オフコラボ,2020/07/12,8,火炎,女王蜂,https://youtu.be/jveTu2YvXIM?t=6503,FALSE,弦月藤士郎,甲斐田晴
"弾き語り, コラボ",VΔLZ自宅オフコラボ,2020/07/12,9,青春アミーゴ,修二と彰,https://youtu.be/jveTu2YvXIM?t=7086,TRUE,弦月藤士郎、長尾景,甲斐田晴
"演奏のみ, コラボ",VΔLZ自宅オフコラボ,2020/07/12,10,GO!!!,FLOW,https://youtu.be/jveTu2YvXIM?t=7539,FALSE,弦月藤士郎、長尾景,甲斐田晴
"弾き語り, コラボ",VΔLZオフ歌枠,2020/07/12,11,勇気100%,光GENGI,https://youtu.be/5UJcAmXxKG8?t=41,TRUE,弦月藤士郎、長尾景,甲斐田晴、弦月藤士郎
"演奏のみ, コラボ",VΔLZオフ歌枠,2020/07/12,12,群青日和,東京事変,https://youtu.be/5UJcAmXxKG8?t=659,FALSE,長尾景,甲斐田晴、弦月藤士郎
"弾き語り, コラボ",VΔLZオフ歌枠,2020/07/12,13,プライド革命,"HoneyWorks feat.sana,CHICO",https://youtu.be/5UJcAmXxKG8?t=1110,TRUE,弦月藤士郎,甲斐田晴、弦月藤士郎、長尾景
"コラボ, 演奏のみ",VΔLZオフ歌枠,2020/07/12,14,カタオモイ,Aimer,https://youtu.be/5UJcAmXxKG8?t=1525,FALSE,弦月藤士郎,甲斐田晴
"弾き語り, コラボ",VΔLZオフ歌枠,2020/07/12,15,secret base〜君がくれたもの〜,ZONE,https://youtu.be/5UJcAmXxKG8?t=1946,TRUE,弦月藤士郎、長尾景,甲斐田晴、弦月藤士郎
"コラボ, 歌唱のみ",VΔLZオフ歌枠,2020/07/12,16,地球最後の告白を,kemu,https://youtu.be/5UJcAmXxKG8?t=2419,TRUE,,弦月藤士郎
"弾き語り, コラボ",VΔLZオフ歌枠,2020/07/12,17,カサブタ,千綿ヒデノリ,https://youtu.be/5UJcAmXxKG8?t=2875,TRUE,長尾景,甲斐田晴
"コラボ, 演奏のみ",VΔLZオフ歌枠,2020/07/12,18,歌うたいのバラッド,斎藤和義,https://youtu.be/5UJcAmXxKG8?t=3221,FALSE,弦月藤士郎、長尾景,甲斐田晴、弦月藤士郎
"コラボ, 演奏のみ",VΔLZオフ歌枠,2020/07/12,19,いいんですか,RADWIMPS,https://youtu.be/5UJcAmXxKG8?t=3855,FALSE,長尾景,甲斐田晴、弦月藤士郎
"歌唱のみ, コラボ",VΔLZオフ歌枠,2020/07/12,20,スパークル,RADWIMPS,https://youtu.be/5UJcAmXxKG8?t=4218,TRUE,,弦月藤士郎
"弾き語り, コラボ",VΔLZオフ歌枠,2020/07/12,21,ハレ晴レユカイ,涼宮ハルヒ 長門有希 朝比奈みくる,https://youtu.be/5UJcAmXxKG8?t=5105,TRUE,弦月藤士郎、長尾景,甲斐田晴、弦月藤士郎
"弾き語り, コラボ",VΔLZオフ歌枠,2020/07/12,22,WINDING ROAD,絢香×コブクロ,https://youtu.be/5UJcAmXxKG8?t=5672,TRUE,弦月藤士郎、長尾景,甲斐田晴
"弾き語り, コラボ",VΔLZオフ歌枠,2020/07/12,23,硝子の少年,KinKi Kids,https://youtu.be/5UJcAmXxKG8?t=6078,TRUE,弦月藤士郎,甲斐田晴、弦月藤士郎、長尾景
"弾き語り, コラボ",VΔLZオフ歌枠,2020/07/12,24,世界に一つだけの花,SMAP,https://youtu.be/5UJcAmXxKG8?t=6441,TRUE,弦月藤士郎、長尾景,甲斐田晴、弦月藤士郎
"演奏のみ, コラボ",VΔLZオフ歌枠,2020/07/12,25,花の名,BUMP OF CHICKEN,https://youtu.be/5UJcAmXxKG8?t=7023,FALSE,長尾景,甲斐田晴
"弾き語り, コラボ",VΔLZオフ歌枠,2020/07/12,26,君の知らない物語,supercell,https://youtu.be/5UJcAmXxKG8?t=7420,TRUE,弦月藤士郎、長尾景,甲斐田晴、弦月藤士郎
"歌唱のみ, コラボ",VΔLZオフ歌枠,2020/07/12,27,天使にふれたよ！,放課後ティータイム,https://youtu.be/5UJcAmXxKG8?t=7960,TRUE,弦月藤士郎、長尾景,弦月藤士郎
弾き語り,弾き語り配信,2020/07/14,1,葛飾ラプソディー,堂島孝平,https://youtu.be/h3kAee-lr-Y?t=1145,TRUE,,
弾き語り,弾き語り配信,2020/07/14,2,花,ORANGERANGE,https://youtu.be/h3kAee-lr-Y?t=1422,TRUE,,
弾き語り,弾き語り配信,2020/07/14,3,ラヴ・パレード,ORANGERANGE,https://youtu.be/h3kAee-lr-Y?t=2045,TRUE,,
弾き語り,弾き語り配信,2020/07/14,4,お願いセニョリータ,ORANGERANGE,https://youtu.be/h3kAee-lr-Y?t=2205,TRUE,,
弾き語り,弾き語り配信,2020/07/14,5,抱いてセニョリータ,山下智久,https://youtu.be/h3kAee-lr-Y?t=2547,TRUE,,
弾き語り,弾き語り配信,2020/07/14,6,ビロードの闇,KinKi Kids,https://youtu.be/h3kAee-lr-Y?t=3481,TRUE,,
弾き語り,弾き語り配信,2020/07/14,7,Real Face,KAT-TUN,https://youtu.be/h3kAee-lr-Y?t=3860,TRUE,,
弾き語り,弾き語り配信,2020/07/14,8,僕のキモチ,WaT,https://youtu.be/h3kAee-lr-Y?t=4147,TRUE,,
弾き語り,弾き語り配信,2020/07/14,9,5センチ。,WaT,https://youtu.be/h3kAee-lr-Y?t=4285,TRUE,,
弾き語り,弾き語り配信,2020/07/14,10,My Generation,YUI,https://youtu.be/h3kAee-lr-Y?t=4528,TRUE,,
弾き語り,弾き語り配信,2020/07/14,11,newsong,Tacica,https://youtu.be/h3kAee-lr-Y?t=4986,TRUE,,
弾き語り,弾き語り配信,2020/07/14,12,明日への扉,I WiSH,https://youtu.be/h3kAee-lr-Y?t=5236,TRUE,,
弾き語り,50周金壺耐久,2020/07/16,1,やらないか(バラライカ),いさじ,https://youtu.be/QYyVjILHInU?t=20475,TRUE,,
弾き語り,弾き語り配信,2020/07/21,1,I am,hitomi,https://youtu.be/vrx3Q_GPsog?t=191,TRUE,,
弾き語り,弾き語り配信,2020/07/21,2,願い星,Snow*,https://youtu.be/vrx3Q_GPsog?t=921,TRUE,,
弾き語り,弾き語り配信,2020/07/21,3,First kiss,ICHIKO,https://youtu.be/vrx3Q_GPsog?t=1211,TRUE,,
弾き語り,弾き語り配信,2020/07/21,4,夏祭り,Whiteberry,https://youtu.be/vrx3Q_GPsog?t=1415,TRUE,,
弾き語り,弾き語り配信,2020/07/21,5,Crosswalk,鈴木みのり,https://youtu.be/vrx3Q_GPsog?t=1927,TRUE,,
弾き語り,弾き語り配信,2020/07/21,6,恋! ハレイション THE WAR,ワルキューレ,https://youtu.be/vrx3Q_GPsog?t=2415,TRUE,,
弾き語り,弾き語り配信,2020/07/21,7,GIRAFFE BLUES,ワルキューレ,https://youtu.be/vrx3Q_GPsog?t=2676,TRUE,,
弾き語り,弾き語り配信,2020/07/21,8,ダイアモンド クレバス,May'n,https://youtu.be/vrx3Q_GPsog?t=3829,TRUE,,
弾き語り,弾き語り配信,2020/07/21,9,はじまりの日,みなを,https://youtu.be/vrx3Q_GPsog?t=4056,TRUE,,
弾き語り,弾き語り配信,2020/07/21,10,白夜～True Light～,宮本駿一,https://youtu.be/vrx3Q_GPsog?t=4451,TRUE,,
弾き語り,弾き語り配信,2020/07/21,11,瞳をとじて,平井堅,https://youtu.be/vrx3Q_GPsog?t=5371,TRUE,,
弾き語り,弾き語り配信,2020/07/23,1,高嶺の花子さん,backnumber,https://youtu.be/NxuPTvbTJ04?t=2753,TRUE,,
弾き語り,弾き語り配信,2020/07/23,2,瞬き,backnumber,https://youtu.be/NxuPTvbTJ04?t=3120,TRUE,,
弾き語り,弾き語り配信,2020/07/23,3,Precious,伊藤由奈,https://youtu.be/NxuPTvbTJ04?t=3836,TRUE,,
弾き語り,弾き語り配信,2020/07/23,4,別の人の彼女になったよ,wacci,https://youtu.be/NxuPTvbTJ04?t=4398,TRUE,,
弾き語り,弾き語り配信,2020/07/23,5,恋,星野源,https://youtu.be/NxuPTvbTJ04?t=4792,TRUE,,
弾き語り,弾き語り配信,2020/07/23,6,島唄,THE BOOM,https://youtu.be/NxuPTvbTJ04?t=5357,TRUE,,
"コラボ, 演奏のみ, アコギ以外",長尾誕生日VΔLZオフ歌枠,2020/07/24,1,光,宇多田ヒカル,https://youtu.be/1h_GzdgyOOA?t=300,FALSE,長尾景,甲斐田晴、弦月藤士郎
"コラボ, 弾き語り",長尾誕生日VΔLZオフ歌枠,2020/07/24,2,Answer,FLOW,https://youtu.be/1h_GzdgyOOA?t=859,TRUE,長尾景,甲斐田晴、弦月藤士郎
"コラボ, 演奏のみ",長尾誕生日VΔLZオフ歌枠,2020/07/24,3,Hey Jude,ビートルズ,https://youtu.be/1h_GzdgyOOA?t=1429,FALSE,長尾景,甲斐田晴
"コラボ, 演奏のみ",長尾誕生日VΔLZオフ歌枠,2020/07/24,4,サムライハート,SPYAIR,https://youtu.be/1h_GzdgyOOA?t=1993,FALSE,長尾景,甲斐田晴、弦月藤士郎
"コラボ, 演奏のみ",長尾誕生日VΔLZオフ歌枠,2020/07/24,5,バクチ・ダンサー,DOES,https://youtu.be/1h_GzdgyOOA?t=2313,FALSE,長尾景,甲斐田晴、弦月藤士郎
"コラボ, 演奏のみ",長尾誕生日VΔLZオフ歌枠,2020/07/24,6,ひとりぼっちじゃない,coba&宮沢和史,https://youtu.be/1h_GzdgyOOA?t=2753,FALSE,長尾景,甲斐田晴、弦月藤士郎
"コラボ, 演奏のみ",長尾誕生日VΔLZオフ歌枠,2020/07/24,7,愛のかたまり,KinKi Kids,https://youtu.be/1h_GzdgyOOA?t=3912,FALSE,長尾景,甲斐田晴
"コラボ, 演奏のみ",長尾誕生日VΔLZオフ歌枠,2020/07/24,8,サイレントマジョリティー,欅坂46,https://youtu.be/1h_GzdgyOOA?t=4642,FALSE,長尾景,甲斐田晴、弦月藤士郎
"コラボ, 演奏のみ",長尾誕生日VΔLZオフ歌枠,2020/07/24,9,God knows...,涼宮ハルヒ,https://youtu.be/1h_GzdgyOOA?t=4930,FALSE,長尾景,甲斐田晴、弦月藤士郎
弾き語り,弾き語り配信,2020/07/25,1,GO MY WAY!!,天海春香(中村繪里子),https://youtu.be/wKG_yHwsCQk?t=259,TRUE,,
弾き語り,弾き語り配信,2020/07/25,2,エヴリデイドリーム,佐久間まゆ(牧野由依),https://youtu.be/wKG_yHwsCQk?t=650,TRUE,,
弾き語り,弾き語り配信,2020/07/25,3,キラメキラリ,高槻やよい(仁後真耶子),https://youtu.be/wKG_yHwsCQk?t=829,TRUE,,
弾き語り,弾き語り配信,2020/07/25,4,空,音無小鳥(滝田樹里),https://youtu.be/wKG_yHwsCQk?t=1061,TRUE,,
弾き語り,弾き語り配信,2020/07/25,5,READY!!,765PRO ALLSTARS,https://youtu.be/wKG_yHwsCQk?t=1615,TRUE,,
弾き語り,弾き語り配信,2020/07/25,6,恋色エナジー,中野有香(下地紫野),https://youtu.be/wKG_yHwsCQk?t=2162,TRUE,,
弾き語り,弾き語り配信,2020/07/25,7,アイドル活動!,わか・ふうり・すなお from STAR☆ANIS,https://youtu.be/wKG_yHwsCQk?t=3118,TRUE,,
弾き語り,弾き語り配信,2020/07/25,8,シュガーソングとビターステップ,UNISON SQUARE GARADEN,https://youtu.be/wKG_yHwsCQk?t=3981,TRUE,,
弾き語り,弾き語り配信,2020/07/25,9,マジLOVE1000%,STA☆RISH,https://youtu.be/wKG_yHwsCQk?t=4377,TRUE,,
弾き語り,弾き語り配信,2020/07/25,10,MANKAI☆開花宣言,A3ders!,https://youtu.be/wKG_yHwsCQk?t=4510,TRUE,,
弾き語り,弾き語り配信,2020/07/25,11,言わないけどね。,大原ゆい子,https://youtu.be/wKG_yHwsCQk?t=4882,TRUE,,
弾き語り,弾き語り配信,2020/07/25,12,女の子になりたい,まふまふ,https://youtu.be/wKG_yHwsCQk?t=5120,TRUE,,
弾き語り,弾き語り配信,2020/07/25,13,香水,瑛人,https://youtu.be/wKG_yHwsCQk?t=5285,TRUE,,
弾き語り,弾き語り配信,2020/07/25,14,さよならメモリーズ,supercell,https://youtu.be/wKG_yHwsCQk?t=6465,TRUE,,
弾き語り,弾き語り配信,2020/07/25,15,しわ,buzzG,https://youtu.be/wKG_yHwsCQk?t=6945,TRUE,,
弾き語り,弾き語り配信,2020/07/25,16,S(mile)ING,島村卯月(大橋彩香),https://youtu.be/wKG_yHwsCQk?t=7452,TRUE,,
弾き語り,弾き語り配信,2020/08/01,1,千の夜をこえて,Aqua Timez,https://youtu.be/rItn1KOz5Fs?t=284,TRUE,,
弾き語り,弾き語り配信,2020/08/01,2,花に亡霊,ヨルシカ,https://youtu.be/rItn1KOz5Fs?t=893,TRUE,,
弾き語り,弾き語り配信,2020/08/01,3,小さきもの,林明日香,https://youtu.be/rItn1KOz5Fs?t=1283,TRUE,,
弾き語り,弾き語り配信,2020/08/01,4,耳の聞こえなくなった恋人とそのうたうたい,大石昌良,https://youtu.be/rItn1KOz5Fs?t=1802,TRUE,,
弾き語り,弾き語り配信,2020/08/01,5,カブトムシ,Aiko,https://youtu.be/rItn1KOz5Fs?t=2239,TRUE,,
弾き語り,弾き語り配信,2020/08/01,6,生きてこそ,Kiroro,https://youtu.be/rItn1KOz5Fs?t=2832,TRUE,,
弾き語り,弾き語り配信,2020/08/01,7,ENDLESS STORY,REIRA starring YUNA ITO,https://youtu.be/rItn1KOz5Fs?t=3187,TRUE,,
弾き語り,弾き語り配信,2020/08/01,8,真夏の果実,サザンオールスターズ,https://youtu.be/rItn1KOz5Fs?t=4044,TRUE,,
弾き語り,弾き語り配信,2020/08/01,9,Pretender,Official髭男dism,https://youtu.be/rItn1KOz5Fs?t=5401,TRUE,,
弾き語り,弾き語り配信,2020/08/01,10,完熟ソクラテス,甲斐田晴 feat.リスナー,https://youtu.be/rItn1KOz5Fs?t=5969,TRUE,,
"コラボ, 弾き語り",VΔLZオフ歌枠,2020/08/02,1,ウィーアー!,きただにひろし,https://youtu.be/7md7v9hG61o?t=73,TRUE,弦月藤士郎、長尾景,甲斐田晴、弦月藤士郎
"コラボ, 弾き語り",VΔLZオフ歌枠,2020/08/02,2,夏祭り,Whiteberry,https://youtu.be/7md7v9hG61o?t=543,TRUE,弦月藤士郎、長尾景,甲斐田晴、弦月藤士郎
"コラボ, 演奏のみ",VΔLZオフ歌枠,2020/08/02,3,ヒーロー,supercell,https://youtu.be/7md7v9hG61o?t=1242,FALSE,弦月藤士郎,甲斐田晴、長尾景
"コラボ, 演奏のみ",VΔLZオフ歌枠,2020/08/02,4,キューティーハニー,前川陽子,https://youtu.be/7md7v9hG61o?t=1824,FALSE,長尾景,甲斐田晴、弦月藤士郎
"コラボ, 弾き語り",VΔLZオフ歌枠,2020/08/02,5,決意の朝に,Aqua Timez,https://youtu.be/7md7v9hG61o?t=2292,TRUE,,甲斐田晴、弦月藤士郎、長尾景
"コラボ, 弾き語り",VΔLZオフ歌枠,2020/08/02,6,アドバンス・アドベンチャー,GARDEN,https://youtu.be/7md7v9hG61o?t=2964,TRUE,弦月藤士郎、長尾景,甲斐田晴、弦月藤士郎
"コラボ, 演奏のみ",VΔLZオフ歌枠,2020/08/02,7,修羅,DOES,https://youtu.be/7md7v9hG61o?t=3508,FALSE,長尾景,甲斐田晴、弦月藤士郎
"コラボ, 演奏のみ",VΔLZオフ歌枠,2020/08/02,8,ボクノート,スキマスイッチ,https://youtu.be/7md7v9hG61o?t=4150,FALSE,弦月藤士郎,甲斐田晴、弦月藤士郎
"コラボ, 弾き語り",VΔLZオフ歌枠,2020/08/02,9,TRAIN-TRAIN,THE BLUE HEARTS,https://youtu.be/7md7v9hG61o?t=5323,TRUE,弦月藤士郎、長尾景,甲斐田晴、弦月藤士郎
"コラボ, 歌唱のみ",VΔLZオフ歌枠,2020/08/02,10,My Dearest,supercell,https://youtu.be/7md7v9hG61o?t=5827,TRUE,,弦月藤士郎
"コラボ, 演奏のみ",VΔLZオフ歌枠,2020/08/02,11,完全感覚Dreamer,ONE OK LOCK,https://youtu.be/7md7v9hG61o?t=6364,FALSE,長尾景,甲斐田晴、弦月藤士郎
"コラボ, 歌唱のみ",VΔLZオフ歌枠,2020/08/02,12,シルシ,LiSA,https://youtu.be/7md7v9hG61o?t=6715,TRUE,,弦月藤士郎
"コラボ, 弾き語り",VΔLZオフ歌枠,2020/08/02,13,完熟ソクラテス,甲斐田晴 feat.リスナー,https://youtu.be/7md7v9hG61o?t=7140,TRUE,弦月藤士郎,甲斐田晴、弦月藤士郎、長尾景
"コラボ, 弾き語り",VΔLZオフ歌枠,2020/08/02,14,天体観測,BUMP OF CHICKEN,https://youtu.be/7md7v9hG61o?t=7469,TRUE,弦月藤士郎、長尾景,甲斐田晴、弦月藤士郎
"コラボ, 弾き語り",VΔLZオフ歌枠,2020/08/02,15,ピースサイン,米津玄師,https://youtu.be/7md7v9hG61o?t=8013,TRUE,弦月藤士郎、長尾景,甲斐田晴、弦月藤士郎
弾き語り,弾き語り配信,2020/08/04,1,フィクション,sumika,https://youtu.be/EuOTNjRpRtA?t=380,TRUE,,
弾き語り,弾き語り配信,2020/08/04,2,かくしん的☆めたもるふぉ～ぜっ！,土間うまる(田中あいみ),https://youtu.be/EuOTNjRpRtA?t=850,TRUE,,
弾き語り,弾き語り配信,2020/08/04,3,Lost my music,涼宮ハルヒ(平野綾),https://youtu.be/EuOTNjRpRtA?t=1159,TRUE,,
弾き語り,弾き語り配信,2020/08/04,4,青空のナミダ,高橋瞳,https://youtu.be/EuOTNjRpRtA?t=1608,TRUE,,
弾き語り,弾き語り配信,2020/08/04,5,僕たちの行方,高橋瞳,https://youtu.be/EuOTNjRpRtA?t=2053,TRUE,,
弾き語り,弾き語り配信,2020/08/04,6,ユキトキ,やなぎなぎ,https://youtu.be/EuOTNjRpRtA?t=2240,TRUE,,
弾き語り,弾き語り配信,2020/08/04,7,ゴールデンタイムラバー,スキマスイッチ,https://youtu.be/EuOTNjRpRtA?t=2582,TRUE,,
弾き語り,弾き語り配信,2020/08/04,8,レイメイ,さユり×MY FIRST STORY,https://youtu.be/EuOTNjRpRtA?t=2882,TRUE,,
弾き語り,弾き語り配信,2020/08/04,9,Catch the Moment,LiSA,https://youtu.be/EuOTNjRpRtA?t=3709,TRUE,,
弾き語り,弾き語り配信,2020/08/04,10,檄！帝国華撃団,真宮寺さくら(横山智佐)＆帝国歌劇団,https://youtu.be/EuOTNjRpRtA?t=4160,TRUE,,
弾き語り,弾き語り配信,2020/08/04,11,コンプレックス・イマージュ,彩音,https://youtu.be/EuOTNjRpRtA?t=4555,TRUE,,
弾き語り,弾き語り配信,2020/08/04,12,ガチャガチャきゅ～と・ふぃぎゅ＠メイト,MOSAIC.WAV,https://youtu.be/EuOTNjRpRtA?t=5019,TRUE,,
弾き語り,弾き語り配信,2020/08/04,13,撲殺天使ドクロちゃん,ドクロちゃん(千葉紗子),https://youtu.be/EuOTNjRpRtA?t=5397,TRUE,,
弾き語り,弾き語り配信,2020/08/04,14,寝・逃・げでリセット！,柊つかさ(福原香織),https://youtu.be/EuOTNjRpRtA?t=5561,TRUE,,
弾き語り,弾き語り配信,2020/08/04,15,ふわふわ時間,放課後ティータイム,https://youtu.be/EuOTNjRpRtA?t=5987,TRUE,,
"弾き語り, メン限",メン限（弾き語り）,2020/08/11,1,（メン限）,,https://youtu.be/htV9nDgYNNk,TRUE,,
弾き語り,弾き語り配信,2020/08/15,1,First Love,宇多田ヒカル,https://youtu.be/lSHLgUYISbs?t=378,TRUE,,
弾き語り,弾き語り配信,2020/08/15,2,悲しみをやさしさに,little by little,https://youtu.be/lSHLgUYISbs?t=736,TRUE,,
弾き語り,弾き語り配信,2020/08/15,3,Little Wish ～lyrical step～,田村ゆかり,https://youtu.be/lSHLgUYISbs?t=988,TRUE,,
弾き語り,弾き語り配信,2020/08/15,4,瞬き,back number,https://youtu.be/lSHLgUYISbs?t=1362,TRUE,,
弾き語り,弾き語り配信,2020/08/15,5,THE OVER,UVERworld,https://youtu.be/lSHLgUYISbs?t=1785,TRUE,,
弾き語り,弾き語り配信,2020/08/15,6,ここにしか咲かない花,コブクロ,https://youtu.be/lSHLgUYISbs?t=2479,TRUE,,
弾き語り,弾き語り配信,2020/08/15,7,Stay Alive,エミリア(高橋李依),https://youtu.be/lSHLgUYISbs?t=2954,TRUE,,
弾き語り,弾き語り配信,2020/08/15,8,ぼうやの夢よ,エミリア(高橋李依),https://youtu.be/lSHLgUYISbs?t=3303,TRUE,,
弾き語り,弾き語り配信,2020/08/15,9,ナガレボシ,ROUND TABLE feat.Nino,https://youtu.be/lSHLgUYISbs?t=3596,TRUE,,
弾き語り,弾き語り配信,2020/08/15,10,恋,奥華子,https://youtu.be/lSHLgUYISbs?t=4023,TRUE,,
弾き語り,弾き語り配信,2020/08/15,11,小さな掌,Aqua Timez,https://youtu.be/lSHLgUYISbs?t=4630,TRUE,,
弾き語り,弾き語り配信,2020/08/15,12,Ghost of a smile,EGOIST,https://youtu.be/lSHLgUYISbs?t=5036,TRUE,,
"演奏のみ, アコギ以外",エレキ・ベース練習,2020/08/22,1,（練習）,,https://www.youtube.com/live/wnfaGY8KY-Q?si=-6_Xuyk1ngZeaHe6,FALSE,,
弾き語り,弾き語り配信,2020/08/22,2,"夏色えがおで1,2,Jump!",μ's,https://youtu.be/ucukIt91Nxw?t=338,TRUE,,
弾き語り,弾き語り配信,2020/08/22,3,ヒャダインのカカカタ☆カタオモイ-C,ヒャダイン,https://youtu.be/ucukIt91Nxw?t=741,TRUE,,
弾き語り,弾き語り配信,2020/08/22,4,secret base～君がくれたもの～,ZONE,https://youtu.be/ucukIt91Nxw?t=840,TRUE,,
弾き語り,弾き語り配信,2020/08/22,5,ガーネット,奥華子,https://youtu.be/ucukIt91Nxw?t=1624,TRUE,,
弾き語り,弾き語り配信,2020/08/22,6,イマジネーション,SPYAIR,https://youtu.be/ucukIt91Nxw?t=2018,TRUE,,
弾き語り,弾き語り配信,2020/08/22,7,少年時代,井上陽水,https://youtu.be/ucukIt91Nxw?t=2322,TRUE,,
弾き語り,弾き語り配信,2020/08/22,8,ハナミズキ,一青窈,https://youtu.be/ucukIt91Nxw?t=2954,TRUE,,
弾き語り,弾き語り配信,2020/08/22,9,さくらんぼ,大塚愛,https://youtu.be/ucukIt91Nxw?t=3386,TRUE,,
弾き語り,弾き語り配信,2020/08/22,10,紅蓮華,LiSA,https://youtu.be/ucukIt91Nxw?t=3732,TRUE,,
弾き語り,弾き語り配信,2020/08/22,11,天使にふれたよ！,放課後ティータイム,https://youtu.be/ucukIt91Nxw?t=4091,TRUE,,
"演奏のみ, アコギ以外",バイオリン練習,2020/08/31,1,（練習）,,https://www.youtube.com/live/BWTGEK35BIc?si=Ja804qJijk0tsDCe,FALSE,,
弾き語り,ARK配信,2020/08/31,2,COSMOS,ミマス,https://youtu.be/_XlYa4NN8qU?t=4580,TRUE,,
弾き語り,弾き語り配信,2020/09/01,1,サマータイムレコード,じん,https://youtu.be/T4Ag23Xrei8?t=2102,TRUE,,
弾き語り,弾き語り配信,2020/09/01,2,キセキ,GreeeeN,https://youtu.be/T4Ag23Xrei8?t=2696,TRUE,,
歌唱のみ,8万人記念歌枠,2020/09/07,1,完全感覚Dreamer,ONE OK ROCK,https://youtu.be/yd3Tt8T8nNA?t=108,TRUE,,
歌唱のみ,8万人記念歌枠,2020/09/07,2,Real Face,KAT-TUN,https://youtu.be/yd3Tt8T8nNA?t=487,TRUE,,
歌唱のみ,8万人記念歌枠,2020/09/07,3,メリッサ,ポルノグラフィティ,https://youtu.be/yd3Tt8T8nNA?t=806,TRUE,,
歌唱のみ,8万人記念歌枠,2020/09/07,4,残酷な天使のテーゼ,高橋洋子,https://youtu.be/yd3Tt8T8nNA?t=1298,TRUE,,
歌唱のみ,8万人記念歌枠,2020/09/07,5,プライド革命,CHiCO wirh HoneyWorks,https://youtu.be/yd3Tt8T8nNA?t=1550,TRUE,,
歌唱のみ,8万人記念歌枠,2020/09/07,6,Love so sweet,嵐,https://youtu.be/yd3Tt8T8nNA?t=2031,TRUE,,
歌唱のみ,8万人記念歌枠,2020/09/07,7,First Love,宇多田ヒカル,https://youtu.be/yd3Tt8T8nNA?t=2447,TRUE,,
歌唱のみ,8万人記念歌枠,2020/09/07,8,瞳をとじて,平井堅,https://youtu.be/yd3Tt8T8nNA?t=2835,TRUE,,
歌唱のみ,8万人記念歌枠,2020/09/07,9,God knows…,涼宮ハルヒ(平野綾),https://youtu.be/yd3Tt8T8nNA?t=3284,TRUE,,
歌唱のみ,8万人記念歌枠,2020/09/07,10,Butter-Fly,和田光司,https://youtu.be/yd3Tt8T8nNA?t=3575,TRUE,,
歌唱のみ,8万人記念歌枠,2020/09/07,11,風になる,つじあやの,https://youtu.be/yd3Tt8T8nNA?t=4006,TRUE,,
歌唱のみ,8万人記念歌枠,2020/09/07,12,ハナミズキ,一青窈,https://youtu.be/yd3Tt8T8nNA?t=4309,TRUE,,
歌唱のみ,8万人記念歌枠,2020/09/07,13,星間飛行,ランカ・リー(中島愛),https://youtu.be/yd3Tt8T8nNA?t=4756,TRUE,,
歌唱のみ,8万人記念歌枠,2020/09/07,14,シュガーソングとビターステップ,UNISON SQUARE GARDEN,https://youtu.be/yd3Tt8T8nNA?t=5140,TRUE,,
歌唱のみ,8万人記念歌枠,2020/09/07,15,君の知らない物語,supercell,https://youtu.be/yd3Tt8T8nNA?t=5631,TRUE,,
"コラボ, 演奏のみ",弦月にバイオリンを弾かせる配信,2020/09/14,1,（練習）,,https://youtu.be/aOTerpxgJek,FALSE,,甲斐田晴、弦月藤士郎
"コラボ, 演奏のみ",弦月にバイオリンを弾かせる配信,2020/09/14,2,(即興ボカロメドレー),,https://youtu.be/aOTerpxgJek,FALSE,弦月藤士郎,甲斐田晴
弾き語り,ツイキャス弾き語り,2020/09/16,1,花に亡霊,ヨルシカ,https://twitcasting.tv/kaida_haru/movie/640973065,TRUE,,
弾き語り,ツイキャス弾き語り,2020/09/16,2,小夜子,みきとP,https://twitcasting.tv/kaida_haru/movie/640973065,TRUE,,
弾き語り,ツイキャス弾き語り,2020/09/16,3,幽霊東京,Ayase,https://twitcasting.tv/kaida_haru/movie/640973065,TRUE,,
弾き語り,ツイキャス弾き語り,2020/09/16,4,夜に駆ける,YOASOBI,https://twitcasting.tv/kaida_haru/movie/640973065,TRUE,,
弾き語り,ツイキャス弾き語り,2020/09/16,5,マリーゴールド,あいみょん,https://twitcasting.tv/kaida_haru/movie/640973065,TRUE,,
弾き語り,ツイキャス弾き語り,2020/09/16,6,パンダヒーロー,ハチ,https://twitcasting.tv/kaida_haru/movie/640973065,TRUE,,
弾き語り,ツイキャス弾き語り,2020/09/16,7,十面相,YM,https://twitcasting.tv/kaida_haru/movie/640973065,TRUE,,
弾き語り,ツイキャス弾き語り,2020/09/16,8,STEP TO YOU,40mP,https://twitcasting.tv/kaida_haru/movie/640973065,TRUE,,
弾き語り,ツイキャス弾き語り,2020/09/16,9,フタリボシ,40mP,https://twitcasting.tv/kaida_haru/movie/640973065,TRUE,,
弾き語り,ツイキャス弾き語り,2020/09/16,10,スパークル,RADWIMPS,https://twitcasting.tv/kaida_haru/movie/640973065,TRUE,,
弾き語り,ツイキャス弾き語り,2020/09/16,11,READY STEADY GO,rlL'Arc~en~Ciel,https://twitcasting.tv/kaida_haru/movie/640973065,TRUE,,
弾き語り,ツイキャス弾き語り,2020/09/16,12,チューリングラブ,ナナヲアカリ,https://twitcasting.tv/kaida_haru/movie/640973065,TRUE,,
弾き語り,ツイキャス弾き語り,2020/09/16,13,RAIN,SEKAI NO OWARI,https://twitcasting.tv/kaida_haru/movie/640973065,TRUE,,
歌唱のみ,オケ制作・収録・MIX配信,2020/09/20,1,オリオンをなぞる,UNISON SQUARE GARDEN,https://youtu.be/jzElKoJ96Dg,TRUE,,
弾き語り,弾き語り配信,2020/09/26,1,カサブタ,千綿ヒデノリ,https://youtu.be/CIHYiJPmaZQ?t=251,TRUE,,
弾き語り,弾き語り配信,2020/09/26,2,366日,HY,https://youtu.be/CIHYiJPmaZQ?t=538,TRUE,,
弾き語り,弾き語り配信,2020/09/26,3,気まぐれロマンティック,いきものがかり,https://youtu.be/CIHYiJPmaZQ?t=991,TRUE,,
弾き語り,弾き語り配信,2020/09/26,4,Departures～あなたにおくるアイの歌～,EGOIST,https://youtu.be/CIHYiJPmaZQ?t=1553,TRUE,,
弾き語り,弾き語り配信,2020/09/26,5,Brave Shine,Aimer,https://youtu.be/CIHYiJPmaZQ?t=1935,TRUE,,
弾き語り,弾き語り配信,2020/09/26,6,月光花,Janne Da Arc,https://youtu.be/CIHYiJPmaZQ?t=2473,TRUE,,
弾き語り,弾き語り配信,2020/09/26,7,ALONES,Aqua Timez,https://youtu.be/CIHYiJPmaZQ?t=3411,TRUE,,
弾き語り,弾き語り配信,2020/09/26,8,青と夏,Mrs.GREEN APPLE,https://youtu.be/CIHYiJPmaZQ?t=3801,TRUE,,
弾き語り,弾き語り配信,2020/09/26,9,ファンファーレ,sumika,https://youtu.be/CIHYiJPmaZQ?t=4316,TRUE,,
弾き語り,弾き語り配信,2020/09/26,10,シルエット,KANA-BOON,https://youtu.be/CIHYiJPmaZQ?t=4572,TRUE,,
弾き語り,弾き語り配信,2020/09/26,11,Sincerely,TRUE,https://youtu.be/CIHYiJPmaZQ?t=5274,TRUE,,
歌唱のみ,にじメン歌リレー,2020/09/27,1,一滴の影響,UVERworld,https://youtu.be/8d0AXAoSXcM?t=56,TRUE,,
歌唱のみ,にじメン歌リレー,2020/09/27,2,限界突破×サバイバー,氷川きよし,https://youtu.be/8d0AXAoSXcM?t=373,TRUE,,
"歌唱のみ, 非公開",にじメン歌リレー,2020/09/27,3,リリリリ★バーニングナイト,samfree,,TRUE,,
歌唱のみ,にじメン歌リレー,2020/09/27,4,海色,AKINA from bless4,https://youtu.be/8d0AXAoSXcM?t=750,TRUE,,
歌唱のみ,にじメン歌リレー,2020/09/27,5,紅蓮華,LiSA,https://youtu.be/8d0AXAoSXcM?t=1021,TRUE,,
歌唱のみ,にじメン歌リレー,2020/09/27,6,イマジネーション,SPYAIR,https://youtu.be/8d0AXAoSXcM?t=1345,TRUE,,
弾き語り,弾き語り配信,2020/09/30,1,ガーネット,奥華子,https://youtu.be/X94JvvdQqOc?t=347,TRUE,,
弾き語り,弾き語り配信,2020/09/30,2,らいおんハート,SMAP,https://youtu.be/X94JvvdQqOc?t=770,TRUE,,
弾き語り,弾き語り配信,2020/09/30,3,インフェルノ,Mrs.GREEN APPLE,https://youtu.be/X94JvvdQqOc?t=1068,TRUE,,
弾き語り,弾き語り配信,2020/09/30,4,アムリタ,牧野由依,https://youtu.be/X94JvvdQqOc?t=1249,TRUE,,
弾き語り,弾き語り配信,2020/09/30,5,ひまわりの約束,秦基博,https://youtu.be/X94JvvdQqOc?t=2879,TRUE,,
弾き語り,弾き語り配信,2020/09/30,6,Rain,秦基博,https://youtu.be/X94JvvdQqOc?t=2162,TRUE,,
弾き語り,弾き語り配信,2020/09/30,7,虹,二宮和也,https://youtu.be/X94JvvdQqOc?t=2454,TRUE,,
弾き語り,弾き語り配信,2020/09/30,8,風が吹く街,ラックライフ,https://youtu.be/X94JvvdQqOc?t=2909,TRUE,,
弾き語り,弾き語り配信,2020/09/30,9,サニーデイ,ラックライフ,https://youtu.be/X94JvvdQqOc?t=3459,TRUE,,
弾き語り,弾き語り配信,2020/09/30,10,金曜日のおはよう,HoneyWorks,https://youtu.be/X94JvvdQqOc?t=4051,TRUE,,
弾き語り,弾き語り配信,2020/10/01,1,君じゃなきゃダメみたい,オーイシマサヨシ,https://youtu.be/UO8X3bhDvGs?t=259,TRUE,,
弾き語り,弾き語り配信,2020/10/01,2,ヒトリゴト,ClariS,https://youtu.be/UO8X3bhDvGs?t=770,TRUE,,
弾き語り,弾き語り配信,2020/10/01,3,ブルーバード,いきものがかり,https://youtu.be/UO8X3bhDvGs?t=1345,TRUE,,
弾き語り,弾き語り配信,2020/10/01,4,カタオモイ,Aimer,https://youtu.be/UO8X3bhDvGs?t=1847,TRUE,,
弾き語り,弾き語り配信,2020/10/01,5,Pretender,Official髭男dism,https://youtu.be/UO8X3bhDvGs?t=2151,TRUE,,
弾き語り,弾き語り配信,2020/10/01,6,オトモダチフィルム,オーイシマサヨシ,https://youtu.be/UO8X3bhDvGs?t=2681,TRUE,,
弾き語り,弾き語り配信,2020/10/01,7,"No,Thank You!",放課後ティータイム,https://youtu.be/UO8X3bhDvGs?t=3173,TRUE,,
弾き語り,弾き語り配信,2020/10/01,8,（即興メドレー）,,https://youtu.be/UO8X3bhDvGs?t=3813,TRUE,,
弾き語り,ツイキャス弾き語り,2020/10/05,1,道しるべ,夏川りみ,https://twitcasting.tv/kaida_haru/movie/644335292,TRUE,,
弾き語り,ツイキャス弾き語り,2020/10/05,2,I LOVE…,Official髭男dism,https://twitcasting.tv/kaida_haru/movie/644335292,TRUE,,
弾き語り,ツイキャス弾き語り,2020/10/05,3,ニア,夏代孝明,https://twitcasting.tv/kaida_haru/movie/644335292,TRUE,,
弾き語り,ツイキャス弾き語り,2020/10/05,4,いつも何度でも,木村弓,https://twitcasting.tv/kaida_haru/movie/644335292,TRUE,,
弾き語り,ツイキャス弾き語り,2020/10/05,5,"rain stops, good-bye",におP,https://twitcasting.tv/kaida_haru/movie/644335292,TRUE,,
弾き語り,ツイキャス弾き語り,2020/10/05,6,想像フォレスト,じん,https://twitcasting.tv/kaida_haru/movie/644335292,TRUE,,
弾き語り,ツイキャス弾き語り,2020/10/05,7,GALLOWS BELL,buzzG,https://twitcasting.tv/kaida_haru/movie/644335292,TRUE,,
弾き語り,ツイキャス弾き語り,2020/10/05,8,夢地図,40mP,https://twitcasting.tv/kaida_haru/movie/644335292,TRUE,,
弾き語り,ツイキャス弾き語り,2020/10/05,9,Wishing,水瀬いのり,https://twitcasting.tv/kaida_haru/movie/644335292,TRUE,,
弾き語り,ツイキャス弾き語り,2020/10/05,10,スパークル,RADWIMPS,https://twitcasting.tv/kaida_haru/movie/644335292,TRUE,,
弾き語り,弾き語り配信,2020/10/10,1,虹,Aqua Timez,https://youtu.be/2RfwdPYNfUE?t=354,TRUE,,
弾き語り,弾き語り配信,2020/10/10,2,Hello Goodbye＆Hello,熊田杏里,https://youtu.be/2RfwdPYNfUE?t=753,TRUE,,
弾き語り,弾き語り配信,2020/10/10,3,エガオノキミヘ,三森すずこ,https://youtu.be/2RfwdPYNfUE?t=1140,TRUE,,
弾き語り,弾き語り配信,2020/10/10,4,風になる,つじあやの,https://youtu.be/2RfwdPYNfUE?t=1397,TRUE,,
弾き語り,弾き語り配信,2020/10/10,5,Good-bye days,YUI,https://youtu.be/2RfwdPYNfUE?t=1750,TRUE,,
弾き語り,弾き語り配信,2020/10/10,6,GLAMOROUS SKY,中島美嘉,https://youtu.be/2RfwdPYNfUE?t=2068,TRUE,,
弾き語り,弾き語り配信,2020/10/10,7,シルシ,LiSA,https://youtu.be/2RfwdPYNfUE?t=2528,TRUE,,
弾き語り,弾き語り配信,2020/10/10,8,糸,中島みゆき,https://youtu.be/2RfwdPYNfUE?t=2977,TRUE,,
弾き語り,弾き語り配信,2020/10/10,9,サウダージ,ポルノグラフィティ,https://youtu.be/2RfwdPYNfUE?t=3237,TRUE,,
弾き語り,弾き語り配信,2020/10/10,10,瞬き,back number,https://youtu.be/2RfwdPYNfUE?t=3489,TRUE,,
弾き語り,弾き語り配信,2020/10/10,11,真夏の果実,サザンオールスターズ,https://youtu.be/2RfwdPYNfUE?t=3869,TRUE,,
コラボ,VΔLZオフ歌枠,2020/10/18,,シュガーソングとビターステップ,UNISON SQUARE GARDEN,https://youtu.be/c8d3W9nnWfc?t=43,,,
コラボ,,,,ロストマン,BUMP OF CHICKEN,https://youtu.be/c8d3W9nnWfc?t=483,,,
コラボ,VΔLZオフ歌枠,2020/10/18,,☆トゥインクル,Junky,https://youtu.be/c8d3W9nnWfc?t=961,,,
コラボ,VΔLZオフ歌枠,2020/10/18,,☆君の名は。メドレー,RADWIMPS,https://youtu.be/c8d3W9nnWfc?t=1266,,,
コラボ,VΔLZオフ歌枠,2020/10/18,,しわ,buzzG,https://youtu.be/c8d3W9nnWfc?t=2809,,,
コラボ,,,,only my railgun,fripSide,https://youtu.be/c8d3W9nnWfc?t=3810,,,
コラボ,,,,夜に駆ける,YOASOBI,https://youtu.be/c8d3W9nnWfc?t=4136,,,
コラボ,VΔLZオフ歌枠,2020/10/18,,☆ここにしか咲かない花,コブクロ,https://youtu.be/c8d3W9nnWfc?t=5238,,,
コラボ,,,,ラフ・メイカー,BUMP OF CHICKEN,https://youtu.be/c8d3W9nnWfc?t=5713,,,
コラボ,VΔLZオフ歌枠,2020/10/18,,インフェルノ,Mrs.GREEN APPLE,https://youtu.be/c8d3W9nnWfc?t=6230,,,
コラボ,VΔLZオフ歌枠,2020/10/18,,葛飾ラプソディー,堂島孝平,https://youtu.be/c8d3W9nnWfc?t=6596,,,
コラボ,VΔLZオフ歌枠,2020/10/18,,千本桜,黒うさP,https://youtu.be/c8d3W9nnWfc?t=7131,,,
弾き語り,弾き語り配信,2020/10/20,1,カブトムシ,aiko,https://youtu.be/4RbXLOyP7gE?t=602,TRUE,,
弾き語り,弾き語り配信,2020/10/20,2,雪の華,中島美嘉,https://youtu.be/4RbXLOyP7gE?t=961,TRUE,,
弾き語り,弾き語り配信,2020/10/20,3,粉雪,レミオロメン,https://youtu.be/4RbXLOyP7gE?t=1526,TRUE,,
弾き語り,弾き語り配信,2020/10/20,4,星の唄,buzzG,https://youtu.be/4RbXLOyP7gE?t=2062,TRUE,,
弾き語り,弾き語り配信,2020/10/20,5,心做し,蝶々P,https://youtu.be/4RbXLOyP7gE?t=2814,TRUE,,
弾き語り,弾き語り配信,2020/10/20,6,さくら,森山直太朗,https://youtu.be/4RbXLOyP7gE?t=3461,TRUE,,
弾き語り,弾き語り配信,2020/10/20,7,Best Friend,Kiroro,https://youtu.be/4RbXLOyP7gE?t=3833,TRUE,,
弾き語り,弾き語り配信,2020/10/20,8,香水,瑛人,https://youtu.be/4RbXLOyP7gE?t=3962,TRUE,,
弾き語り,弾き語り配信,2020/10/20,9,アンパンマンのマーチ,島本須美,https://youtu.be/4RbXLOyP7gE?t=4585,TRUE,,
弾き語り,弾き語り配信,2020/10/20,10,モノクロのキス,シド,https://youtu.be/4RbXLOyP7gE?t=4952,TRUE,,
弾き語り,弾き語り配信,2020/10/20,11,夜もすがら君想う,TOKOTOKO(西沢さんP),https://youtu.be/4RbXLOyP7gE?t=5357,TRUE,,
弾き語り,誕生日記念弾き語りメドレー,2020/10/25,1,（125曲即興メドレー）,,https://www.youtube.com/watch?v=qVLfS_5eIGc,TRUE,,
音源協力,MIX協力,2020/10/27,1,moreきゅん奴隷,戦慄かなの,https://x.com/Sara_Hoshikawa/status/1321102817491210244,FALSE,星川サラ,
弾き語り,弾き語り配信,2020/10/28,1,幽霊東京,Ayase,https://youtu.be/kpujT2ZTfQg?t=429,TRUE,,
弾き語り,弾き語り配信,2020/10/28,2,エンヴィキャットウォーク,トーマ,https://youtu.be/kpujT2ZTfQg?t=730,TRUE,,
弾き語り,弾き語り配信,2020/10/28,3,猫,DISH//,https://youtu.be/kpujT2ZTfQg?t=1078,TRUE,,
弾き語り,弾き語り配信,2020/10/28,4,打上花火,DAOKO×米津玄師,https://youtu.be/kpujT2ZTfQg?t=1873,TRUE,,
弾き語り,弾き語り配信,2020/10/28,5,115万キロのフィルム,Official髭男dism,https://youtu.be/kpujT2ZTfQg?t=2296,TRUE,,
弾き語り,弾き語り配信,2020/10/28,6,君に届け,flumpool,https://youtu.be/kpujT2ZTfQg?t=2419,TRUE,,
弾き語り,弾き語り配信,2020/10/28,7,CHANGE THE WORLD,V6,https://youtu.be/kpujT2ZTfQg?t=2888,TRUE,,
弾き語り,弾き語り配信,2020/10/28,8,丸の内サディスティック,椎名林檎,https://youtu.be/kpujT2ZTfQg?t=3389,TRUE,,
弾き語り,弾き語り配信,2020/10/28,9,プライド革命,"HoneyWorks feat.sana,CHICO",https://youtu.be/kpujT2ZTfQg?t=3895,TRUE,,
弾き語り,弾き語り配信,2020/10/28,10,Virtual to LIVE,にじさんじ,https://youtu.be/kpujT2ZTfQg?t=4723,TRUE,,
弾き語り,弾き語り配信,2020/10/28,11,3月9日,レミオロメン,https://youtu.be/kpujT2ZTfQg?t=4954,TRUE,,
弾き語り,弾き語り配信,2020/10/28,12,from Y to Y,ジミーサムP,https://youtu.be/kpujT2ZTfQg?t=5226,TRUE,,
"コラボ, 弾き語り",『猫』を覚えるまで帰れません,2020/10/28,13,猫,DISH//,https://youtu.be/APPduqO2qGA,TRUE,三枝明那,甲斐田晴
弾き語り,弾き語り配信,2020/11/01,1,115万キロのフィルム,Official髭男dism,https://youtu.be/kug9WX8IfqI?t=265,TRUE,,
弾き語り,弾き語り配信,2020/11/01,2,そばかす,JUDY AND MARY,https://youtu.be/kug9WX8IfqI?t=761,TRUE,,
弾き語り,弾き語り配信,2020/11/01,3,くちづけDiamond,WEAVER,https://youtu.be/kug9WX8IfqI?t=1136,TRUE,,
弾き語り,弾き語り配信,2020/11/01,4,グランドエスケープ,RADWIMPS,https://youtu.be/kug9WX8IfqI?t=1530,TRUE,,
弾き語り,弾き語り配信,2020/11/01,5,夢灯籠,RADWIMPS,https://youtu.be/kug9WX8IfqI?t=1745,TRUE,,
弾き語り,弾き語り配信,2020/11/01,6,名前のない怪物,EGOIST,https://youtu.be/kug9WX8IfqI?t=1997,TRUE,,
弾き語り,弾き語り配信,2020/11/01,7,WHITE ALBUM,森川由綺(平野綾),https://youtu.be/kug9WX8IfqI?t=2304,TRUE,,
弾き語り,弾き語り配信,2020/11/01,8,君のままで,azusa,https://youtu.be/kug9WX8IfqI?t=2682,TRUE,,
弾き語り,弾き語り配信,2020/11/01,9,清廉なるHeretics,毛蟹 feat.DracoVirgo,https://youtu.be/kug9WX8IfqI?t=3109,TRUE,,
弾き語り,弾き語り配信,2020/11/01,10,乙女解剖,DECO*27,https://youtu.be/kug9WX8IfqI?t=3767,TRUE,,
弾き語り,弾き語り配信,2020/11/01,11,白日,King Gnu,https://youtu.be/kug9WX8IfqI?t=3966,TRUE,,
弾き語り,弾き語り配信,2020/11/01,12,ギミー！レボリューション,内田真礼,https://youtu.be/kug9WX8IfqI?t=4589,TRUE,,
弾き語り,弾き語り配信,2020/11/01,13,愛のうた,ストロベリー・フラワー,https://youtu.be/kug9WX8IfqI?t=4854,TRUE,,
弾き語り,弾き語り配信,2020/11/01,14,ワールド・ランプシェード,buzzG,https://youtu.be/kug9WX8IfqI?t=5393,TRUE,,
弾き語り,弾き語り配信,2020/11/01,15,耳の聞こえなくなった恋人とそのうたうたい,大石昌良,https://youtu.be/kug9WX8IfqI?t=5769,TRUE,,
弾き語り,弾き語り配信,2020/11/01,16,Perfect Day,supercell,https://youtu.be/kug9WX8IfqI?t=6239,TRUE,,
弾き語り,弾き語り配信,2020/11/01,17,さよならのかわりに,レフティーモンスターP,https://youtu.be/kug9WX8IfqI?t=6698,TRUE,,
弾き語り,弾き語り配信,2020/11/05,1,青と夏,Mrs.GREEN APPLE,https://youtu.be/0gcSFNEgpoA?t=270,TRUE,,
弾き語り,弾き語り配信,2020/11/05,2,ガーネット,奥華子,https://youtu.be/0gcSFNEgpoA?t=683,TRUE,,
弾き語り,弾き語り配信,2020/11/05,3,別の人の彼女になったよ,wacci,https://youtu.be/0gcSFNEgpoA?t=1077,TRUE,,
弾き語り,弾き語り配信,2020/11/05,4,RAIN,SEKAI NO OWARI,https://youtu.be/0gcSFNEgpoA?t=1452,TRUE,,
弾き語り,弾き語り配信,2020/11/05,5,ETERNAL BLAZE,水樹奈々,https://youtu.be/0gcSFNEgpoA?t=2002,TRUE,,
弾き語り,弾き語り配信,2020/11/05,6,星が瞬くこんな夜に,Supercell,https://youtu.be/0gcSFNEgpoA?t=2207,TRUE,,
弾き語り,弾き語り配信,2020/11/05,7,カワキヲアメク,美波,https://youtu.be/0gcSFNEgpoA?t=2692,TRUE,,
弾き語り,弾き語り配信,2020/11/05,8,しおり,Aqua Timez,https://youtu.be/0gcSFNEgpoA?t=2821,TRUE,,
弾き語り,弾き語り配信,2020/11/05,9,儚くも永久のカナシ,UVERworld,https://youtu.be/0gcSFNEgpoA?t=3457,TRUE,,
弾き語り,弾き語り配信,2020/11/05,10,いのちの名前,木村弓,https://youtu.be/0gcSFNEgpoA?t=3861,TRUE,,
弾き語り,弾き語り配信,2020/11/05,11,世界は恋に落ちている,CHiCO with HoneyWorks,https://youtu.be/0gcSFNEgpoA?t=4141,TRUE,,
弾き語り,弾き語り配信,2020/11/05,12,プラチナ,坂本真綾,https://youtu.be/0gcSFNEgpoA?t=5389,TRUE,,
弾き語り,弾き語り配信,2020/11/11,1,ハロ／ハワユ,ナノウ,https://youtu.be/2Wx2TOBs9yA?t=217,TRUE,,
弾き語り,弾き語り配信,2020/11/11,2,ニア,夏代孝明,https://youtu.be/2Wx2TOBs9yA?t=625,TRUE,,
弾き語り,弾き語り配信,2020/11/11,3,カブトムシ,aiko,https://youtu.be/2Wx2TOBs9yA?t=995,TRUE,,
弾き語り,弾き語り配信,2020/11/11,4,奏,スキマスイッチ,https://youtu.be/2Wx2TOBs9yA?t=1365,TRUE,,
弾き語り,弾き語り配信,2020/11/11,5,タッチ,岩崎良美,https://youtu.be/2Wx2TOBs9yA?t=1801,TRUE,,
弾き語り,弾き語り配信,2020/11/11,6,亜麻色の髪の乙女,島谷ひとみ,https://youtu.be/2Wx2TOBs9yA?t=2149,TRUE,,
弾き語り,弾き語り配信,2020/11/11,7,君じゃなきゃダメみたい,オーイシマサヨシ,https://youtu.be/2Wx2TOBs9yA?t=2529,TRUE,,
弾き語り,弾き語り配信,2020/11/11,8,夜もすがら君想ふ,TOKOTOKO(西沢さんＰ),https://youtu.be/2Wx2TOBs9yA?t=2886,TRUE,,
弾き語り,弾き語り配信,2020/11/11,9,だから僕は音楽を辞めた,ヨルシカ,https://youtu.be/2Wx2TOBs9yA?t=3185,TRUE,,
弾き語り,弾き語り配信,2020/11/11,10,猫,DISH//,https://youtu.be/2Wx2TOBs9yA?t=3388,TRUE,,
弾き語り,弾き語り配信,2020/11/11,11,SHINING LINE*,わか・ふうり・ゆな from STAR ANIS,https://youtu.be/2Wx2TOBs9yA?t=4035,TRUE,,
弾き語り,弾き語り配信,2020/11/11,12,My Dearest,supercell,https://youtu.be/2Wx2TOBs9yA?t=4871,TRUE,,
弾き語り,弾き語り配信,2020/11/11,13,Departures ～あなたにおくるアイの歌～,EGOIST,https://youtu.be/2Wx2TOBs9yA?t=5465,TRUE,,
弾き語り,弾き語り配信,2020/11/11,14,Sincerely,TRUE,https://youtu.be/2Wx2TOBs9yA?t=5824,TRUE,,
弾き語り,弾き語り配信,2020/11/11,15,Catch the Moment,LiSA,https://youtu.be/2Wx2TOBs9yA?t=6963,TRUE,,
弾き語り,弾き語り配信,2020/11/11,16,"One more time,One more chance",山崎まさよし,https://youtu.be/2Wx2TOBs9yA?t=7471,TRUE,,
弾き語り,弾き語り配信,2020/11/16,1,炎,LiSA,https://youtu.be/G48DBMAZJdk?t=930,TRUE,,
弾き語り,弾き語り配信,2020/11/16,2,ぎゅっと。,もさを。,https://youtu.be/G48DBMAZJdk?t=1226,TRUE,,
弾き語り,弾き語り配信,2020/11/16,3,小さきもの,林明日香,https://youtu.be/G48DBMAZJdk?t=1394,TRUE,,
弾き語り,弾き語り配信,2020/11/16,4,ひとりぼっちじゃない,coba＆宮沢和史,https://youtu.be/G48DBMAZJdk?t=1793,TRUE,,
弾き語り,弾き語り配信,2020/11/16,5,月光花,Janne Da Arc,https://youtu.be/G48DBMAZJdk?t=2234,TRUE,,
弾き語り,弾き語り配信,2020/11/16,6,ぼなぺてぃーと♡S,ブレンド・A,https://youtu.be/G48DBMAZJdk?t=2667,TRUE,,
弾き語り,弾き語り配信,2020/11/16,7,ハートリアライズ,Tia,https://youtu.be/G48DBMAZJdk?t=3064,TRUE,,
弾き語り,弾き語り配信,2020/11/16,8,courage,戸松遥,https://youtu.be/G48DBMAZJdk?t=3442,TRUE,,
弾き語り,弾き語り配信,2020/11/16,9,ジェットロケット,LiSA,https://youtu.be/G48DBMAZJdk?t=3642,TRUE,,
弾き語り,弾き語り配信,2020/11/16,10,恋！ハレイション THE WAR,ワルキューレ,https://youtu.be/G48DBMAZJdk?t=4346,TRUE,,
弾き語り,弾き語り配信,2020/11/16,11,いけないボーダーライン,ワルキューレ,https://youtu.be/G48DBMAZJdk?t=4462,TRUE,,
弾き語り,弾き語り配信,2020/11/16,12,お願いマッスル,紗倉ひびき(ファイルーズあい)、街雄鳴造(石川界人)   ,https://youtu.be/G48DBMAZJdk?t=5066,TRUE,,
弾き語り,弾き語り配信,2020/11/16,13,火炎,女王蜂,https://youtu.be/G48DBMAZJdk?t=5445,TRUE,,
弾き語り,弾き語り配信,2020/11/16,14,newsong,tacica,https://youtu.be/G48DBMAZJdk?t=6174,TRUE,,
弾き語り,弾き語り配信,2020/11/16,15,ハルモニア,RYTHEM,https://youtu.be/G48DBMAZJdk?t=6411,TRUE,,
弾き語り,弾き語り配信,2020/11/16,16,花,ORANGERANGE,https://youtu.be/G48DBMAZJdk?t=6677,TRUE,,
弾き語り,弾き語り配信,2020/11/16,17,カタオモイ,Aimer,https://youtu.be/G48DBMAZJdk?t=7221,TRUE,,
弾き語り,新衣装お披露目,2020/11/20,1,雪の華,中島美嘉,https://youtu.be/YkBxC3ea58Q?t=1899,TRUE,,
弾き語り,新衣装お披露目,2020/11/20,2,君の知らない物語,supercell,https://youtu.be/YkBxC3ea58Q?t=2306,TRUE,,
弾き語り,新衣装お披露目,2020/11/20,3,シュガーソングとビターステップ,UNISON SQUARE GARDEN,https://youtu.be/YkBxC3ea58Q?t=2884,TRUE,,
弾き語り,弾き語り配信,2020/11/21,1,ボクノート,スキマスイッチ,https://youtu.be/2TLKdRgqRbw?t=283,TRUE,,
弾き語り,弾き語り配信,2020/11/21,2,桃色片想い,松浦亜弥,https://youtu.be/2TLKdRgqRbw?t=667,TRUE,,
弾き語り,弾き語り配信,2020/11/21,3,チューリングラブ,ナナヲアカリ,https://youtu.be/2TLKdRgqRbw?t=990,TRUE,,
弾き語り,弾き語り配信,2020/11/21,4,KING,Kanaria,https://youtu.be/2TLKdRgqRbw?t=1312,TRUE,,
弾き語り,弾き語り配信,2020/11/21,5,猫,DISH//,https://youtu.be/2TLKdRgqRbw?t=1531,TRUE,,
弾き語り,弾き語り配信,2020/11/21,6,Snow halation,μ's,https://youtu.be/2TLKdRgqRbw?t=1890,TRUE,,
弾き語り,弾き語り配信,2020/11/21,7,津軽海峡冬景色,石川さゆり,https://youtu.be/2TLKdRgqRbw?t=2289,TRUE,,
弾き語り,弾き語り配信,2020/11/21,8,115万キロのフィルム,Official髭男dism,https://youtu.be/2TLKdRgqRbw?t=2658,TRUE,,
弾き語り,弾き語り配信,2020/11/21,9,アスノヨゾラ哨戒班,Orangestar,https://youtu.be/2TLKdRgqRbw?t=3165,TRUE,,
弾き語り,弾き語り配信,2020/11/21,10,シャルル,バルーン,https://youtu.be/2TLKdRgqRbw?t=3646,TRUE,,
弾き語り,弾き語り配信,2020/11/21,11,インフェルノ,Mrs.GREEN APPLE,https://youtu.be/2TLKdRgqRbw?t=4129,TRUE,,
弾き語り,弾き語り配信,2020/11/21,12,5センチ。,WaT,https://youtu.be/2TLKdRgqRbw?t=4637,TRUE,,
弾き語り,弾き語り配信,2020/11/21,13,炎,LiSA,https://youtu.be/2TLKdRgqRbw?t=4851,TRUE,,
弾き語り,弾き語り配信,2020/11/21,14,丸の内サディスティック,椎名林檎,https://youtu.be/2TLKdRgqRbw?t=5523,TRUE,,
弾き語り,弾き語り配信,2020/11/21,15,ラプンツェル,n-buna,https://youtu.be/2TLKdRgqRbw?t=5766,TRUE,,
弾き語り,弾き語り配信,2020/11/21,16,ピエロ,KEI,https://youtu.be/2TLKdRgqRbw?t=6071,TRUE,,
"音源協力, 演奏のみ",ギター演奏,2020/11/23,1,Thank you My teens,YUI,https://youtu.be/hL_5iDkEKfA,FALSE,相羽ういは,甲斐田晴
弾き語り,弾き語り配信,2020/11/26,1,CHE.R.RY,YUI,https://youtu.be/Ugxi8mY8EcM?t=2085,TRUE,,
弾き語り,弾き語り配信,2020/11/26,2,ロマンスの神様,広瀬香美,https://youtu.be/Ugxi8mY8EcM?t=2420,TRUE,,
弾き語り,弾き語り配信,2020/11/26,3,紅蓮の弓矢,Linked Horizon,https://youtu.be/Ugxi8mY8EcM?t=2919,TRUE,,
弾き語り,弾き語り配信,2020/11/26,4,Q&Aリサイタル！,戸松遥,https://youtu.be/Ugxi8mY8EcM?t=3165,TRUE,,
弾き語り,弾き語り配信,2020/11/26,5,フィクション,sumika,https://youtu.be/Ugxi8mY8EcM?t=3623,TRUE,,
弾き語り,弾き語り配信,2020/11/26,6,ラピスラズリ,藍井エイル,https://youtu.be/Ugxi8mY8EcM?t=4157,TRUE,,
弾き語り,弾き語り配信,2020/11/26,7,UNION,OxT,https://youtu.be/Ugxi8mY8EcM?t=4584,TRUE,,
弾き語り,弾き語り配信,2020/11/26,8,TSUNAMI,サザンオールスターズ,https://youtu.be/Ugxi8mY8EcM?t=4868,TRUE,,
弾き語り,弾き語り配信,2020/11/26,9,もののけ姫,米良美一,https://youtu.be/Ugxi8mY8EcM?t=5471,TRUE,,
弾き語り,弾き語り配信,2020/11/26,10,となりのトトロ,井上あずみ,https://youtu.be/Ugxi8mY8EcM?t=5690,TRUE,,
弾き語り,弾き語り配信,2020/11/26,11,ポケットにファンタジー,さち＆じゅり,https://youtu.be/Ugxi8mY8EcM?t=6130,TRUE,,
弾き語り,弾き語り配信,2020/11/26,12,少年時代,井上陽水,https://youtu.be/Ugxi8mY8EcM?t=6362,TRUE,,
弾き語り,Mela!を覚える配信,2020/11/29,1,Mela!,緑黄色社会,https://youtu.be/iIAs8Jkj2Fw?t=3757,TRUE,,
弾き語り,弾き語り配信,2020/12/03,1,Lost my music,涼宮ハルヒ(平野綾),https://youtu.be/95-UG3sROVI?t=540,TRUE,,
弾き語り,弾き語り配信,2020/12/03,2,はじめてのチュウ,あんしんパパ,https://youtu.be/95-UG3sROVI?t=1050,TRUE,,
弾き語り,弾き語り配信,2020/12/03,3,可愛くなりたい,HoneyWorks,https://youtu.be/95-UG3sROVI?t=1484,TRUE,,
弾き語り,弾き語り配信,2020/12/03,4,Wherever you are,ONE OK ROCK,https://youtu.be/95-UG3sROVI?t=1948,TRUE,,
弾き語り,弾き語り配信,2020/12/03,5,I LOVE…,Official髭男dism,https://youtu.be/95-UG3sROVI?t=2361,TRUE,,
弾き語り,弾き語り配信,2020/12/03,6,irony,ClariS,https://youtu.be/95-UG3sROVI?t=2579,TRUE,,
弾き語り,弾き語り配信,2020/12/03,7,シルシ,LiSA,https://youtu.be/95-UG3sROVI?t=3694,TRUE,,
弾き語り,弾き語り配信,2020/12/03,8,Happy Happy Greeting,KinKi Kids,https://youtu.be/95-UG3sROVI?t=4126,TRUE,,
弾き語り,弾き語り配信,2020/12/03,9,夜咄ディセイブ,じん,https://youtu.be/95-UG3sROVI?t=4661,TRUE,,
弾き語り,弾き語り配信,2020/12/03,10,magnet,minato(流星P),https://youtu.be/95-UG3sROVI?t=5167,TRUE,,
弾き語り,弾き語り配信,2020/12/03,11,いろは唄,銀サク,https://youtu.be/95-UG3sROVI?t=5502,TRUE,,
弾き語り,弾き語り配信,2020/12/03,12,ネトゲ廃人シュプレヒコール,さつきがてんこもり,https://youtu.be/95-UG3sROVI?t=5847,TRUE,,
弾き語り,弾き語り配信,2020/12/03,13,粘着系男子の15年ネチネチ,家の裏でマンボウが死んでるP,https://youtu.be/95-UG3sROVI?t=6240,TRUE,,
音源協力,MIX協力,2020/12/07,1,ジャンキーナイトタウンオーケストラ,すりぃ,https://x.com/furen_2434/status/1335887065230135297,FALSE,フレン・Ｅ・ルスタリオ,
弾き語り,弾き語り配信,2020/12/07,1,紅蓮華,LiSA,https://youtu.be/L7SdZVfE4ng?t=321,TRUE,,
弾き語り,弾き語り配信,2020/12/07,2,オリオンをなぞる,UNISON SQUARE GARDEN,https://youtu.be/L7SdZVfE4ng?t=754,TRUE,,
弾き語り,弾き語り配信,2020/12/07,3,only my railgun,frip Side,https://youtu.be/L7SdZVfE4ng?t=1154,TRUE,,
弾き語り,弾き語り配信,2020/12/07,4,Butter-Fly,和田光司,https://youtu.be/L7SdZVfE4ng?t=1589,TRUE,,
弾き語り,弾き語り配信,2020/12/07,5,*～アスタリスク～,ORANGE RANGE,https://youtu.be/L7SdZVfE4ng?t=2018,TRUE,,
弾き語り,弾き語り配信,2020/12/07,6,D-tecnoLife,UVERworld,https://youtu.be/L7SdZVfE4ng?t=2419,TRUE,,
弾き語り,弾き語り配信,2020/12/07,7,Wishing,水瀬いのり,https://youtu.be/L7SdZVfE4ng?t=3078,TRUE,,
弾き語り,弾き語り配信,2020/12/07,8,カルマ,BUMP OF CHICKEN,https://youtu.be/L7SdZVfE4ng?t=3588,TRUE,,
弾き語り,弾き語り配信,2020/12/07,9,水色メロディ,月島きらり starring 久住小春,https://youtu.be/L7SdZVfE4ng?t=3893,TRUE,,
コラボ,,,,やさしさに包まれたなら,松任谷由実,https://youtu.be/jBlfM6jBve4?t=229,,,
コラボ,,,,カタオモイ,Aimer,https://youtu.be/jBlfM6jBve4?t=2806,,,
コラボ,,,,KING(アコギアレンジ),Kanaria,https://youtu.be/jBlfM6jBve4?t=3329,,,
コラボ,,,,丸の内サディスティック,椎名林檎,https://youtu.be/kPWxODmNwWw?t=263,,,
コラボ,VΔLZオフ歌枠,2020/12/08,,☆浮世の演舞,VΔLZ,https://youtu.be/kPWxODmNwWw?t=861,,,
音源協力,音源制作・MIX,2020/12/10,1,ブリ(ﾟ∀ﾟ)ハマチ,,https://youtu.be/KBs83OdAYPs?si=8M8535fr_TFRze7N,FALSE,本間ひまわり,
弾き語り,ツイキャス弾き語り,2020/12/14,1,そばかす,JUDY AND MARY,https://twitcasting.tv/kaida_haru/movie/656387201,TRUE,,
弾き語り,ツイキャス弾き語り,2020/12/14,2,1%の恋人,HoneyWorks feat.南(豊永利行),https://twitcasting.tv/kaida_haru/movie/656387201,TRUE,,
弾き語り,ツイキャス弾き語り,2020/12/14,3,アゲハ蝶,ポルノグラフィティ,https://twitcasting.tv/kaida_haru/movie/656394713,TRUE,,
弾き語り,ツイキャス弾き語り,2020/12/14,4,初恋の絵本,HoneyWorks,https://twitcasting.tv/kaida_haru/movie/656394713,TRUE,,
弾き語り,ツイキャス弾き語り,2020/12/14,5,小夜子,みきとP,https://twitcasting.tv/kaida_haru/movie/656394713,TRUE,,
弾き語り,ツイキャス弾き語り,2020/12/14,6,地球最後の告白を,kemu,https://twitcasting.tv/kaida_haru/movie/656394713,TRUE,,
弾き語り,ツイキャス弾き語り,2020/12/14,7,グランドエスケープ,RADWIMPS,https://twitcasting.tv/kaida_haru/movie/656394713,TRUE,,
弾き語り,ツイキャス弾き語り,2020/12/14,8,ピエロ,KEI,https://twitcasting.tv/kaida_haru/movie/656394713,TRUE,,
弾き語り,ツイキャス弾き語り,2020/12/14,9,KING,Kanaria,https://twitcasting.tv/kaida_haru/movie/656394713,TRUE,,
弾き語り,ツイキャス弾き語り,2020/12/14,10,Falco -ファルコ-,島谷ひとみ,https://twitcasting.tv/kaida_haru/movie/656394713,TRUE,,
弾き語り,ツイキャス弾き語り,2020/12/14,11,カブトムシ,aiko,https://twitcasting.tv/kaida_haru/movie/656394713,TRUE,,
弾き語り,10万人記念配信,2020/12/20,1,Butter-Fly,和田光司,https://youtu.be/j3XT_ft2DWc?t=274,TRUE,,
弾き語り,10万人記念配信,2020/12/20,2,カサブタ,千綿ヒデノリ,https://youtu.be/j3XT_ft2DWc?t=442,TRUE,,
弾き語り,10万人記念配信,2020/12/20,3,青いベンチ,サスケ,https://youtu.be/j3XT_ft2DWc?t=582,TRUE,,
弾き語り,10万人記念配信,2020/12/20,4,高嶺の花子さん,back number,https://youtu.be/j3XT_ft2DWc?t=765,TRUE,,
弾き語り,10万人記念配信,2020/12/20,5,チカっとチカ千花っ,藤原千花(小原好美),https://youtu.be/j3XT_ft2DWc?t=941,TRUE,,
弾き語り,10万人記念配信,2020/12/20,6,炎,LiSA,https://youtu.be/j3XT_ft2DWc?t=1092,TRUE,,
弾き語り,10万人記念配信,2020/12/20,7,やさしさに包まれたなら,松任谷由実,https://youtu.be/j3XT_ft2DWc?t=1308,TRUE,,
弾き語り,10万人記念配信,2020/12/20,8,優しさの理由,ChouCho,https://youtu.be/j3XT_ft2DWc?t=1450,TRUE,,
弾き語り,10万人記念配信,2020/12/20,9,ユキトキ,やなぎなぎ,https://youtu.be/j3XT_ft2DWc?t=1636,TRUE,,
弾き語り,10万人記念配信,2020/12/20,10,一滴の影響,UVERworld,https://youtu.be/j3XT_ft2DWc?t=1857,TRUE,,
弾き語り,10万人記念配信,2020/12/20,11,浮世CROSSING,UVERworld,https://youtu.be/j3XT_ft2DWc?t=2038,TRUE,,
弾き語り,10万人記念配信,2020/12/20,12,シャカビーチ～Laka Laka La～,UVERworld,https://youtu.be/j3XT_ft2DWc?t=2193,TRUE,,
弾き語り,10万人記念配信,2020/12/20,13,カワキヲアメク,美波,https://youtu.be/j3XT_ft2DWc?t=2408,TRUE,,
弾き語り,10万人記念配信,2020/12/20,14,津軽海峡冬景色,石川さゆり,https://youtu.be/j3XT_ft2DWc?t=2596,TRUE,,
弾き語り,10万人記念配信,2020/12/20,15,お願いマッスル,紗倉ひびき(ファイルーズあい)＆街雄鳴造(石川界人),https://youtu.be/j3XT_ft2DWc?t=2790,TRUE,,
弾き語り,10万人記念配信,2020/12/20,16,別の人の彼女になったよ,wacci,https://youtu.be/j3XT_ft2DWc?t=2992,TRUE,,
弾き語り,10万人記念配信,2020/12/20,17,Catch the Moment,LiSA,https://youtu.be/j3XT_ft2DWc?t=3170,TRUE,,
弾き語り,10万人記念配信,2020/12/20,18,海色,AKINA from bless4,https://youtu.be/j3XT_ft2DWc?t=3413,TRUE,,
弾き語り,10万人記念配信,2020/12/20,19,READY!!,765PRO ALLSTARS,https://youtu.be/j3XT_ft2DWc?t=3791,TRUE,,
弾き語り,10万人記念配信,2020/12/20,20,決意の朝に,Aqua Timez,https://youtu.be/j3XT_ft2DWc?t=4004,TRUE,,
弾き語り,10万人記念配信,2020/12/20,21,等身大のラブソング,Aqua Timez,https://youtu.be/j3XT_ft2DWc?t=4235,TRUE,,
弾き語り,10万人記念配信,2020/12/20,22,プラチナ,坂本真綾,https://youtu.be/j3XT_ft2DWc?t=4460,TRUE,,
弾き語り,10万人記念配信,2020/12/20,23,ファンサ,mona,https://youtu.be/j3XT_ft2DWc?t=4643,TRUE,,
弾き語り,10万人記念配信,2020/12/20,24,今好きになる。,HoneyWorks,https://youtu.be/j3XT_ft2DWc?t=4804,TRUE,,
弾き語り,10万人記念配信,2020/12/20,25,可愛くなりたい,HoneyWorks,https://youtu.be/j3XT_ft2DWc?t=4980,TRUE,,
弾き語り,10万人記念配信,2020/12/20,26,Mela!,緑黄色社会,https://youtu.be/j3XT_ft2DWc?t=5180,TRUE,,
弾き語り,10万人記念配信,2020/12/20,27,ブルーバード,いきものがかり,https://youtu.be/j3XT_ft2DWc?t=5379,TRUE,,
弾き語り,10万人記念配信,2020/12/20,28,気まぐれロマンティック,いきものがかり,https://youtu.be/j3XT_ft2DWc?t=5478,TRUE,,
弾き語り,10万人記念配信,2020/12/20,29,メリッサ,ポルノグラフィティ,https://youtu.be/j3XT_ft2DWc?t=5664,TRUE,,
弾き語り,10万人記念配信,2020/12/20,30,インフェルノ,Mrs.GREEN APPLE,https://youtu.be/j3XT_ft2DWc?t=5806,TRUE,,
弾き語り,10万人記念配信,2020/12/20,31,青と夏,Mrs.GREEN APPLE,https://youtu.be/j3XT_ft2DWc?t=5941,TRUE,,
弾き語り,10万人記念配信,2020/12/20,32,その未来へ,RIRIKO,https://youtu.be/j3XT_ft2DWc?t=6100,TRUE,,
弾き語り,10万人記念配信,2020/12/20,33,God knows…,涼宮ハルヒ(平野綾),https://youtu.be/j3XT_ft2DWc?t=6305,TRUE,,
弾き語り,10万人記念配信,2020/12/20,34,オリオンをなぞる,UNISON SQUARE GARDEN,https://youtu.be/j3XT_ft2DWc?t=6460,TRUE,,
弾き語り,10万人記念配信,2020/12/20,35,桜のあと,UNISON SQUARE GARDEN,https://youtu.be/j3XT_ft2DWc?t=6681,TRUE,,
弾き語り,10万人記念配信,2020/12/20,36,シュガーソングとビターステップ,UNISON SQUARE GARDEN,https://youtu.be/j3XT_ft2DWc?t=6824,TRUE,,
弾き語り,10万人記念配信,2020/12/20,37,366日,HY,https://youtu.be/j3XT_ft2DWc?t=6980,TRUE,,
弾き語り,10万人記念配信,2020/12/20,38,カブトムシ,aiko,https://youtu.be/j3XT_ft2DWc?t=7209,TRUE,,
弾き語り,10万人記念配信,2020/12/20,39,変わらないもの,奥華子,https://youtu.be/j3XT_ft2DWc?t=7411,TRUE,,
弾き語り,10万人記念配信,2020/12/20,40,ガーネット,奥華子,https://youtu.be/j3XT_ft2DWc?t=7628,TRUE,,
弾き語り,10万人記念配信,2020/12/20,41,恋,奥華子,https://youtu.be/j3XT_ft2DWc?t=7824,TRUE,,
弾き語り,10万人記念配信,2020/12/20,42,瞳をとじて,平井堅,https://youtu.be/j3XT_ft2DWc?t=8020,TRUE,,
弾き語り,10万人記念配信,2020/12/20,43,風になる,つじあやの,https://youtu.be/j3XT_ft2DWc?t=8215,TRUE,,
弾き語り,10万人記念配信,2020/12/20,44,明日への扉,I WiSH,https://youtu.be/j3XT_ft2DWc?t=8411,TRUE,,
弾き語り,10万人記念配信,2020/12/20,45,紅蓮の弓矢,Linked Horizon,https://youtu.be/j3XT_ft2DWc?t=8591,TRUE,,
弾き語り,10万人記念配信,2020/12/20,46,Q＆Aリサイタル！,戸松遥,https://youtu.be/j3XT_ft2DWc?t=8856,TRUE,,
弾き語り,10万人記念配信,2020/12/20,47,ウィーアー！,きただにひろし,https://youtu.be/j3XT_ft2DWc?t=8996,TRUE,,
弾き語り,10万人記念配信,2020/12/20,48,アドバンス・アドベンチャー,GARDEN,https://youtu.be/j3XT_ft2DWc?t=9125,TRUE,,
弾き語り,10万人記念配信,2020/12/20,49,OK!,松本梨香,https://youtu.be/j3XT_ft2DWc?t=9332,TRUE,,
弾き語り,10万人記念配信,2020/12/20,50,バトルフロンティア,高屋亜希那,https://youtu.be/j3XT_ft2DWc?t=9536,TRUE,,
弾き語り,10万人記念配信,2020/12/20,51,ゲッタバンバン,佐香智久,https://youtu.be/j3XT_ft2DWc?t=9686,TRUE,,
弾き語り,10万人記念配信,2020/12/20,52,Together,あきよしふみえ,https://youtu.be/j3XT_ft2DWc?t=9823,TRUE,,
弾き語り,10万人記念配信,2020/12/20,53,天体観測,BUMP OF CHICKEN,https://youtu.be/j3XT_ft2DWc?t=10255,TRUE,,
弾き語り,10万人記念配信,2020/12/20,54,YUME日和,島谷ひとみ,https://youtu.be/j3XT_ft2DWc?t=10380,TRUE,,
弾き語り,10万人記念配信,2020/12/20,55,キセキ,GreeeeN,https://youtu.be/j3XT_ft2DWc?t=10506,TRUE,,
弾き語り,10万人記念配信,2020/12/20,56,風が吹く街,ラックライフ,https://youtu.be/j3XT_ft2DWc?t=10666,TRUE,,
弾き語り,10万人記念配信,2020/12/20,57,天使に触れたよ！,放課後ティータイム,https://youtu.be/j3XT_ft2DWc?t=10794,TRUE,,
弾き語り,10万人記念配信,2020/12/20,58,恋愛サーキュレーション,千石撫子(花澤香菜),https://youtu.be/j3XT_ft2DWc?t=10913,TRUE,,
弾き語り,10万人記念配信,2020/12/20,59,白金ディスコ,阿良々木月火(井口裕香),https://youtu.be/j3XT_ft2DWc?t=11057,TRUE,,
弾き語り,10万人記念配信,2020/12/20,60,staple stable,戦場ヶ原ひたぎ(斎藤千和),https://youtu.be/j3XT_ft2DWc?t=11185,TRUE,,
弾き語り,10万人記念配信,2020/12/20,61,帰り道,八九寺真宵(加藤英美里),https://youtu.be/j3XT_ft2DWc?t=11341,TRUE,,
弾き語り,10万人記念配信,2020/12/20,62,ambivalent world,神原駿河(沢城みゆき),https://youtu.be/j3XT_ft2DWc?t=11450,TRUE,,
弾き語り,10万人記念配信,2020/12/20,63,空色デイズ,中川翔子,https://youtu.be/j3XT_ft2DWc?t=11613,TRUE,,
弾き語り,10万人記念配信,2020/12/20,64,耳の聞こえなくなった恋人とそのうたうたい,大石昌良,https://youtu.be/j3XT_ft2DWc?t=11761,TRUE,,
弾き語り,10万人記念配信,2020/12/20,65,一度だけの恋なら,ワルキューレ,https://youtu.be/j3XT_ft2DWc?t=12039,TRUE,,
弾き語り,10万人記念配信,2020/12/20,66,恋! ハレイション THE WAR,ワルキューレ,https://youtu.be/j3XT_ft2DWc?t=12183,TRUE,,
弾き語り,10万人記念配信,2020/12/20,67,オトモダチフィルム,オーイシマサヨシ,https://youtu.be/j3XT_ft2DWc?t=12327,TRUE,,
弾き語り,10万人記念配信,2020/12/20,68,夜空ノムコウ,SMAP,https://youtu.be/j3XT_ft2DWc?t=12523,TRUE,,
弾き語り,10万人記念配信,2020/12/20,69,innocent starter,水樹奈々,https://youtu.be/j3XT_ft2DWc?t=12724,TRUE,,
弾き語り,10万人記念配信,2020/12/20,70,Little Wish ～Lyrical step～,田村ゆかり,https://youtu.be/j3XT_ft2DWc?t=12863,TRUE,,
弾き語り,10万人記念配信,2020/12/20,71,fancy baby doll,田村ゆかり,https://youtu.be/j3XT_ft2DWc?t=13060,TRUE,,
弾き語り,10万人記念配信,2020/12/20,72,もう恋なんてしない,槇原敬之,https://youtu.be/j3XT_ft2DWc?t=13449,TRUE,,
弾き語り,10万人記念配信,2020/12/20,73,赤いスイートピー,松田聖子,https://youtu.be/j3XT_ft2DWc?t=13698,TRUE,,
弾き語り,10万人記念配信,2020/12/20,74,The Biggest Dreamer,和田光司,https://youtu.be/j3XT_ft2DWc?t=13857,TRUE,,
弾き語り,10万人記念配信,2020/12/20,75,勇気100%,光GENGI,https://youtu.be/j3XT_ft2DWc?t=14095,TRUE,,
弾き語り,10万人記念配信,2020/12/20,76,secret base～君がくれたもの～,ZONE,https://youtu.be/j3XT_ft2DWc?t=14242,TRUE,,
弾き語り,10万人記念配信,2020/12/20,77,もののけ姫,米良美一,https://youtu.be/j3XT_ft2DWc?t=14696,TRUE,,
弾き語り,10万人記念配信,2020/12/20,78,ぶる～べりぃ♡とれいん,南ことり(内田彩),https://youtu.be/j3XT_ft2DWc?t=14919,TRUE,,
弾き語り,10万人記念配信,2020/12/20,79,僕らは今のなかで,μ's,https://youtu.be/j3XT_ft2DWc?t=15134,TRUE,,
弾き語り,10万人記念配信,2020/12/20,80,こころのたまご,Buono!,https://youtu.be/j3XT_ft2DWc?t=15600,TRUE,,
弾き語り,10万人記念配信,2020/12/20,81,M♭,加藤恵(安野希世乃),https://youtu.be/j3XT_ft2DWc?t=16001,TRUE,,
弾き語り,10万人記念配信,2020/12/20,82,もってけ！セーラーふく,泉こなた(平野綾)、柊かがみ(加藤英美里)、柊つかさ(福原香織)、高良みゆき(遠藤綾),https://youtu.be/j3XT_ft2DWc?t=16178,TRUE,,
弾き語り,10万人記念配信,2020/12/20,83,寝・逃・げでリセット！,柊つかさ(福原香織),https://youtu.be/j3XT_ft2DWc?t=16294,TRUE,,
弾き語り,10万人記念配信,2020/12/20,84,太陽の楽園 ~Promised Land~,神戸みゆき,https://youtu.be/j3XT_ft2DWc?t=16446,TRUE,,
弾き語り,10万人記念配信,2020/12/20,85,Legend of Marmaid,中田あすみ、寺門仁美、浅野まゆみ,https://youtu.be/j3XT_ft2DWc?t=16605,TRUE,,
弾き語り,10万人記念配信,2020/12/20,86,紅蓮華,LiSA,https://youtu.be/j3XT_ft2DWc?t=17130,TRUE,,
弾き語り,10万人記念配信,2020/12/20,87,ぼなぺてぃーと♡S,ブレンド・A,https://youtu.be/j3XT_ft2DWc?t=17322,TRUE,,
弾き語り,10万人記念配信,2020/12/20,88,経験値上昇中☆,みなみけ,https://youtu.be/j3XT_ft2DWc?t=17507,TRUE,,
弾き語り,10万人記念配信,2020/12/20,89,1000%SPARKING!,ネギ・スプリングフィールド(佐藤利奈)、神楽坂明日菜(神田朱未)、近衛木乃香(野中藍)、桜咲刹那(小林ゆう),https://youtu.be/j3XT_ft2DWc?t=17766,TRUE,,
弾き語り,10万人記念配信,2020/12/20,90,青空のラプソディ,fhana,https://youtu.be/j3XT_ft2DWc?t=18048,TRUE,,
弾き語り,10万人記念配信,2020/12/20,91,Departures ~あなたにおくるアイの歌~,EGOIST,https://youtu.be/j3XT_ft2DWc?t=18234,TRUE,,
弾き語り,10万人記念配信,2020/12/20,92,All Alone With You,EGOIST,https://youtu.be/j3XT_ft2DWc?t=18443,TRUE,,
弾き語り,10万人記念配信,2020/12/20,93,月光花,Janne Da Arc,https://youtu.be/j3XT_ft2DWc?t=18644,TRUE,,
弾き語り,10万人記念配信,2020/12/20,94,フリージア,Uru,https://youtu.be/j3XT_ft2DWc?t=18784,TRUE,,
弾き語り,10万人記念配信,2020/12/20,95,シルシ,LiSA,https://youtu.be/j3XT_ft2DWc?t=18963,TRUE,,
弾き語り,10万人記念配信,2020/12/20,96,限界突破×サバイバー,氷川きよし,https://youtu.be/j3XT_ft2DWc?t=19168,TRUE,,
弾き語り,10万人記念配信,2020/12/20,97,小さきもの,林明日香,https://youtu.be/j3XT_ft2DWc?t=19346,TRUE,,
弾き語り,10万人記念配信,2020/12/20,98,白日,King Gnu,https://youtu.be/j3XT_ft2DWc?t=19517,TRUE,,
弾き語り,10万人記念配信,2020/12/20,99,真っ赤な誓い,福山芳樹,https://youtu.be/j3XT_ft2DWc?t=19744,TRUE,,
弾き語り,10万人記念配信,2020/12/20,100,君の知らない物語,supercell,https://youtu.be/j3XT_ft2DWc?t=20040,TRUE,,
弾き語り,弾き語り配信,2020/12/28,1,猫,DISH//,https://youtu.be/1umV2ZK64Jo?t=316,TRUE,,
弾き語り,弾き語り配信,2020/12/28,2,"One More Time, One More Chance",山崎まさよし,https://youtu.be/1umV2ZK64Jo?t=675,TRUE,,
弾き語り,弾き語り配信,2020/12/28,3,夜に駆ける,YOASOBI,https://youtu.be/1umV2ZK64Jo?t=1142,TRUE,,
弾き語り,弾き語り配信,2020/12/28,4,クリスマスソング,back number,https://youtu.be/1umV2ZK64Jo?t=1539,TRUE,,
弾き語り,弾き語り配信,2020/12/28,5,今好きになる。,HoneyWorks,https://youtu.be/1umV2ZK64Jo?t=2298,TRUE,,
弾き語り,弾き語り配信,2020/12/28,6,クワガタにチョップしたらタイムスリップした,家の裏でマンボウが死んでるP,https://youtu.be/1umV2ZK64Jo?t=2777,TRUE,,
弾き語り,弾き語り配信,2020/12/28,7,初めての恋が終わる時,ryo(supercell),https://youtu.be/1umV2ZK64Jo?t=3264,TRUE,,
弾き語り,弾き語り配信,2020/12/28,8,初音ミクの消失,cosMo@暴走P,https://youtu.be/1umV2ZK64Jo?t=3862,TRUE,,
弾き語り,弾き語り配信,2020/12/28,9,Lemon,米津玄師,https://youtu.be/1umV2ZK64Jo?t=4439,TRUE,,
弾き語り,弾き語り配信,2020/12/28,10,デリヘル呼んだら君が来た,ナナホシ管弦楽団,https://youtu.be/1umV2ZK64Jo?t=4754,TRUE,,
弾き語り,弾き語り配信,2020/12/28,11,夕景イエスタデイ,じん,https://youtu.be/1umV2ZK64Jo?t=5101,TRUE,,
弾き語り,弾き語り配信,2020/12/28,12,君じゃなきゃダメみたい,オーイシマサヨシ,https://youtu.be/1umV2ZK64Jo?t=5513,TRUE,,
弾き語り,弾き語り配信,2020/12/28,13,Virtual to LIVE,にじさんじ,https://youtu.be/1umV2ZK64Jo?t=5796,TRUE,,
弾き語り,弾き語り配信,2021/01/08,1,青いベンチ,サスケ,https://youtu.be/ghE8mZ_ZVgk?t=228,TRUE,,
弾き語り,弾き語り配信,2021/01/08,2,ここにしか咲かない花,コブクロ,https://youtu.be/ghE8mZ_ZVgk?t=601,TRUE,,
弾き語り,弾き語り配信,2021/01/08,3,マリーゴールド,あいみょん,https://youtu.be/ghE8mZ_ZVgk?t=1096,TRUE,,
弾き語り,弾き語り配信,2021/01/08,4,フリージア,Uru,https://youtu.be/ghE8mZ_ZVgk?t=1484,TRUE,,
弾き語り,弾き語り配信,2021/01/08,5,1925,冨田悠斗(とみー/T-POCKET),https://youtu.be/ghE8mZ_ZVgk?t=1749,TRUE,,
弾き語り,弾き語り配信,2021/01/08,6,No Logic,ジミーサムP,https://youtu.be/ghE8mZ_ZVgk?t=2119,TRUE,,
弾き語り,弾き語り配信,2021/01/08,7,想像フォレスト,じん,https://youtu.be/ghE8mZ_ZVgk?t=2709,TRUE,,
弾き語り,弾き語り配信,2021/01/08,8,チルドレンレコード,じん,https://youtu.be/ghE8mZ_ZVgk?t=3061,TRUE,,
弾き語り,弾き語り配信,2021/01/08,9,ロミオとシンデレラ,doriko,https://youtu.be/ghE8mZ_ZVgk?t=3317,TRUE,,
弾き語り,弾き語り配信,2021/01/08,10,ニホンノミカタ -ネバダカラキマシタ-,矢島美容室,https://youtu.be/ghE8mZ_ZVgk?t=3783,TRUE,,
弾き語り,弾き語り配信,2021/01/08,11,約束,如月千早(今井麻美),https://youtu.be/ghE8mZ_ZVgk?t=4599,TRUE,,
弾き語り,弾き語り配信,2021/01/08,12,虹,二宮和也,https://youtu.be/ghE8mZ_ZVgk?t=5155,TRUE,,
弾き語り,弾き語り配信,2021/01/08,13,炎,LiSA,https://youtu.be/ghE8mZ_ZVgk?t=5514,TRUE,,
弾き語り,弾き語り配信,2021/01/08,14,sweets parade,髏々宮カルタ(花澤香菜),https://youtu.be/ghE8mZ_ZVgk?t=6503,TRUE,,
弾き語り,弾き語り配信,2021/01/08,15,メルト,ryo(supercell),https://youtu.be/ghE8mZ_ZVgk?t=6659,TRUE,,
弾き語り,弾き語り配信,2021/01/08,16,涙そうそう,夏川りみ,https://youtu.be/ghE8mZ_ZVgk?t=7038,TRUE,,
弾き語り,弾き語り配信,2021/01/12,1,"Hello, Worker",KEI,https://youtu.be/uBLZ_SCeS0g?t=353,TRUE,,
弾き語り,弾き語り配信,2021/01/12,2,花に亡霊,ヨルシカ,https://youtu.be/uBLZ_SCeS0g?t=669,TRUE,,
弾き語り,弾き語り配信,2021/01/12,3,366日,HY,https://youtu.be/uBLZ_SCeS0g?t=1134,TRUE,,
弾き語り,弾き語り配信,2021/01/12,4,心做し,蝶々P,https://youtu.be/uBLZ_SCeS0g?t=1620,TRUE,,
弾き語り,弾き語り配信,2021/01/12,5,かくれんぼ,buzzG,https://youtu.be/uBLZ_SCeS0g?t=2049,TRUE,,
弾き語り,弾き語り配信,2021/01/12,6,星の唄,buzzG,https://youtu.be/uBLZ_SCeS0g?t=2386,TRUE,,
弾き語り,弾き語り配信,2021/01/12,7,らいおんハート,SMAP,https://youtu.be/uBLZ_SCeS0g?t=2807,TRUE,,
弾き語り,弾き語り配信,2021/01/12,8,Good-bye days,YUI,https://youtu.be/uBLZ_SCeS0g?t=3220,TRUE,,
弾き語り,弾き語り配信,2021/01/12,9,My Generation,YUI,https://youtu.be/uBLZ_SCeS0g?t=3485,TRUE,,
弾き語り,弾き語り配信,2021/01/12,10,深愛,水樹奈々,https://youtu.be/uBLZ_SCeS0g?t=3812,TRUE,,
弾き語り,弾き語り配信,2021/01/12,11,SUPER GENERATION,水樹奈々,https://youtu.be/uBLZ_SCeS0g?t=4176,TRUE,,
弾き語り,弾き語り配信,2021/01/12,12,Rain,秦基博,https://youtu.be/uBLZ_SCeS0g?t=4383,TRUE,,
弾き語り,弾き語り配信,2021/01/12,13,Snow halation,μ's,https://youtu.be/uBLZ_SCeS0g?t=4740,TRUE,,
弾き語り,弾き語り配信,2021/01/12,14,1%の恋人,HoneyWorks feat.南(豊永利行),https://youtu.be/uBLZ_SCeS0g?t=5325,TRUE,,
弾き語り,弾き語り配信,2021/01/12,15,君はともだち,ダイアモンド☆ユカイ,https://youtu.be/uBLZ_SCeS0g?t=5872,TRUE,,
弾き語り,弾き語り配信,2021/01/12,16,A Whole New World,石井一孝、麻生かほ里,https://youtu.be/uBLZ_SCeS0g?t=6647,TRUE,,
弾き語り,弾き語り配信,2021/01/12,17,とびら開けて,神田沙也加、津田英佑,https://youtu.be/uBLZ_SCeS0g?t=6327,TRUE,,
弾き語り,弾き語り配信,2021/01/12,18,バレンタイン・キッス,国生さゆり,https://youtu.be/uBLZ_SCeS0g?t=6528,TRUE,,
弾き語り,弾き語り配信,2021/01/12,19,別の人の彼女になったよ,wacci,https://youtu.be/uBLZ_SCeS0g?t=6760,TRUE,,
弾き語り,弾き語り配信,2021/01/12,20,風になる,つじあやの,https://youtu.be/uBLZ_SCeS0g?t=7679,TRUE,,
"弾き語り, アコギ以外",ギタレレ弾き語り,2021/01/16,1,睡蓮花,湘南乃風,https://youtu.be/1tVGjV_v9Ow?t=545,TRUE,,
"弾き語り, アコギ以外",ギタレレ弾き語り,2021/01/16,2,風になる,つじあやの,https://youtu.be/1tVGjV_v9Ow?t=884,TRUE,,
"弾き語り, アコギ以外",ギタレレ弾き語り,2021/01/16,3,いつも何度でも,木村弓,https://youtu.be/1tVGjV_v9Ow?t=1184,TRUE,,
"弾き語り, アコギ以外",ギタレレ弾き語り,2021/01/16,4,猫,DISH//,https://youtu.be/1tVGjV_v9Ow?t=1451,TRUE,,
"弾き語り, アコギ以外",ギタレレ弾き語り,2021/01/16,5,Love so sweet,嵐,https://youtu.be/1tVGjV_v9Ow?t=1628,TRUE,,
"弾き語り, アコギ以外",ギタレレ弾き語り,2021/01/16,6,葛飾ラプソディ,堂島孝平,https://youtu.be/1tVGjV_v9Ow?t=1775,TRUE,,
"弾き語り, アコギ以外",ギタレレ弾き語り,2021/01/16,7,やさしさに包まれたなら,松任谷由実,https://youtu.be/1tVGjV_v9Ow?t=1996,TRUE,,
"弾き語り, アコギ以外",ギタレレ弾き語り,2021/01/16,8,さくらんぼ,大塚愛,https://youtu.be/1tVGjV_v9Ow?t=2124,TRUE,,
"弾き語り, アコギ以外",ギタレレ弾き語り,2021/01/16,9,おジャ魔女カーニバル!!,MAHO堂,https://youtu.be/1tVGjV_v9Ow?t=2326,TRUE,,
"弾き語り, アコギ以外",ギタレレ弾き語り,2021/01/16,10,亜麻色の髪の乙女,島谷ひとみ,https://youtu.be/1tVGjV_v9Ow?t=2521,TRUE,,
"弾き語り, アコギ以外",ギタレレ弾き語り,2021/01/16,11,ぼうやの夢よ,エミリア(高橋李依),https://youtu.be/1tVGjV_v9Ow?t=2689,TRUE,,
"弾き語り, アコギ以外",ギタレレ弾き語り,2021/01/16,12,ちいさな冒険者,アクア(雨宮天)、めぐみん(高橋李依)、ダクネス(茅野愛衣),https://youtu.be/1tVGjV_v9Ow?t=2814,TRUE,,
"弾き語り, アコギ以外",ギタレレ弾き語り,2021/01/16,13,恋するフォーチュンクッキー,AKB48,https://youtu.be/1tVGjV_v9Ow?t=2944,TRUE,,
"弾き語り, アコギ以外",ギタレレ弾き語り,2021/01/16,14,ピエロ,KEI,https://youtu.be/1tVGjV_v9Ow?t=3145,TRUE,,
"弾き語り, アコギ以外",ギタレレ弾き語り,2021/01/16,15,115万キロのフィルム,Official髭男Dism,https://youtu.be/1tVGjV_v9Ow?t=3675,TRUE,,
弾き語り,弾き語り配信,2021/01/16,16,Rainbow,ROUND TABLE feat.Nino,https://youtu.be/1tVGjV_v9Ow?t=4006,TRUE,,
弾き語り,弾き語り配信,2021/01/16,17,カブトムシ,aiko,https://youtu.be/1tVGjV_v9Ow?t=4803,TRUE,,
弾き語り,弾き語り配信,2021/01/16,18,Little Traveler,ジミーサムP,https://youtu.be/1tVGjV_v9Ow?t=5054,TRUE,,
弾き語り,弾き語り配信,2021/01/21,1,少年ブレイヴ,じん,https://youtu.be/W4L6uxcV4zw?t=360,TRUE,,
弾き語り,弾き語り配信,2021/01/21,2,決意の朝に,Aqua Timez,https://youtu.be/W4L6uxcV4zw?t=912,TRUE,,
弾き語り,弾き語り配信,2021/01/21,3,Pretender,Official髭男dism,https://youtu.be/W4L6uxcV4zw?t=1354,TRUE,,
弾き語り,弾き語り配信,2021/01/21,4,Ghost of a smile,EGOIST,https://youtu.be/W4L6uxcV4zw?t=1799,TRUE,,
弾き語り,弾き語り配信,2021/01/21,5,いけないボーダーライン,ワルキューレ,https://youtu.be/W4L6uxcV4zw?t=2178,TRUE,,
弾き語り,弾き語り配信,2021/01/21,6,ダイアモンド クレバス,シェリル・ノーム starring May'n,https://youtu.be/W4L6uxcV4zw?t=2458,TRUE,,
弾き語り,弾き語り配信,2021/01/21,7,ふたたび,平原綾香,https://youtu.be/W4L6uxcV4zw?t=2966,TRUE,,
弾き語り,弾き語り配信,2021/01/21,8,サリシノハラ,みきとP,https://youtu.be/W4L6uxcV4zw?t=3137,TRUE,,
弾き語り,弾き語り配信,2021/01/21,9,愛にできることはまだあるかい,RADWIMPS,https://youtu.be/W4L6uxcV4zw?t=3290,TRUE,,
弾き語り,弾き語り配信,2021/01/21,10,祝祭,RADWIMPS,https://youtu.be/W4L6uxcV4zw?t=3461,TRUE,,
弾き語り,弾き語り配信,2021/01/21,11,UNION,OxT,https://youtu.be/W4L6uxcV4zw?t=4022,TRUE,,
弾き語り,弾き語り配信,2021/01/21,12,God knows…,涼宮ハルヒ(平野綾),https://youtu.be/W4L6uxcV4zw?t=4492,TRUE,,
弾き語り,弾き語り配信,2021/01/21,13,溝ノ口太陽族,manzo,https://youtu.be/W4L6uxcV4zw?t=4891,TRUE,,
弾き語り,弾き語り配信,2021/01/21,14,RAINBOW GIRL,となさ,https://youtu.be/W4L6uxcV4zw?t=6493,TRUE,,
"弾き語り, メン限",メン限（歌ったり）,2021/01/25,1,（メン限）,,https://youtu.be/ttzWv6KAMJE,TRUE,,
弾き語り,弾き語り配信,2021/01/29,1,ほうき星,ユンナ,https://youtu.be/OBQ9nHCtvYU?t=309,TRUE,,
弾き語り,弾き語り配信,2021/01/29,2,残酷な天使のテーゼ,高橋洋子,https://youtu.be/OBQ9nHCtvYU?t=596,TRUE,,
弾き語り,弾き語り配信,2021/01/29,3,夜空ノムコウ,SMAP,https://youtu.be/OBQ9nHCtvYU?t=1053,TRUE,,
弾き語り,弾き語り配信,2021/01/29,4,Progress,スガシカオ,https://youtu.be/OBQ9nHCtvYU?t=1504,TRUE,,
弾き語り,弾き語り配信,2021/01/29,5,アスノヨゾラ哨戒班,Orangestar,https://youtu.be/OBQ9nHCtvYU?t=1643,TRUE,,
弾き語り,弾き語り配信,2021/01/29,6,全部君がいたから知ったんだ,鈴木このみ,https://youtu.be/OBQ9nHCtvYU?t=1999,TRUE,,
弾き語り,弾き語り配信,2021/01/29,7,When You Wish Upon A Star,Cliff Edwards,https://youtu.be/OBQ9nHCtvYU?t=2348,TRUE,,
弾き語り,弾き語り配信,2021/01/29,8,となりのトトロ,井上あずみ,https://youtu.be/OBQ9nHCtvYU?t=2661,TRUE,,
弾き語り,弾き語り配信,2021/01/29,9,カントリーロード,本名陽子,https://youtu.be/OBQ9nHCtvYU?t=3051,TRUE,,
弾き語り,弾き語り配信,2021/01/29,10,いのちの名前,木村弓,https://youtu.be/OBQ9nHCtvYU?t=3252,TRUE,,
弾き語り,弾き語り配信,2021/01/29,11,さくら,森山直太朗,https://youtu.be/OBQ9nHCtvYU?t=3793,TRUE,,
弾き語り,弾き語り配信,2021/01/29,12,白夜～True Light～,宮本駿一,https://youtu.be/OBQ9nHCtvYU?t=4175,TRUE,,
弾き語り,弾き語り配信,2021/01/29,13,ねぇ,藤田麻衣子,https://youtu.be/OBQ9nHCtvYU?t=4888,TRUE,,
弾き語り,弾き語り配信,2021/01/29,14,キラメキ,wacci,https://youtu.be/OBQ9nHCtvYU?t=5673,TRUE,,
弾き語り,弾き語り配信,2021/01/29,15,七色シンフォニー,コアラモード.,https://youtu.be/OBQ9nHCtvYU?t=6088,TRUE,,
弾き語り,弾き語り配信,2021/01/29,16,恋,奥華子,https://youtu.be/OBQ9nHCtvYU?t=6489,TRUE,,
弾き語り,弾き語り配信,2021/01/29,17,涙そうそう,夏川りみ,https://youtu.be/OBQ9nHCtvYU?t=7564,TRUE,,
弾き語り,弾き語り配信,2021/02/05,1,RAIN,SEKAI NO OWARI,https://youtu.be/RAh5zCvb_yc?t=392,TRUE,,
弾き語り,弾き語り配信,2021/02/05,2,一斉の声,喜多修平,https://youtu.be/RAh5zCvb_yc?t=832,TRUE,,
弾き語り,弾き語り配信,2021/02/05,3,Let Me Be With You,ROUND TABLE feat.Nino,https://youtu.be/RAh5zCvb_yc?t=1757,TRUE,,
弾き語り,弾き語り配信,2021/02/05,4,アンパンマンのマーチ,島本須美,https://youtu.be/RAh5zCvb_yc?t=2193,TRUE,,
弾き語り,弾き語り配信,2021/02/05,5,リニアブルーを聴きながら,UNISON SQUARE GARDEN,https://youtu.be/RAh5zCvb_yc?t=2596,TRUE,,
弾き語り,弾き語り配信,2021/02/05,6,All Alone With You,EGOIST,https://youtu.be/RAh5zCvb_yc?t=3083,TRUE,,
弾き語り,弾き語り配信,2021/02/05,7,変わらないもの,奥華子,https://youtu.be/RAh5zCvb_yc?t=3686,TRUE,,
弾き語り,弾き語り配信,2021/02/05,8,幸せ願う彼方から,泉かなた(島本須美),https://youtu.be/RAh5zCvb_yc?t=4058,TRUE,,
弾き語り,弾き語り配信,2021/02/05,9,"Don't say ""lazy""",放課後ティータイム(桜高軽音部),https://youtu.be/RAh5zCvb_yc?t=4548,TRUE,,
弾き語り,弾き語り配信,2021/02/05,10,境界の彼方,茅原美里,https://youtu.be/RAh5zCvb_yc?t=5218,TRUE,,
弾き語り,弾き語り配信,2021/02/05,11,もう恋なんてしない,槇原敬之,https://youtu.be/RAh5zCvb_yc?t=6525,TRUE,,
弾き語り,弾き語り配信,2021/02/05,12,Hungry Spider,槇原敬之,https://youtu.be/RAh5zCvb_yc?t=6792,TRUE,,
弾き語り,弾き語り配信,2021/02/08,1,ニア,夏代孝明,https://youtu.be/VJDCDWsN7jU?t=313,TRUE,,
弾き語り,弾き語り配信,2021/02/08,2,Butter-Fly,和田光司,https://youtu.be/VJDCDWsN7jU?t=1004,TRUE,,
弾き語り,弾き語り配信,2021/02/08,3,COLORS,FLOW,https://youtu.be/VJDCDWsN7jU?t=1401,TRUE,,
弾き語り,弾き語り配信,2021/02/08,4,READY STEADY GO,L'Arc~en~Ciel,https://youtu.be/VJDCDWsN7jU?t=1801,TRUE,,
弾き語り,弾き語り配信,2021/02/08,5,ホログラム,NICO Touches the Walls,https://youtu.be/VJDCDWsN7jU?t=2129,TRUE,,
弾き語り,弾き語り配信,2021/02/08,6,GLAMOROUS SKY,中島美嘉,https://youtu.be/VJDCDWsN7jU?t=2472,TRUE,,
弾き語り,弾き語り配信,2021/02/08,7,愛のうた,ストロベリー・フラワー,https://youtu.be/VJDCDWsN7jU?t=3247,TRUE,,
弾き語り,弾き語り配信,2021/02/08,8,シンデレラ・クリスマス,KinKi Kids,https://youtu.be/VJDCDWsN7jU?t=6080,TRUE,,
弾き語り,弾き語り配信,2021/02/08,9,TAKE ME HIGHER,V6,https://youtu.be/VJDCDWsN7jU?t=6485,TRUE,,
弾き語り,弾き語り配信,2021/02/08,10,ラ♪ラ♪ラ♪スイートプリキュア♪,工藤真由,https://youtu.be/VJDCDWsN7jU?t=6776,TRUE,,
弾き語り,弾き語り配信,2021/02/08,11,睡蓮花,湘南乃風,https://youtu.be/VJDCDWsN7jU?t=8121,TRUE,,
弾き語り,弾き語り配信,2021/02/08,12,ロコローション,ORANGE RANGE,https://youtu.be/VJDCDWsN7jU?t=8638,TRUE,,
弾き語り,弾き語り配信,2021/02/08,13,シャカビーチ～Laka Laka La～,UVERworld,https://youtu.be/VJDCDWsN7jU?t=8875,TRUE,,
弾き語り,弾き語り配信,2021/02/08,14,青と夏,Mrs.GREEN APPLE,https://youtu.be/VJDCDWsN7jU?t=9117,TRUE,,
弾き語り,弾き語り配信,2021/02/14,1,バレンタイン・キッス,国生さゆり,https://youtu.be/NXqpl-9tw8c?t=295,TRUE,,
弾き語り,弾き語り配信,2021/02/14,2,心予報,Eve,https://youtu.be/NXqpl-9tw8c?t=656,TRUE,,
弾き語り,弾き語り配信,2021/02/14,3,チョコレート・トレイン,PENGUINS PROJECT(思春期P),https://youtu.be/NXqpl-9tw8c?t=952,TRUE,,
弾き語り,弾き語り配信,2021/02/14,4,カヌレ,CHiCO with HoneyWorks,https://youtu.be/NXqpl-9tw8c?t=1335,TRUE,,
弾き語り,弾き語り配信,2021/02/14,5,sweets parade,髏々宮カルタ(花澤香菜),https://youtu.be/NXqpl-9tw8c?t=1708,TRUE,,
弾き語り,弾き語り配信,2021/02/14,6,スイートマジック,Junky,https://youtu.be/NXqpl-9tw8c?t=2166,TRUE,,
弾き語り,弾き語り配信,2021/02/14,7,ワールドイズマイン,ryo(supercell),https://youtu.be/NXqpl-9tw8c?t=2587,TRUE,,
弾き語り,弾き語り配信,2021/02/14,8,ロミオとシンデレラ,doriko,https://youtu.be/NXqpl-9tw8c?t=2991,TRUE,,
弾き語り,弾き語り配信,2021/02/14,9,エンヴィーベイビー,Kanaria,https://youtu.be/NXqpl-9tw8c?t=3896,TRUE,,
弾き語り,弾き語り配信,2021/02/14,10,ハナミズキ,一青窈,https://youtu.be/NXqpl-9tw8c?t=4469,TRUE,,
弾き語り,弾き語り配信,2021/02/14,11,眠り姫,SEKAI NO OWARI,https://youtu.be/NXqpl-9tw8c?t=4962,TRUE,,
弾き語り,弾き語り配信,2021/02/14,12,First Love,宇多田ヒカル,https://youtu.be/NXqpl-9tw8c?t=5368,TRUE,,
"弾き語り, アコギ以外",ギタレレ弾き語り,2021/02/17,1,TSUNAMI,サザンオールスターズ,https://youtu.be/ZztS4PR6vqc?t=426,TRUE,,
"弾き語り, アコギ以外",ギタレレ弾き語り,2021/02/17,2,ゆるふわ樹海ガール,石風呂,https://youtu.be/ZztS4PR6vqc?t=885,TRUE,,
"弾き語り, アコギ以外",ギタレレ弾き語り,2021/02/17,3,星の唄,buzzG,https://youtu.be/ZztS4PR6vqc?t=1236,TRUE,,
"弾き語り, アコギ以外",ギタレレ弾き語り,2021/02/17,4,君をのせて,井上あずみ,https://youtu.be/ZztS4PR6vqc?t=1677,TRUE,,
"弾き語り, アコギ以外",ギタレレ弾き語り,2021/02/17,5,もののけ姫,米良美一,https://youtu.be/ZztS4PR6vqc?t=1982,TRUE,,
"弾き語り, アコギ以外",ギタレレ弾き語り,2021/02/17,6,シンフォニー,牧野由依,https://youtu.be/ZztS4PR6vqc?t=2482,TRUE,,
"弾き語り, アコギ以外",ギタレレ弾き語り,2021/02/17,7,Crosswalk,鈴木みのり,https://youtu.be/ZztS4PR6vqc?t=2880,TRUE,,
"弾き語り, アコギ以外",ギタレレ弾き語り,2021/02/17,8,猫,DISH//,https://youtu.be/ZztS4PR6vqc?t=3276,TRUE,,
"弾き語り, アコギ以外",ギタレレ弾き語り,2021/02/17,9,告白,supercell,https://youtu.be/ZztS4PR6vqc?t=3806,TRUE,,
"弾き語り, アコギ以外",ギタレレ弾き語り,2021/02/17,10,アイロニ,すこっぷ,https://youtu.be/ZztS4PR6vqc?t=4336,TRUE,,
"弾き語り, アコギ以外",ギタレレ弾き語り,2021/02/17,11,盲目の宇宙飛行士,yukkedoluce(黒髪ストロングP),https://youtu.be/ZztS4PR6vqc?t=5407,TRUE,,
弾き語り,ツイキャス弾き語り,2021/02/19,1,ドライフラワー,優里,https://twitcasting.tv/kaida_haru/movie/668180916,TRUE,,
弾き語り,ツイキャス弾き語り,2021/02/19,2,Pretender,Official髭男dism,https://twitcasting.tv/kaida_haru/movie/668180916,TRUE,,
弾き語り,ツイキャス弾き語り,2021/02/19,3,炎,LiSA,https://twitcasting.tv/kaida_haru/movie/668180916,TRUE,,
弾き語り,ツイキャス弾き語り,2021/02/19,4,ひまわりの約束,秦基博,https://twitcasting.tv/kaida_haru/movie/668180916,TRUE,,
弾き語り,ツイキャス弾き語り,2021/02/19,5,こいのうた,戸松遥,https://twitcasting.tv/kaida_haru/movie/668180916,TRUE,,
弾き語り,ツイキャス弾き語り,2021/02/19,6,星が瞬くこんな夜に,supercell,https://twitcasting.tv/kaida_haru/movie/668180916,TRUE,,
弾き語り,ツイキャス弾き語り,2021/02/19,7,約束をしよう,supercell,https://twitcasting.tv/kaida_haru/movie/668180916,TRUE,,
弾き語り,ツイキャス弾き語り,2021/02/19,8,Departures ～あなたにおくるアイの歌～,EGOIST,https://twitcasting.tv/kaida_haru/movie/668180916,TRUE,,
弾き語り,弾き語り配信,2021/02/24,1,カブトムシ,aiko,https://youtu.be/JQ_dh6tRNTo?t=239,TRUE,,
弾き語り,弾き語り配信,2021/02/24,2,コスモノート,天月,https://youtu.be/JQ_dh6tRNTo?t=703,TRUE,,
弾き語り,弾き語り配信,2021/02/24,3,アイネクライネ,米津玄師,https://youtu.be/JQ_dh6tRNTo?t=3813,TRUE,,
弾き語り,弾き語り配信,2021/02/24,4,Rally Go Round,LiSA,https://youtu.be/JQ_dh6tRNTo?t=4193,TRUE,,
弾き語り,弾き語り配信,2021/02/24,5,Answer,FLOW,https://youtu.be/JQ_dh6tRNTo?t=4653,TRUE,,
弾き語り,弾き語り配信,2021/02/24,6,ワールド・ランプシェード,buzzG,https://youtu.be/JQ_dh6tRNTo?t=5295,TRUE,,
弾き語り,弾き語り配信,2021/02/24,7,かくれんぼ,buzzG,https://youtu.be/JQ_dh6tRNTo?t=5670,TRUE,,
弾き語り,弾き語り配信,2021/02/24,8,Calc.,ジミーサムP,https://youtu.be/JQ_dh6tRNTo?t=6052,TRUE,,
弾き語り,弾き語り配信,2021/02/24,9,決意の朝に,Aqua Timez,https://youtu.be/JQ_dh6tRNTo?t=6395,TRUE,,
"コラボ, 歌唱のみ",にじさんじ Anniversary Festival 2021,2021/02/28,1,浮世の演舞,VΔLZ,https://youtu.be/Zeoiw0pry10?si=_blrj1oEEFnztxHF&t=15549,TRUE,弦月藤士郎、長尾景,
"コラボ, 歌唱のみ",にじさんじ Anniversary Festival 2021,2021/02/28,2,ふわふわ時間,放課後ティータイム(桜高軽音部),https://youtu.be/Zeoiw0pry10?si=_O0T-ce5tiqBGfXY&t=16248,TRUE,弦月藤士郎、長尾景,
弾き語り,弾き語り配信,2021/03/02,1,しおり,Aqua Timez,https://youtu.be/FyYzRPwS26U?t=286,TRUE,,
弾き語り,弾き語り配信,2021/03/02,2,旅立ちの日に,ー,https://youtu.be/FyYzRPwS26U?t=711,TRUE,,
弾き語り,弾き語り配信,2021/03/02,3,旅立ちの日に・・・,川嶋あい,https://youtu.be/FyYzRPwS26U?t=1110,TRUE,,
弾き語り,弾き語り配信,2021/03/02,4,桜ノ雨,halyosy,https://youtu.be/FyYzRPwS26U?t=1337,TRUE,,
弾き語り,弾き語り配信,2021/03/02,5,3月9日,レミオロメン,https://youtu.be/FyYzRPwS26U?t=1781,TRUE,,
弾き語り,弾き語り配信,2021/03/02,6,桜,コブクロ,https://youtu.be/FyYzRPwS26U?t=2197,TRUE,,
弾き語り,弾き語り配信,2021/03/02,7,さくら(独唱),森山直太朗,https://youtu.be/FyYzRPwS26U?t=2664,TRUE,,
弾き語り,弾き語り配信,2021/03/02,8,さよならメモリーズ,supercell,https://youtu.be/FyYzRPwS26U?t=2963,TRUE,,
弾き語り,弾き語り配信,2021/03/02,9,oath sign,LiSA,https://youtu.be/FyYzRPwS26U?t=3198,TRUE,,
弾き語り,弾き語り配信,2021/03/02,10,ARiA,とくP,https://youtu.be/FyYzRPwS26U?t=3798,TRUE,,
弾き語り,弾き語り配信,2021/03/02,11,SPiCa,とくP,https://youtu.be/FyYzRPwS26U?t=4055,TRUE,,
弾き語り,弾き語り配信,2021/03/02,12,Wishing,レム(水瀬いのり),https://youtu.be/FyYzRPwS26U?t=4473,TRUE,,
弾き語り,弾き語り配信,2021/03/02,13,明日も,MUSH＆Co.,https://youtu.be/FyYzRPwS26U?t=5095,TRUE,,
弾き語り,弾き語り配信,2021/03/02,14,真夏の果実,サザンオールスターズ,https://youtu.be/FyYzRPwS26U?t=6012,TRUE,,
弾き語り,弾き語り配信,2021/03/02,15,初恋の絵本,HoneyWorks,https://youtu.be/FyYzRPwS26U?t=6495,TRUE,,
弾き語り,弾き語り配信,2021/03/02,16,ホシアイ,レフティモンスターP,https://youtu.be/FyYzRPwS26U?t=7054,TRUE,,
弾き語り,弾き語り配信,2021/03/06,1,猫,DISH//,https://youtu.be/fV7bzKFn3Dg?t=351,TRUE,,
弾き語り,弾き語り配信,2021/03/06,2,天ノ弱,164,https://youtu.be/fV7bzKFn3Dg?t=796,TRUE,,
弾き語り,弾き語り配信,2021/03/06,3,KING,Kanaria,https://youtu.be/fV7bzKFn3Dg?t=1085,TRUE,,
弾き語り,弾き語り配信,2021/03/06,4,ハレ晴レユカイ,涼宮ハルヒ(平野綾)、長門有希(茅原実里)、朝比奈みくる(後藤邑子),https://youtu.be/fV7bzKFn3Dg?t=1438,TRUE,,
弾き語り,弾き語り配信,2021/03/06,5,青空のラプソディ,fhana,https://youtu.be/fV7bzKFn3Dg?t=1870,TRUE,,
弾き語り,弾き語り配信,2021/03/06,6,アイマイモコ,水瀬いのり,https://youtu.be/fV7bzKFn3Dg?t=2432,TRUE,,
弾き語り,弾き語り配信,2021/03/06,7,夢のつぼみ,水瀬いのり,https://youtu.be/fV7bzKFn3Dg?t=2552,TRUE,,
弾き語り,弾き語り配信,2021/03/06,8,コネクト,ClariS,https://youtu.be/fV7bzKFn3Dg?t=2832,TRUE,,
弾き語り,弾き語り配信,2021/03/06,9,ヒトリゴト,ClariS,https://youtu.be/fV7bzKFn3Dg?t=2995,TRUE,,
弾き語り,弾き語り配信,2021/03/06,10,adrenaline!!!,TrySail,https://youtu.be/fV7bzKFn3Dg?t=3132,TRUE,,
弾き語り,弾き語り配信,2021/03/06,11,1%の恋人,HoneyWorks feat.南(豊永利行),https://youtu.be/fV7bzKFn3Dg?t=3417,TRUE,,
弾き語り,弾き語り配信,2021/03/06,12,ようこそジャパリパークへ,どうぶつビスケッツ×PPP,https://youtu.be/fV7bzKFn3Dg?t=3804,TRUE,,
弾き語り,弾き語り配信,2021/03/06,13,シャルル,バルーン,https://youtu.be/fV7bzKFn3Dg?t=4183,TRUE,,
弾き語り,弾き語り配信,2021/03/06,14,アポロ,ポルノグラフィティ,https://youtu.be/fV7bzKFn3Dg?t=4797,TRUE,,
弾き語り,弾き語り配信,2021/03/06,15,サウダージ,ポルノグラフィティ,https://youtu.be/fV7bzKFn3Dg?t=4941,TRUE,,
弾き語り,弾き語り配信,2021/03/06,16,メリッサ,ポルノグラフィティ,https://youtu.be/fV7bzKFn3Dg?t=5089,TRUE,,
弾き語り,弾き語り配信,2021/03/06,17,瞬き,back number,https://youtu.be/fV7bzKFn3Dg?t=5819,TRUE,,
弾き語り,弾き語り配信,2021/03/06,18,115万キロのフィルム,Official髭男dism,https://youtu.be/fV7bzKFn3Dg?t=6254,TRUE,,
コラボ,ホワイトデーコラボ歌枠,2021/03/14,,からくりピエロ,40mP,https://youtu.be/OOE60UZUTMc?t=18m9s,,小野友樹,甲斐田晴
コラボ,ホワイトデーコラボ歌枠,2021/03/14,,ピエロ,KEI,https://youtu.be/OOE60UZUTMc?t=28m20s,,小野友樹,甲斐田晴
コラボ,ホワイトデーコラボ歌枠,2021/03/14,,地球最後の告白を,kemu,https://youtu.be/OOE60UZUTMc?t=37m25s,,小野友樹,甲斐田晴
コラボ,ホワイトデーコラボ歌枠,2021/03/14,,乙女解剖,DECO*27,https://youtu.be/OOE60UZUTMc?t=2992,TRUE,,
コラボ,ホワイトデーコラボ歌枠,2021/03/14,,magnet,minato(流星P),https://youtu.be/OOE60UZUTMc?t=3405,TRUE,,
コラボ,ホワイトデーコラボ歌枠,2021/03/14,,六兆年と一夜物語,kemu,https://youtu.be/OOE60UZUTMc?t=3821,TRUE,,
弾き語り,弾き語り配信,2021/03/18,1,前前前世,RADWIMPS,https://youtu.be/PomDuEVXfEA?t=271,TRUE,,
弾き語り,弾き語り配信,2021/03/18,2,地球最後の告白を,kemu,https://youtu.be/PomDuEVXfEA?t=774,TRUE,,
弾き語り,弾き語り配信,2021/03/18,3,敗北の少年,kemu,https://youtu.be/PomDuEVXfEA?t=1209,TRUE,,
弾き語り,弾き語り配信,2021/03/18,4,千の夜を越えて,Aqua Timez,https://youtu.be/PomDuEVXfEA?t=1675,TRUE,,
弾き語り,弾き語り配信,2021/03/18,5,そばかす,JUDY AND MARY,https://youtu.be/PomDuEVXfEA?t=2350,TRUE,,
弾き語り,弾き語り配信,2021/03/18,6,清廉なるHeretics,毛蟹 feat.DracoVirgo,https://youtu.be/PomDuEVXfEA?t=2976,TRUE,,
弾き語り,弾き語り配信,2021/03/18,7,小さきもの,林明日香,https://youtu.be/PomDuEVXfEA?t=4577,TRUE,,
弾き語り,弾き語り配信,2021/03/18,8,私、アイドル宣言,CHiCO with HoneyWorks,https://youtu.be/PomDuEVXfEA?t=5090,TRUE,,
弾き語り,弾き語り配信,2021/03/18,9,可愛くなりたい,HoneyWorks,https://youtu.be/PomDuEVXfEA?t=5258,TRUE,,
弾き語り,弾き語り配信,2021/03/25,1,世界は恋に落ちている,CHiCO with HoneyWorks,https://youtu.be/KxiwdUKt5ug?t=388,TRUE,,
弾き語り,弾き語り配信,2021/03/25,2,プライド革命,CHiCO with HoneyWorks,https://youtu.be/KxiwdUKt5ug?t=954,TRUE,,
弾き語り,弾き語り配信,2021/03/25,3,ドライフラワー,優里,https://youtu.be/KxiwdUKt5ug?t=1444,TRUE,,
弾き語り,弾き語り配信,2021/03/25,4,TRAIN-TRAIN,THE BLUE HEARTS,https://youtu.be/KxiwdUKt5ug?t=1699,TRUE,,
弾き語り,弾き語り配信,2021/03/25,5,Q＆Aリサイタル!,戸松遥,https://youtu.be/KxiwdUKt5ug?t=21158,TRUE,,
弾き語り,弾き語り配信,2021/03/25,6,M♭,加藤恵(安野希世乃),https://youtu.be/KxiwdUKt5ug?t=3016,TRUE,,
弾き語り,弾き語り配信,2021/03/25,7,君色シグナル,春奈るな,https://youtu.be/KxiwdUKt5ug?t=3172,TRUE,,
弾き語り,弾き語り配信,2021/03/25,8,空色デイズ,中川翔子,https://youtu.be/KxiwdUKt5ug?t=3880,TRUE,,
弾き語り,弾き語り配信,2021/03/25,9,Just Be Friends,Dixie Flatline,https://youtu.be/KxiwdUKt5ug?t=5210,TRUE,,
弾き語り,弾き語り配信,2021/03/25,10,うたかた花火,supercell,https://youtu.be/KxiwdUKt5ug?t=5801,TRUE,,
弾き語り,弾き語り配信,2021/03/25,11,ピエロ,KEI,https://youtu.be/KxiwdUKt5ug?t=6506,TRUE,,
音源協力,MIX協力,2021/03/27,1,moreきゅん奴隷,戦慄かなの,https://youtu.be/8dcB22mQadk,FALSE,魔界ノりりむ,
"コラボ, 弾き語り",コラボ歌枠,2021/03/29,1,猫,DISH//,https://youtu.be/9aYk28_pEak?t=64,TRUE,三枝明那,甲斐田晴
"コラボ, 弾き語り",コラボ歌枠,2021/03/29,2,ロメオ,LIP×LIP,https://youtu.be/9aYk28_pEak?t=756,TRUE,三枝明那,甲斐田晴
"コラボ, 弾き語り",コラボ歌枠,2021/03/29,3,青いベンチ,サスケ,https://youtu.be/9aYk28_pEak?t=1271,TRUE,三枝明那,甲斐田晴
"コラボ, 弾き語り",コラボ歌枠,2021/03/29,4,夜咄ディセイブ,じん,https://youtu.be/9aYk28_pEak?t=1836,TRUE,三枝明那,甲斐田晴
"コラボ, 弾き語り",コラボ歌枠,2021/03/29,5,太陽系デスコ,ナユタン星人,https://youtu.be/9aYk28_pEak?t=2325,TRUE,三枝明那,甲斐田晴
"コラボ, 弾き語り",コラボ歌枠,2021/03/29,6,Ti Amo,EXILE,https://youtu.be/9aYk28_pEak?t=2787,TRUE,三枝明那,甲斐田晴
"コラボ, 弾き語り",コラボ歌枠,2021/03/29,7,Virtual to LIVE,にじさんじ,https://youtu.be/9aYk28_pEak?t=3739,TRUE,三枝明那,甲斐田晴
,1周年記念生バンドオンラインライブ,2021/04/04,,Butter-Fly,和田光司,https://youtu.be/ZD3moB2335o?t=144,TRUE,,OD、†暗黒★破壊神†、ナツメ ユウキ、超★ファラオ
,1周年記念生バンドオンラインライブ,2021/04/04,,一滴の影響,UVERworld,https://youtu.be/ZD3moB2335o?t=550,TRUE,,OD、†暗黒★破壊神†、ナツメ ユウキ、超★ファラオ
,1周年記念生バンドオンラインライブ,2021/04/04,,完全感覚Dreamer,ONE OK ROCK,https://youtu.be/ZD3moB2335o?t=851,TRUE,,OD、†暗黒★破壊神†、ナツメ ユウキ、超★ファラオ
,1周年記念生バンドオンラインライブ,2021/04/04,,Lost my music,涼宮ハルヒ(平野綾),https://youtu.be/ZD3moB2335o?t=1401,TRUE,,OD、†暗黒★破壊神†、ナツメ ユウキ、超★ファラオ
,1周年記念生バンドオンラインライブ,2021/04/04,,想像フォレスト,じん,https://youtu.be/ZD3moB2335o?t=1685,TRUE,,OD、†暗黒★破壊神†、ナツメ ユウキ、超★ファラオ
,1周年記念生バンドオンラインライブ,2021/04/04,,プライド革命,CHiCO with HoneyWorks,https://youtu.be/ZD3moB2335o?t=2272,TRUE,,OD、†暗黒★破壊神†、ナツメ ユウキ、超★ファラオ
,1周年記念生バンドオンラインライブ,2021/04/04,,地球最後の告白を,kemu,https://youtu.be/ZD3moB2335o?t=2539,TRUE,,OD、†暗黒★破壊神†、ナツメ ユウキ、超★ファラオ
,1周年記念生バンドオンラインライブ,2021/04/04,,敗北の少年,kemu,https://youtu.be/ZD3moB2335o?t=3099,TRUE,,OD、†暗黒★破壊神†、ナツメ ユウキ、超★ファラオ
弾き語り,弾き語り配信,2021/04/07,1,愛言葉,DECO*27,https://youtu.be/VdbVaczlGx0?t=389,TRUE,,
弾き語り,弾き語り配信,2021/04/07,2,Say my nameの片思い,LiSA,https://youtu.be/VdbVaczlGx0?t=666,TRUE,,
弾き語り,弾き語り配信,2021/04/07,3,創聖のアクエリオン,AKINO,https://youtu.be/VdbVaczlGx0?t=1035,TRUE,,
弾き語り,弾き語り配信,2021/04/07,4,ignited-イグナイテッド-,T.M.revolution,https://youtu.be/VdbVaczlGx0?t=1646,TRUE,,
弾き語り,弾き語り配信,2021/04/07,5,儚くも永久のカナシ,UVERworld,https://youtu.be/VdbVaczlGx0?t=1830,TRUE,,
弾き語り,弾き語り配信,2021/04/07,6,ヒカリ,樹海,https://youtu.be/VdbVaczlGx0?t=2581,TRUE,,
弾き語り,弾き語り配信,2021/04/07,7,MEMORIA,藍井エイル,https://youtu.be/VdbVaczlGx0?t=3941,TRUE,,
弾き語り,弾き語り配信,2021/04/07,8,残酷な天使のテーゼ,高橋洋子,https://youtu.be/VdbVaczlGx0?t=3726,TRUE,,
弾き語り,弾き語り配信,2021/04/15,1,風になる,つじあやの,https://youtu.be/N78m9WLdOVU?t=219,TRUE,,
弾き語り,弾き語り配信,2021/04/15,2,さよならのかわりに,レフティーモンスターP,https://youtu.be/N78m9WLdOVU?t=968,TRUE,,
弾き語り,弾き語り配信,2021/04/15,3,硝子の少年,KinKi Kids,https://youtu.be/N78m9WLdOVU?t=1489,TRUE,,
弾き語り,弾き語り配信,2021/04/15,4,ヴァンパイア,DECO*27,https://youtu.be/N78m9WLdOVU?t=1981,TRUE,,
弾き語り,弾き語り配信,2021/04/15,5,weeeek,NEWS,https://youtu.be/N78m9WLdOVU?t=2499,TRUE,,
弾き語り,弾き語り配信,2021/04/15,6,夜空ノムコウ,SMAP,https://youtu.be/N78m9WLdOVU?t=3269,TRUE,,
弾き語り,弾き語り配信,2021/04/15,7,カタオモイ,Aimer,https://youtu.be/N78m9WLdOVU?t=3656,TRUE,,
弾き語り,弾き語り配信,2021/04/15,8,なんでもないや,RADWIMPS,https://youtu.be/N78m9WLdOVU?t=4030,TRUE,,
弾き語り,弾き語り配信,2021/04/15,9,スパークル,RADWIMPS,https://youtu.be/N78m9WLdOVU?t=4464,TRUE,,
弾き語り,弾き語り配信,2021/04/15,10,Hello Goodbye＆Hello,熊木杏里,https://youtu.be/N78m9WLdOVU?t=4877,TRUE,,
弾き語り,弾き語り配信,2021/04/15,11,夏恋花火,40mP,https://youtu.be/N78m9WLdOVU?t=5924,TRUE,,
弾き語り,弾き語り配信,2021/04/15,12,キラメキ,wacci,https://youtu.be/N78m9WLdOVU?t=6461,TRUE,,
弾き語り,弾き語り配信,2021/04/15,13,ガーネット,奥華子,https://youtu.be/N78m9WLdOVU?t=6894,TRUE,,
音源協力,オケ制作・MIX,2021/05/07,1,同担☆拒否,HoneyWorks,https://x.com/Sara_Hoshikawa/status/1390625254087692291?s=20,FALSE,星川サラ,
歌唱のみ,MIX作業配信,2021/05/07,2,同担☆拒否,HoneyWorks,https://www.youtube.com/live/r-jUrue3jno?si=QbCEIYWUaKr-5sOB&t=3827,TRUE,,
歌唱のみ,MIX作業配信,2021/05/07,3,砂の惑星,ハチ,https://www.youtube.com/live/r-jUrue3jno?si=wTKjn_-ujneNBquQ&t=9509,TRUE,,
メン限,メン限（MIX作業）,2021/05/15,,（メン限）,,https://www.youtube.com/live/f4ub3jMOzX8?si=y56FoKFT0whHrjZG,FALSE,,
歌唱のみ,にじさんじのハッピーアワー!!,2021/05/25,1,Mela!,緑黄色社会,https://www.nicovideo.jp/watch/so38832436?from=2738,TRUE,,
"歌唱のみ, コラボ",にじさんじのハッピーアワー!!,2021/05/25,2,PIECES OF A DREAM,CHEMISTRY,https://www.nicovideo.jp/watch/so38832436?from=3362,TRUE,不破湊,
弾き語り,バイオハザード配信,2021/05/26,1,Rain,秦基博,https://youtu.be/MO0lNB1sYCA?t=12879,TRUE,,
弾き語り,弾き語り配信,2021/05/29,1,アスノヨゾラ哨戒班,Orangestar,https://youtu.be/G4KfTN2SAHg?t=329,TRUE,,
弾き語り,弾き語り配信,2021/05/29,2,ホシアイ,レフティーモンスターＰ,https://youtu.be/G4KfTN2SAHg?t=588,TRUE,,
弾き語り,弾き語り配信,2021/05/29,3,ドライフラワー,優里,https://youtu.be/G4KfTN2SAHg?t=1118,TRUE,,
弾き語り,弾き語り配信,2021/05/29,4,夜に駆ける,YOASOBI,https://youtu.be/G4KfTN2SAHg?t=1382,TRUE,,
弾き語り,弾き語り配信,2021/05/29,5,小さきもの,林明日香,https://youtu.be/G4KfTN2SAHg?t=1630,TRUE,,
弾き語り,弾き語り配信,2021/05/29,6,空色デイズ,中川翔子,https://youtu.be/G4KfTN2SAHg?t=2322,TRUE,,
弾き語り,弾き語り配信,2021/05/29,7,太陽系デスコ,ナユタン星人,https://youtu.be/G4KfTN2SAHg?t=2836,TRUE,,
弾き語り,弾き語り配信,2021/05/29,8,夢灯籠,RADWIMPS,https://youtu.be/G4KfTN2SAHg?t=3200,TRUE,,
弾き語り,弾き語り配信,2021/05/29,9,ユメセカイ,戸松遥,https://youtu.be/G4KfTN2SAHg?t=3390,TRUE,,
弾き語り,弾き語り配信,2021/05/29,10,366日,HY,https://youtu.be/G4KfTN2SAHg?t=4071,TRUE,,
弾き語り,弾き語り配信,2021/06/01,1,気まぐれロマンティック,いきものがかり,https://youtu.be/D5HEEITkU4A?t=246,TRUE,,
弾き語り,弾き語り配信,2021/06/01,2,からくりピエロ,40mP,https://youtu.be/D5HEEITkU4A?t=770,TRUE,,
弾き語り,弾き語り配信,2021/06/01,3,シュガーソングとビターステップ,UNISON SQUARE GARDEN,https://youtu.be/D5HEEITkU4A?t=1287,TRUE,,
弾き語り,弾き語り配信,2021/06/01,4,少年と魔法のロボット,40mP,https://youtu.be/D5HEEITkU4A?t=1704,TRUE,,
弾き語り,弾き語り配信,2021/06/01,5,少年とロボット,佐香智久,https://youtu.be/D5HEEITkU4A?t=2092,TRUE,,
弾き語り,弾き語り配信,2021/06/01,6,僕たちの行方,高橋瞳,https://youtu.be/D5HEEITkU4A?t=2469,TRUE,,
弾き語り,弾き語り配信,2021/06/01,7,泪のムコウ,ステレオポニー,https://youtu.be/D5HEEITkU4A?t=2688,TRUE,,
弾き語り,弾き語り配信,2021/06/01,8,栄光の架橋,ゆず,https://youtu.be/D5HEEITkU4A?t=3052,TRUE,,
弾き語り,弾き語り配信,2021/06/01,9,ヴァンパイア,DECO*27,https://youtu.be/D5HEEITkU4A?t=3418,TRUE,,
弾き語り,弾き語り配信,2021/06/01,10,夜もすがら君想ふ,TOKOTOKO(西沢さんP),https://youtu.be/D5HEEITkU4A?t=3753,TRUE,,
弾き語り,弾き語り配信,2021/06/01,11,First Love,宇多田ヒカル,https://youtu.be/D5HEEITkU4A?t=3877,TRUE,,
弾き語り,弾き語り配信,2021/06/01,12,らいおんハート,SMAP,https://youtu.be/D5HEEITkU4A?t=4307,TRUE,,
弾き語り,弾き語り配信,2021/06/01,13,"Hello, Worker",KEI,https://youtu.be/D5HEEITkU4A?t=4492,TRUE,,
弾き語り,弾き語り配信,2021/06/01,14,サマータイムレコード,じん,https://youtu.be/D5HEEITkU4A?t=4913,TRUE,,
音源協力,掛け声参加,2021/06/04,1,1・2・3,After the Rain,https://youtu.be/zWtdaG1hAew?t=1499,FALSE,不破湊,
"音源協力, 演奏のみ",ギター音源提供,2021/06/05,1,女の子は泣かない,片平里奈,https://youtu.be/OeGL4wTVJ10?t=1421,FALSE,葉加瀬冬雪,
弾き語り,弾き語り配信,2021/06/06,1,決意の朝に,Aqua Timez,https://youtu.be/p3jijEGwUmE?t=495,TRUE,,
弾き語り,弾き語り配信,2021/06/06,2,夜もすがら君想ふ,TOKOTOKO(西沢さんＰ),https://youtu.be/p3jijEGwUmE?t=1144,TRUE,,
弾き語り,弾き語り配信,2021/06/06,3,猫,DISH//,https://youtu.be/p3jijEGwUmE?t=1481,TRUE,,
弾き語り,弾き語り配信,2021/06/06,4,メルト,ryo(supercell),https://youtu.be/p3jijEGwUmE?t=1740,TRUE,,
弾き語り,弾き語り配信,2021/06/06,5,パンダーヒーロー,ハチ,https://youtu.be/p3jijEGwUmE?t=2391,TRUE,,
弾き語り,弾き語り配信,2021/06/06,6,シャカビーチ~Laka Laka La~,UVERworld,https://youtu.be/p3jijEGwUmE?t=3018,TRUE,,
弾き語り,弾き語り配信,2021/06/06,7,浮世CROSSING,UVERworld,https://youtu.be/p3jijEGwUmE?t=3106,TRUE,,
弾き語り,弾き語り配信,2021/06/06,8,1/2,川本真琴,https://youtu.be/p3jijEGwUmE?t=3369,TRUE,,
弾き語り,弾き語り配信,2021/06/06,9,そばかす,JUDY AND MARY,https://youtu.be/p3jijEGwUmE?t=3551,TRUE,,
弾き語り,弾き語り配信,2021/06/06,10,となりのトトロ,井上あずみ,https://youtu.be/p3jijEGwUmE?t=4529,TRUE,,
弾き語り,弾き語り配信,2021/06/06,11,もののけ姫,米良美一,https://youtu.be/p3jijEGwUmE?t=4949,TRUE,,
弾き語り,弾き語り配信,2021/06/06,12,しわ,buzzG,https://youtu.be/p3jijEGwUmE?t=5882,TRUE,,
弾き語り,弾き語り配信,2021/06/06,13,雨上がりのミライ,ミルキィホームズ,https://youtu.be/p3jijEGwUmE?t=6521,TRUE,,
弾き語り,弾き語り配信,2021/06/06,14,RAIN,SEKAI NO OWARI,https://youtu.be/p3jijEGwUmE?t=6771,TRUE,,
弾き語り,弾き語り配信,2021/06/11,1,カサブタ,千綿ヒデノリ,https://youtu.be/OUrpXddBfC4?t=296,TRUE,,
弾き語り,弾き語り配信,2021/06/11,2,シルシ,LiSA,https://youtu.be/OUrpXddBfC4?t=634,TRUE,,
弾き語り,弾き語り配信,2021/06/11,3,ニア,夏代孝明,https://youtu.be/OUrpXddBfC4?t=1032,TRUE,,
弾き語り,弾き語り配信,2021/06/11,4,夢地図,40mP,https://youtu.be/OUrpXddBfC4?t=1372,TRUE,,
弾き語り,弾き語り配信,2021/06/11,5,風になる,つじあやの,https://youtu.be/OUrpXddBfC4?t=1739,TRUE,,
弾き語り,弾き語り配信,2021/06/11,6,TSUNAMI,サザンオールスターズ,https://youtu.be/OUrpXddBfC4?t=2122,TRUE,,
弾き語り,弾き語り配信,2021/06/11,7,ヒバナ,DECO*27,https://youtu.be/OUrpXddBfC4?t=2739,TRUE,,
弾き語り,弾き語り配信,2021/06/11,8,夏の終わり、恋の始まり,すこっぷ,https://youtu.be/OUrpXddBfC4?t=3181,TRUE,,
弾き語り,弾き語り配信,2021/06/11,9,青と夏,Mrs.GREEN APPLE,https://youtu.be/OUrpXddBfC4?t=3554,TRUE,,
弾き語り,弾き語り配信,2021/06/11,10,涙そうそう,夏川りみ,https://youtu.be/OUrpXddBfC4?t=5388,TRUE,,
弾き語り,弾き語り配信,2021/06/11,11,ハナミズキ,一青窈,https://youtu.be/OUrpXddBfC4?t=5890,TRUE,,
弾き語り,弾き語り配信,2021/06/17,1,シル・ヴ・プレジデント,Ｐ丸様。,https://youtu.be/iFizd8Vl5gc?t=309,TRUE,,
弾き語り,弾き語り配信,2021/06/17,2,千の夜をこえて,Aqua Timez,https://youtu.be/iFizd8Vl5gc?t=673,TRUE,,
弾き語り,弾き語り配信,2021/06/17,3,神のまにまに,れるりり,https://youtu.be/iFizd8Vl5gc?t=1108,TRUE,,
弾き語り,弾き語り配信,2021/06/17,4,Crosswalk,鈴木みのり,https://youtu.be/iFizd8Vl5gc?t=1420,TRUE,,
弾き語り,弾き語り配信,2021/06/17,5,ダイアモンド クレバス,シェリル・ノーム starring May'n,https://youtu.be/iFizd8Vl5gc?t=2202,TRUE,,
弾き語り,弾き語り配信,2021/06/17,6,トライアングラー,坂本真綾,https://youtu.be/iFizd8Vl5gc?t=2529,TRUE,,
弾き語り,弾き語り配信,2021/06/17,7,君じゃなきゃダメみたい,オーイシマサヨシ,https://youtu.be/iFizd8Vl5gc?t=3085,TRUE,,
弾き語り,弾き語り配信,2021/06/17,8,かくしん的☆めたまるふぉ～ぜっ！,土間うまる(田中あいみ),https://youtu.be/iFizd8Vl5gc?t=3520,TRUE,,
弾き語り,弾き語り配信,2021/06/17,9,変わらないもの,奥華子,https://youtu.be/iFizd8Vl5gc?t=4114,TRUE,,
弾き語り,弾き語り配信,2021/06/17,10,君の知らない物語,supercell,https://youtu.be/iFizd8Vl5gc?t=4954,TRUE,,
弾き語り,弾き語り配信,2021/06/17,11,CHANGE THE WORLD,V6,https://youtu.be/iFizd8Vl5gc?t=5698,TRUE,,
弾き語り,弾き語り配信,2021/06/22,1,ユメヲカケル,スピカ,https://youtu.be/rjofX9BGbH4?t=327,TRUE,,
弾き語り,弾き語り配信,2021/06/22,2,1・2・3,After the Rain,https://youtu.be/rjofX9BGbH4?t=827,TRUE,,
弾き語り,弾き語り配信,2021/06/22,3,完全感覚Dreamer,ONE OK ROCK,https://youtu.be/rjofX9BGbH4?t=1638,TRUE,,
弾き語り,弾き語り配信,2021/06/22,4,Mela!,緑黄色社会,https://youtu.be/rjofX9BGbH4?t=2124,TRUE,,
弾き語り,弾き語り配信,2021/06/22,5,いけないボーダーライン,ワルキューレ,https://youtu.be/rjofX9BGbH4?t=2458,TRUE,,
弾き語り,弾き語り配信,2021/06/22,6,ルンがピカッと光ったら,ワルキューレ,https://youtu.be/rjofX9BGbH4?t=2781,TRUE,,
弾き語り,弾き語り配信,2021/06/22,7,如月アテンション,じん,https://youtu.be/rjofX9BGbH4?t=3157,TRUE,,
弾き語り,弾き語り配信,2021/06/22,8,少年ブレイヴ,じん,https://youtu.be/rjofX9BGbH4?t=3607,TRUE,,
弾き語り,弾き語り配信,2021/06/22,9,病名恋ワズライ,HoneyWorks,https://youtu.be/rjofX9BGbH4?t=4053,TRUE,,
弾き語り,弾き語り配信,2021/06/22,10,テレカクシ思春期,HoneyWorks,https://youtu.be/rjofX9BGbH4?t=4395,TRUE,,
弾き語り,弾き語り配信,2021/06/22,11,ワールドランンプシェード,buzzG,https://youtu.be/rjofX9BGbH4?t=4596,TRUE,,
弾き語り,弾き語り配信,2021/06/22,12,星の唄,buzzG,https://youtu.be/rjofX9BGbH4?t=5033,TRUE,,
弾き語り,弾き語り配信,2021/06/28,1,Real Face,KAT-TUN,https://youtu.be/Y6390wVQL8E?t=388,TRUE,,
弾き語り,弾き語り配信,2021/06/28,2,シンデレラ・クリスマス,KinKi Kids,https://youtu.be/Y6390wVQL8E?t=856,TRUE,,
弾き語り,弾き語り配信,2021/06/28,3,もう恋なんてしない,槇原敬之,https://youtu.be/Y6390wVQL8E?t=1266,TRUE,,
弾き語り,弾き語り配信,2021/06/28,4,Love so sweet,嵐,https://youtu.be/Y6390wVQL8E?t=1618,TRUE,,
弾き語り,弾き語り配信,2021/06/28,5,カブトムシ,aiko,https://youtu.be/Y6390wVQL8E?t=1808,TRUE,,
弾き語り,弾き語り配信,2021/06/28,6,マリーゴールド,あいみょん,https://youtu.be/Y6390wVQL8E?t=2226,TRUE,,
弾き語り,弾き語り配信,2021/06/28,7,世界は恋に落ちている,CHiCO with HoneyWorks,https://youtu.be/Y6390wVQL8E?t=2963,TRUE,,
弾き語り,弾き語り配信,2021/06/28,8,君に届け,flumpool,https://youtu.be/Y6390wVQL8E?t=3415,TRUE,,
弾き語り,弾き語り配信,2021/07/02,1,夏恋花火,40ｍP,https://youtu.be/yTu9dpQmPkQ?t=501,TRUE,,
弾き語り,弾き語り配信,2021/07/02,2,永遠花火,謝謝P,https://youtu.be/yTu9dpQmPkQ?t=986,TRUE,,
弾き語り,弾き語り配信,2021/07/02,3,少年時代,井上陽水,https://youtu.be/yTu9dpQmPkQ?t=1424,TRUE,,
弾き語り,弾き語り配信,2021/07/02,4,secret base～君がくれたもの～,ZONE,https://youtu.be/yTu9dpQmPkQ?t=1810,TRUE,,
弾き語り,弾き語り配信,2021/07/02,5,天体観測,BUMP OF CHICKEN,https://youtu.be/yTu9dpQmPkQ?t=2261,TRUE,,
弾き語り,弾き語り配信,2021/07/02,6,フタリボシ,40mP,https://youtu.be/yTu9dpQmPkQ?t=2665,TRUE,,
弾き語り,弾き語り配信,2021/07/02,7,青と夏,Mrs.GREEN APPLE,https://youtu.be/yTu9dpQmPkQ?t=3043,TRUE,,
弾き語り,弾き語り配信,2021/07/02,8,うたかた花火,supercell,https://youtu.be/yTu9dpQmPkQ?t=3679,TRUE,,
弾き語り,弾き語り配信,2021/07/02,9,東京サマーセッション,HoneyWorks,https://youtu.be/yTu9dpQmPkQ?t=4880,TRUE,,
弾き語り,弾き語り配信,2021/07/02,10,真夏の果実,サザンオールスターズ,https://youtu.be/yTu9dpQmPkQ?t=5519,TRUE,,
弾き語り,弾き語り配信,2021/07/08,1,アイマイモコ,水瀬いのり,https://youtu.be/hvGyfRHgD2A?t=265,TRUE,,
弾き語り,弾き語り配信,2021/07/08,2,366日,HY,https://youtu.be/hvGyfRHgD2A?t=611,TRUE,,
弾き語り,弾き語り配信,2021/07/08,3,白日,King Gnu,https://youtu.be/hvGyfRHgD2A?t=1019,TRUE,,
弾き語り,弾き語り配信,2021/07/08,4,夕景イエスタデイ,じん,https://youtu.be/hvGyfRHgD2A?t=1495,TRUE,,
弾き語り,弾き語り配信,2021/07/08,5,U＆I,放課後ティータイム,https://youtu.be/hvGyfRHgD2A?t=2117,TRUE,,
弾き語り,弾き語り配信,2021/07/08,6,Sincerely,TRUE,https://youtu.be/hvGyfRHgD2A?t=2579,TRUE,,
弾き語り,弾き語り配信,2021/07/08,7,風が吹く街,ラックライフ,https://youtu.be/hvGyfRHgD2A?t=3197,TRUE,,
弾き語り,弾き語り配信,2021/07/08,8,サニーデイ,ラックライフ,https://youtu.be/hvGyfRHgD2A?t=3451,TRUE,,
弾き語り,弾き語り配信,2021/07/08,9,ピエロ,KEI,https://youtu.be/hvGyfRHgD2A?t=3649,TRUE,,
弾き語り,弾き語り配信,2021/07/14,1,プライド革命,CHiCO with HoneyWorks,https://youtu.be/JZD0e9wwy0M?t=376,TRUE,,
弾き語り,弾き語り配信,2021/07/14,2,1・2・3,After the Rain,https://youtu.be/JZD0e9wwy0M?t=717,TRUE,,
弾き語り,弾き語り配信,2021/07/14,3,光るなら,Goose house,https://youtu.be/JZD0e9wwy0M?t=1201,TRUE,,
弾き語り,弾き語り配信,2021/07/14,4,プラネタリウムの真実,夏代孝明,https://youtu.be/JZD0e9wwy0M?t=1639,TRUE,,
弾き語り,弾き語り配信,2021/07/14,5,StaRt,Mrs.GREEN APLLE,https://youtu.be/JZD0e9wwy0M?t=2060,TRUE,,
弾き語り,弾き語り配信,2021/07/14,6,Believe,Folder5,https://youtu.be/JZD0e9wwy0M?t=2501,TRUE,,
弾き語り,弾き語り配信,2021/07/14,7,バトルフロンティア,高屋亜希那,https://youtu.be/JZD0e9wwy0M?t=2795,TRUE,,
弾き語り,弾き語り配信,2021/07/14,8,太陽の楽園～Promised Land～,神戸みゆき,https://youtu.be/JZD0e9wwy0M?t=3394,TRUE,,
弾き語り,弾き語り配信,2021/07/14,9,V.I.P,シド,https://youtu.be/JZD0e9wwy0M?t=3982,TRUE,,
弾き語り,弾き語り配信,2021/07/14,10,モノクロのキス,シド,https://youtu.be/JZD0e9wwy0M?t=4574,TRUE,,
弾き語り,弾き語り配信,2021/07/14,11,炎,LiSA,https://youtu.be/JZD0e9wwy0M?t=4939,TRUE,,
弾き語り,弾き語り配信,2021/07/14,12,道しるべ,夏川りみ,https://youtu.be/JZD0e9wwy0M?t=5746,TRUE,,
弾き語り,弾き語り配信,2021/07/14,13,さよならのかわりに,レフティーモンスターP,https://youtu.be/JZD0e9wwy0M?t=6158,TRUE,,
音源協力,音源制作,2021/07/18,1,小悪魔だってかまわない！,HoneyWorks,https://youtu.be/oYNyppXIpWI,FALSE,星川サラ,
弾き語り,弾き語り配信,2021/07/20,1,MANKAI☆開花宣言,A3ders!,https://youtu.be/Xo3JvgDW9fU?t=391,TRUE,,
弾き語り,弾き語り配信,2021/07/20,2,在るべき形,UVERworld,https://youtu.be/Xo3JvgDW9fU?t=748,TRUE,,
弾き語り,弾き語り配信,2021/07/20,3,一滴の影響,UVERworld,https://youtu.be/Xo3JvgDW9fU?t=1170,TRUE,,
弾き語り,弾き語り配信,2021/07/20,4,115万キロのフィルム,Official髭男dism,https://youtu.be/Xo3JvgDW9fU?t=1597,TRUE,,
弾き語り,弾き語り配信,2021/07/20,5,廻廻奇譚,Eve,https://youtu.be/Xo3JvgDW9fU?t=2031,TRUE,,
弾き語り,弾き語り配信,2021/07/20,6,ガーネット,奥華子,https://youtu.be/Xo3JvgDW9fU?t=2953,TRUE,,
"メン限, 弾き語り",メン限（弾き語り）,2021/07/22,,（メン限）,,https://www.youtube.com/live/3ajCcq2hd6M?si=NgNOPOTJmS5EmUh8,FALSE,,
弾き語り,弾き語り配信,2021/07/29,1,ボクノート,スキマスイッチ,https://youtu.be/Mg0Sq5H_e30?t=302,TRUE,,
弾き語り,弾き語り配信,2021/07/29,2,瞬き,back number,https://youtu.be/Mg0Sq5H_e30?t=802,TRUE,,
弾き語り,弾き語り配信,2021/07/29,3,ソラニン,ASIAN KUNG-FU GENERATION,https://youtu.be/Mg0Sq5H_e30?t=1240,TRUE,,
弾き語り,弾き語り配信,2021/07/29,4,スパークル,RADWIMPS,https://youtu.be/Mg0Sq5H_e30?t=1578,TRUE,,
弾き語り,弾き語り配信,2021/07/29,5,夢灯籠,RADWIMPS,https://youtu.be/Mg0Sq5H_e30?t=2139,TRUE,,
弾き語り,弾き語り配信,2021/07/29,6,アムリタ,牧野由依,https://youtu.be/Mg0Sq5H_e30?t=2467,TRUE,,
弾き語り,弾き語り配信,2021/07/29,7,風待ちジェット,坂本真綾,https://youtu.be/Mg0Sq5H_e30?t=2729,TRUE,,
弾き語り,弾き語り配信,2021/07/29,8,ひとりぼっちじゃない,coba＆宮沢和史,https://youtu.be/Mg0Sq5H_e30?t=3034,TRUE,,
弾き語り,弾き語り配信,2021/07/29,9,Home Sweet Home,YUKI,https://youtu.be/Mg0Sq5H_e30?t=2968,TRUE,,
弾き語り,弾き語り配信,2021/07/29,10,決意の朝に,Aqua Timez,https://youtu.be/Mg0Sq5H_e30?t=3717,TRUE,,
弾き語り,弾き語り配信,2021/07/29,11,らしさ,SUPER BEAVER,https://youtu.be/Mg0Sq5H_e30?t=4084,TRUE,,
弾き語り,弾き語り配信,2021/07/29,12,インフェルノ,Mrs. GREEN APPLE,https://youtu.be/Mg0Sq5H_e30?t=4468,TRUE,,
弾き語り,弾き語り配信,2021/07/29,13,花に亡霊,ヨルシカ,https://youtu.be/Mg0Sq5H_e30?t=5078,TRUE,,
弾き語り,弾き語り配信,2021/07/29,14,別の人の彼女になったよ,wacci,https://youtu.be/Mg0Sq5H_e30?t=5696,TRUE,,
弾き語り,弾き語り配信,2021/07/29,15,ドライフラワー,優里,https://youtu.be/Mg0Sq5H_e30?t=5890,TRUE,,
弾き語り,弾き語り配信,2021/08/04,1,ユメヲカケル！,スピカ,https://youtu.be/EnYlddYmrtU?t=352,TRUE,,
弾き語り,弾き語り配信,2021/08/04,2,幽霊屋敷の首吊り少女,トーマ,https://youtu.be/EnYlddYmrtU?t=551,TRUE,,
弾き語り,弾き語り配信,2021/08/04,3,バビロン,トーマ,https://youtu.be/EnYlddYmrtU?t=894,TRUE,,
弾き語り,弾き語り配信,2021/08/04,4,九龍レトロ,トーマ,https://youtu.be/EnYlddYmrtU?t=958,TRUE,,
弾き語り,弾き語り配信,2021/08/04,5,エンヴィキャットウォーク,トーマ,https://youtu.be/EnYlddYmrtU?t=1098,TRUE,,
弾き語り,弾き語り配信,2021/08/04,6,シル・ヴ・プレジデント,Ｐ丸様。,https://youtu.be/EnYlddYmrtU?t=1427,TRUE,,
弾き語り,弾き語り配信,2021/08/04,7,secret base ～君がくれたもの～,ZONE,https://youtu.be/EnYlddYmrtU?t=1765,TRUE,,
弾き語り,弾き語り配信,2021/08/04,8,青と夏,Mrs.GREEN APPLE,https://youtu.be/EnYlddYmrtU?t=2212,TRUE,,
弾き語り,弾き語り配信,2021/08/04,9,地球最後の告白を,kemu,https://youtu.be/EnYlddYmrtU?t=2682,TRUE,,
弾き語り,弾き語り配信,2021/08/04,10,アヤノの幸福理論,じん,https://youtu.be/EnYlddYmrtU?t=3199,TRUE,,
弾き語り,弾き語り配信,2021/08/04,11,想像フォレスト,じん,https://youtu.be/EnYlddYmrtU?t=3420,TRUE,,
弾き語り,弾き語り配信,2021/08/04,12,グランドエスケープ,RADWIMPS,https://youtu.be/EnYlddYmrtU?t=3831,TRUE,,
弾き語り,弾き語り配信,2021/08/04,13,君の知らない物語,supercell,https://youtu.be/EnYlddYmrtU?t4061,TRUE,,
弾き語り,弾き語り配信,2021/08/04,14,オリオンをなぞる,UNISON SQUARE GARDEN,https://youtu.be/EnYlddYmrtU?t=5222,TRUE,,
弾き語り,弾き語り配信,2021/08/04,15,Pretender,Official髭男dism,https://youtu.be/EnYlddYmrtU?t=5687,TRUE,,
音源協力,コーラス参加,2021/08/10,1,群青,YOASOBI,https://youtu.be/R9KAXAxhhig,FALSE,西園チグサ,
音源協力,合いの手に参加,2021/08/10,2,青春モード！もう1回！！,本間ひまわり,https://youtu.be/1jUh4POHF0w?t=2144,FALSE,本間ひまわり,
弾き語り,弾き語り配信,2021/08/13,1,真夏の果実,サザンオールスターズ,https://youtu.be/SVhb7eXA2lM?t=239,TRUE,,
弾き語り,弾き語り配信,2021/08/13,2,メリッサ,ポルノグラフィティ,https://youtu.be/SVhb7eXA2lM?t=675,TRUE,,
弾き語り,弾き語り配信,2021/08/13,3,瞳をとじて,平井堅,https://youtu.be/SVhb7eXA2lM?t=1218.,TRUE,,
弾き語り,弾き語り配信,2021/08/13,4,SHAMROCK,UVERworld,https://youtu.be/SVhb7eXA2lM?t=1656,TRUE,,
弾き語り,弾き語り配信,2021/08/13,5,Love so sweet,嵐,https://youtu.be/SVhb7eXA2lM?t=2030,TRUE,,
弾き語り,弾き語り配信,2021/08/13,6,カワキヲアメク,美波,https://youtu.be/SVhb7eXA2lM?t=2722,TRUE,,
弾き語り,弾き語り配信,2021/08/13,7,フリージア,Uru,https://youtu.be/SVhb7eXA2lM?t=3263,TRUE,,
弾き語り,弾き語り配信,2021/08/13,8,GALLOWS BELL,BuzzG,https://youtu.be/SVhb7eXA2lM?t=3793,TRUE,,
弾き語り,弾き語り配信,2021/08/13,9,ふわふわ時間,放課後ティータイム(桜高軽音部),https://youtu.be/SVhb7eXA2lM?t=4133,TRUE,,
弾き語り,弾き語り配信,2021/08/13,10,わたしの恋はホッチキス,放課後ティータイム,https://youtu.be/SVhb7eXA2lM?t=4664,TRUE,,
弾き語り,弾き語り配信,2021/08/13,11,ときめきシュガー,放課後ティータイム,https://youtu.be/SVhb7eXA2lM?t=4996,TRUE,,
弾き語り,弾き語り配信,2021/08/13,12,君恋カレンダー,佐香智久,https://youtu.be/SVhb7eXA2lM?t=5244,TRUE,,
弾き語り,弾き語り配信,2021/08/13,13,もののけ姫,米良美一,https://youtu.be/SVhb7eXA2lM?t=5746,TRUE,,
弾き語り,弾き語り配信,2021/08/13,14,いつも何度でも,木村弓,https://youtu.be/SVhb7eXA2lM?t=6055,TRUE,,
弾き語り,弾き語り配信,2021/08/13,15,崖の上のポニョ,藤岡藤巻と大橋のぞみ,https://youtu.be/SVhb7eXA2lM?t=6533,TRUE,,
弾き語り,弾き語り配信,2021/08/13,16,ホシアイ,レフティーモンスターP,https://youtu.be/SVhb7eXA2lM?t=6890,TRUE,,
弾き語り,弾き語り配信,2021/08/19,1,Rolling star,YUI,https://youtu.be/xL3SnsjRY1c?t=849,TRUE,,
弾き語り,弾き語り配信,2021/08/19,2,変わらないもの,奥華子,https://youtu.be/xL3SnsjRY1c?t=1180,TRUE,,
弾き語り,弾き語り配信,2021/08/19,3,Mela!,緑黄色社会,https://youtu.be/xL3SnsjRY1c?t=1567,TRUE,,
弾き語り,弾き語り配信,2021/08/19,4,猫,DISH//,https://youtu.be/xL3SnsjRY1c?t=1938,TRUE,,
弾き語り,弾き語り配信,2021/08/19,5,ユメヲカケル!,スピカ,https://youtu.be/xL3SnsjRY1c?t=2456,TRUE,,
弾き語り,弾き語り配信,2021/08/19,6,Booo!,TOKOTOKO(西沢さんP),https://youtu.be/xL3SnsjRY1c?t=2614,TRUE,,
弾き語り,弾き語り配信,2021/08/19,7,らいおんハート,SMAP,https://youtu.be/xL3SnsjRY1c?t=2804,TRUE,,
弾き語り,弾き語り配信,2021/08/19,8,Virtual to LIVE,にじさんじ,https://youtu.be/xL3SnsjRY1c?t=3398,TRUE,,
弾き語り,弾き語り配信,2021/08/19,9,ピエロ,KEI,https://youtu.be/xL3SnsjRY1c?t=3754,TRUE,,
弾き語り,弾き語り配信,2021/08/25,1,アスノヨゾラ哨戒班,Orangestar,https://youtu.be/kST4_sPPQxc?t=466,TRUE,,
弾き語り,弾き語り配信,2021/08/25,2,アンパンマンのマーチ,ドリーミング,https://youtu.be/kST4_sPPQxc?t=789,TRUE,,
弾き語り,弾き語り配信,2021/08/25,3,タッチ,岩崎良美,https://youtu.be/kST4_sPPQxc?t=1005,TRUE,,
弾き語り,弾き語り配信,2021/08/25,4,アイのシナリオ,CHiCO with HoneyWorks,https://youtu.be/kST4_sPPQxc?t=1271,TRUE,,
弾き語り,弾き語り配信,2021/08/25,5,前前前世,RADWIMPS,https://youtu.be/kST4_sPPQxc?t=1761,TRUE,,
弾き語り,弾き語り配信,2021/08/25,6,キラメキ,wacci,https://youtu.be/kST4_sPPQxc?t=2146,TRUE,,
弾き語り,弾き語り配信,2021/08/25,7,小さきもの,林明日香,https://youtu.be/kST4_sPPQxc?t=2634,TRUE,,
弾き語り,弾き語り配信,2021/08/25,8,小夜子,みきとＰ,https://youtu.be/kST4_sPPQxc?t=3096,TRUE,,
弾き語り,弾き語り配信,2021/08/25,9,COLORS,FLOW,https://youtu.be/kST4_sPPQxc?t=3481,TRUE,,
弾き語り,弾き語り配信,2021/08/25,10,チューリングラブ,ナナヲアカリ,https://youtu.be/kST4_sPPQxc?t=4989,TRUE,,
弾き語り,弾き語り配信,2021/08/25,11,Departures ～あなたにおくるアイの歌～,EGOIST,https://youtu.be/kST4_sPPQxc?t=5525,TRUE,,
弾き語り,弾き語り配信,2021/08/28,1,irony,ClariS,https://youtu.be/4njKfDo8efA?t=517,TRUE,,
弾き語り,弾き語り配信,2021/08/28,2,夏の終わり、恋の始まり,すこっぷ,https://youtu.be/4njKfDo8efA?t=992,TRUE,,
弾き語り,弾き語り配信,2021/08/28,3,フタリボシ,40mP,https://youtu.be/4njKfDo8efA?t=1316,TRUE,,
弾き語り,弾き語り配信,2021/08/28,4,恋愛裁判,40mP,https://youtu.be/4njKfDo8efA?t=1674,TRUE,,
弾き語り,弾き語り配信,2021/08/28,5,キリトリセン,40mP,https://youtu.be/4njKfDo8efA?t=2043,TRUE,,
弾き語り,弾き語り配信,2021/08/28,6,夢地図,40mP,https://youtu.be/4njKfDo8efA?t=2135,TRUE,,
弾き語り,弾き語り配信,2021/08/28,7,only my railgun,fripSide,https://youtu.be/4njKfDo8efA?t=2546,TRUE,,
弾き語り,弾き語り配信,2021/08/28,8,Wishing,レム(水瀬いのり),https://youtu.be/4njKfDo8efA?t=2973,TRUE,,
弾き語り,弾き語り配信,2021/08/28,9,ぼうやの夢よ,エミリア(高橋李依),https://youtu.be/4njKfDo8efA?t=3364,TRUE,,
弾き語り,弾き語り配信,2021/08/28,10,シンガロン進化論,大橋彩香,https://youtu.be/4njKfDo8efA?t=3526,TRUE,,
弾き語り,弾き語り配信,2021/08/28,11,JOINT,川田まみ,https://youtu.be/4njKfDo8efA?t=4063,TRUE,,
弾き語り,弾き語り配信,2021/08/28,12,First kiss,ICHIKO,https://youtu.be/4njKfDo8efA?t=4527,TRUE,,
弾き語り,弾き語り配信,2021/08/28,13,1000%SPARKING!,ネギ・スプリングフィールド(佐藤利奈)、神楽坂明日菜(神田朱未)、近衛木乃香(野中藍)、桜咲刹那(小林ゆう),https://youtu.be/4njKfDo8efA?t=4767,TRUE,,
弾き語り,弾き語り配信,2021/08/28,14,Cross Over,9nine,https://youtu.be/4njKfDo8efA?t=5028,TRUE,,
弾き語り,弾き語り配信,2021/08/28,15,Falco -ファルコ-,島谷ひとみ,https://youtu.be/4njKfDo8efA?t=5441,TRUE,,
弾き語り,弾き語り配信,2021/08/28,16,i Love,azusa,https://youtu.be/4njKfDo8efA?t=6037,TRUE,,
弾き語り,弾き語り配信,2021/08/28,17,Legend of Mermaid,七海るちあ(中田あすみ)・宝生波音(寺門仁美)・洞院リナ(浅野まゆみ),https://youtu.be/4njKfDo8efA?t=6210,TRUE,,
弾き語り,弾き語り配信,2021/08/28,18,Pray,水樹奈々,https://youtu.be/4njKfDo8efA?t=6682,TRUE,,
弾き語り,弾き語り配信,2021/08/28,19,経験値上昇中☆,みなみけ3姉妹,https://youtu.be/4njKfDo8efA?t=7157,TRUE,,
弾き語り,弾き語り配信,2021/08/28,20,ニルヴァーナ,MUCC,https://youtu.be/4njKfDo8efA?t=7368,TRUE,,
弾き語り,弾き語り配信,2021/08/28,21,sweets parade,髏々宮カルタ(花澤香菜),https://youtu.be/4njKfDo8efA?t=7467,TRUE,,
弾き語り,弾き語り配信,2021/08/28,22,lull ～そして僕らは～,Ray,https://youtu.be/4njKfDo8efA?t=7682,TRUE,,
弾き語り,弾き語り配信,2021/09/01,1,猫,DISH//,https://youtu.be/FmKm8QtAL88?t=434,TRUE,,
弾き語り,弾き語り配信,2021/09/01,2,少年時代,井上陽水,https://youtu.be/FmKm8QtAL88?t=777,TRUE,,
弾き語り,弾き語り配信,2021/09/01,3,永遠にともに,コブクロ,https://youtu.be/FmKm8QtAL88?t=1322,TRUE,,
弾き語り,弾き語り配信,2021/09/01,4,シュガーソングとビターステップ,UNISON SQUARE GARDEN,https://youtu.be/FmKm8QtAL88?t=1561,TRUE,,
弾き語り,弾き語り配信,2021/09/01,5,Q＆Aリサイタル,戸松遥,https://youtu.be/FmKm8QtAL88?t=1875,TRUE,,
弾き語り,弾き語り配信,2021/09/01,6,くちづけDiamond,WEAVER,https://youtu.be/FmKm8QtAL88?t=2277,TRUE,,
弾き語り,弾き語り配信,2021/09/01,7,Happy Happy Greeting,KinKi Kids,https://youtu.be/FmKm8QtAL88?t=2595,TRUE,,
弾き語り,弾き語り配信,2021/09/01,8,1%の恋人,Honeyworks feat.南(豊永利行),https://youtu.be/FmKm8QtAL88?t=3190,TRUE,,
弾き語り,弾き語り配信,2021/09/01,9,告白ライバル宣言,Honeyworks ,https://youtu.be/FmKm8QtAL88?t=3440,TRUE,,
弾き語り,弾き語り配信,2021/09/01,10,泣き虫カレシ,Honeyworks ,https://youtu.be/FmKm8QtAL88?t=3603,TRUE,,
弾き語り,弾き語り配信,2021/09/01,11,可愛くなりたい,Honeyworks ,https://youtu.be/FmKm8QtAL88?t=4146,TRUE,,
弾き語り,弾き語り配信,2021/09/01,12,心臓デモクラシー,みきとP,https://youtu.be/FmKm8QtAL88?t=4539,TRUE,,
弾き語り,弾き語り配信,2021/09/01,13,カブトムシ,aiko,https://youtu.be/FmKm8QtAL88?t=4904,TRUE,,
弾き語り,弾き語り配信,2021/09/07,1,1・2・3,After the Rain,https://youtu.be/TesWlQ5eA64?t=262,TRUE,,
弾き語り,弾き語り配信,2021/09/07,2,Hello Goodbye＆Hello,熊木杏里,https://youtu.be/TesWlQ5eA64?t=707,TRUE,,
弾き語り,弾き語り配信,2021/09/07,3,しわ,buzzG,https://youtu.be/TesWlQ5eA64?t=1128,TRUE,,
弾き語り,弾き語り配信,2021/09/07,4,清廉なるHeretics,毛蟹 feat.Draco Virgo,https://youtu.be/TesWlQ5eA64?t=1619,TRUE,,
弾き語り,弾き語り配信,2021/09/07,5,リライト,ASIAN KUNG-FU GENERATION,https://youtu.be/TesWlQ5eA64?t=2242,TRUE,,
弾き語り,弾き語り配信,2021/09/07,6,Colors of Heart,UVERworld,https://youtu.be/TesWlQ5eA64?t=2635,TRUE,,
弾き語り,弾き語り配信,2021/09/07,7,ヤキモチの答え,Honeyworks,https://youtu.be/TesWlQ5eA64?t=3003,TRUE,,
弾き語り,弾き語り配信,2021/09/07,8,病名恋ワズライ,Honeyworks,https://youtu.be/TesWlQ5eA64?t=3277,TRUE,,
弾き語り,弾き語り配信,2021/09/07,9,空色デイズ,中川翔子,https://youtu.be/TesWlQ5eA64?t=3490,TRUE,,
弾き語り,弾き語り配信,2021/09/07,10,幽霊東京,Ayase,https://youtu.be/TesWlQ5eA64?t=3952,TRUE,,
弾き語り,弾き語り配信,2021/09/07,11,ようこそジャパリパークへ,どうぶつビスケッツ×PPP,https://youtu.be/TesWlQ5eA64?t=4494,TRUE,,
弾き語り,弾き語り配信,2021/09/07,12,耳の聞こえなくなった恋人とそのうたうたい,大石昌良,https://youtu.be/TesWlQ5eA64?t=4964,TRUE,,
弾き語り,弾き語り配信,2021/09/07,13,First Love,宇多田ヒカル,https://youtu.be/TesWlQ5eA64?t=5142,TRUE,,
弾き語り,弾き語り配信,2021/09/07,14,三日月,綾香,https://youtu.be/TesWlQ5eA64?t=5574,TRUE,,
弾き語り,弾き語り配信,2021/09/07,15,ヴァンパイア,DECO*27,https://youtu.be/TesWlQ5eA64?t=6016,TRUE,,
弾き語り,弾き語り配信,2021/09/07,16,はなればなれの君へ,Belle,https://youtu.be/TesWlQ5eA64?t=6435,TRUE,,
弾き語り,弾き語り配信,2021/09/07,17,ガーネット,奥華子,https://youtu.be/TesWlQ5eA64?t=6791,TRUE,,
弾き語り,弾き語り配信,2021/09/13,1,Smiling,halyosy,https://youtu.be/4pAinDIJtzk?t=385,TRUE,,
弾き語り,弾き語り配信,2021/09/13,2,ニア,夏代孝明,https://youtu.be/4pAinDIJtzk?t=832,TRUE,,
弾き語り,弾き語り配信,2021/09/13,3,想像フォレスト,じん,https://youtu.be/4pAinDIJtzk?t=1327,TRUE,,
弾き語り,弾き語り配信,2021/09/13,4,S(mile)ING！,島村卯月(大橋彩香),https://youtu.be/4pAinDIJtzk?t=1863,TRUE,,
弾き語り,弾き語り配信,2021/09/13,5,ファンサ,mona,https://youtu.be/4pAinDIJtzk?t=2173,TRUE,,
弾き語り,弾き語り配信,2021/09/13,6,カサブタ,千綿ヒデノリ,https://youtu.be/4pAinDIJtzk?t=2663,TRUE,,
弾き語り,弾き語り配信,2021/09/13,7,シルシ,LiSA,https://youtu.be/4pAinDIJtzk?t=3057,TRUE,,
弾き語り,弾き語り配信,2021/09/13,8,newsong,tacica,https://youtu.be/4pAinDIJtzk?t=3448,TRUE,,
弾き語り,弾き語り配信,2021/09/13,9,ダイアモンド クレバス,シェリル・ノーム starring May'n,https://youtu.be/4pAinDIJtzk?t=3828,TRUE,,
弾き語り,弾き語り配信,2021/09/13,10,God knows…,涼宮ハルヒ(平野綾),https://youtu.be/4pAinDIJtzk?t=4563,TRUE,,
弾き語り,弾き語り配信,2021/09/13,11,ボクノート,スキマスイッチ,https://youtu.be/4pAinDIJtzk?t=5433,TRUE,,
弾き語り,弾き語り配信,2021/09/13,12,ポケットにファンタジー,さち＆じゅり,https://youtu.be/4pAinDIJtzk?t=5819,TRUE,,
弾き語り,弾き語り配信,2021/09/13,13,いのちの名前,木村弓,https://youtu.be/4pAinDIJtzk?t=6140,TRUE,,
コラボ,コラボ歌枠,2021/09/19,1,猫,DISH//,https://youtu.be/nSDpu02YYzU?t=513,TRUE,,
コラボ,コラボ歌枠,2021/09/19,2,Holy Angel's Carol,fine,https://youtu.be/nSDpu02YYzU?t=1134,TRUE,,
コラボ,コラボ歌枠,2021/09/19,3,前前前世,RADWIMPS,https://youtu.be/nSDpu02YYzU?t=1727,TRUE,,
コラボ,コラボ歌枠,2021/09/19,4,スパークル,RADWIMPS,https://youtu.be/nSDpu02YYzU?t=1957,TRUE,,
コラボ,コラボ歌枠,2021/09/19,5,なんでもないや,RADWIMPS,https://youtu.be/nSDpu02YYzU?t=2426,TRUE,,
コラボ,コラボ歌枠,2021/09/19,6,可愛くなりたい,HoneyWorks,https://youtu.be/nSDpu02YYzU?t=3066,TRUE,,
コラボ,コラボ歌枠,2021/09/19,7,ロメオ,LIP×LIP,https://youtu.be/nSDpu02YYzU?t=3206,TRUE,,
コラボ,コラボ歌枠,2021/09/19,8,丸の内サディスティック,椎名林檎,https://youtu.be/nSDpu02YYzU?t=3973,TRUE,,
コラボ,コラボ歌枠,2021/09/19,9,アイネクライネ,米津玄師,https://youtu.be/nSDpu02YYzU?t=4337,TRUE,,
コラボ,コラボ歌枠,2021/09/19,10,世界は恋に落ちている,CHiCO with HoneyWorks,https://youtu.be/nSDpu02YYzU?t=4844,TRUE,,
"メン限, 弾き語り",メン限（配信開始前ツイート「弾き語りする」）,2021/09/26,,（メン限）,,https://www.youtube.com/live/XXK8mqRMRTQ?si=KG5yh_DREZpsPO6J,,,
弾き語り,弾き語り配信,2021/09/27,1,夜空ノムコム,SMAP,https://youtu.be/-M7jkpRd_vM?t=388,TRUE,,
弾き語り,弾き語り配信,2021/09/27,2,Pretender,Official髭男dism,https://youtu.be/-M7jkpRd_vM?t=755,TRUE,,
弾き語り,弾き語り配信,2021/09/27,3,ここにしか咲かない花,コブクロ,https://youtu.be/-M7jkpRd_vM?t=1225,TRUE,,
弾き語り,弾き語り配信,2021/09/27,4,一滴の影響,UVERworld,https://youtu.be/-M7jkpRd_vM?t=1732,TRUE,,
弾き語り,弾き語り配信,2021/09/27,5,Wherever you are,ONE OK ROCK,https://youtu.be/-M7jkpRd_vM?t=2357,TRUE,,
弾き語り,弾き語り配信,2021/09/27,6,雪の華,中島美嘉,https://youtu.be/-M7jkpRd_vM?t=2921,TRUE,,
弾き語り,弾き語り配信,2021/09/27,7,ENDLESS STORY,REIRA starring YUNA ITO,https://youtu.be/-M7jkpRd_vM?t=3296,TRUE,,
弾き語り,弾き語り配信,2021/09/27,8,限界突破×サバイバー,氷川きよし,https://youtu.be/-M7jkpRd_vM?t=4101,TRUE,,
弾き語り,弾き語り配信,2021/09/27,9,奏,スキマスイッチ,https://youtu.be/-M7jkpRd_vM?t=4655,TRUE,,
弾き語り,弾き語り配信,2021/09/27,10,ワールド・ランプシェード,buzzG,https://youtu.be/-M7jkpRd_vM?t=4965,TRUE,,
弾き語り,弾き語り配信,2021/09/27,11,星が瞬くこんな夜に,supercell,https://youtu.be/-M7jkpRd_vM?t=5480,TRUE,,
弾き語り,弾き語り配信,2021/09/27,12,悲しみをやさしさに,little by little,https://youtu.be/-M7jkpRd_vM?t=5901,TRUE,,
弾き語り,弾き語り配信,2021/09/27,13,"One more time,One more chance",山崎まさよし,https://youtu.be/-M7jkpRd_vM?t=6614,TRUE,,
弾き語り,弾き語り配信,2021/10/02,1,Love is MY RAIL,鈴木このみ,https://youtu.be/mYUJBNIq8qk?t=176,TRUE,,
弾き語り,弾き語り配信,2021/10/02,2,ブラック★ロックシューター,ryo,https://youtu.be/mYUJBNIq8qk?t=425,TRUE,,
弾き語り,弾き語り配信,2021/10/02,3,月光花,Janne Da Arc,https://youtu.be/mYUJBNIq8qk?t=815,TRUE,,
弾き語り,弾き語り配信,2021/10/02,4,六兆年と一夜物語,kemu,https://youtu.be/mYUJBNIq8qk?t=1159,TRUE,,
弾き語り,弾き語り配信,2021/10/02,5,マリンブルーに沿って,佐咲紗花,https://youtu.be/mYUJBNIq8qk?t=1496,TRUE,,
弾き語り,弾き語り配信,2021/10/02,6,キスのひとつで,佐咲紗花,https://youtu.be/mYUJBNIq8qk?t=1670,TRUE,,
弾き語り,弾き語り配信,2021/10/02,7,アヤノの幸福理論,じん,https://youtu.be/mYUJBNIq8qk?t=1821,TRUE,,
弾き語り,弾き語り配信,2021/10/02,8,サマータイムレコード,じん,https://youtu.be/mYUJBNIq8qk?t=2094,TRUE,,
弾き語り,弾き語り配信,2021/10/02,9,からくりピエロ,40mP,https://youtu.be/mYUJBNIq8qk?t=2643,TRUE,,
弾き語り,弾き語り配信,2021/10/02,10,サウダージ,ポルノグラフィティ,https://youtu.be/mYUJBNIq8qk?t=3351,TRUE,,
弾き語り,弾き語り配信,2021/10/02,11,初音ミクの消失,cosMo@暴走Ｐ,https://youtu.be/mYUJBNIq8qk?t=3871,TRUE,,
弾き語り,弾き語り配信,2021/10/02,12,フィクション,sumika,https://youtu.be/mYUJBNIq8qk?t=4302,TRUE,,
弾き語り,弾き語り配信,2021/10/02,13,浮世CROSSING,UVERworld,https://youtu.be/mYUJBNIq8qk?t=4732,TRUE,,
弾き語り,弾き語り配信,2021/10/02,14,Raise,小倉唯,https://youtu.be/mYUJBNIq8qk?t=5112,TRUE,,
弾き語り,弾き語り配信,2021/10/02,15,風になる,つじあやの,https://youtu.be/mYUJBNIq8qk?t=5586,TRUE,,
メン限,メン限（弾き語り新機材テスト）,2021/10/04,,（メン限）,,https://www.youtube.com/live/Q6nCSjh3Eac?si=7nTM1F7GodWioY0v,,,
弾き語り,弾き語り配信,2021/10/08,1,ハナミズキ,一青窈,https://youtu.be/ruXDpnQz4pk?t=215,TRUE,,
弾き語り,弾き語り配信,2021/10/08,2,もののけ姫,米良美一,https://youtu.be/ruXDpnQz4pk?t=908,TRUE,,
弾き語り,弾き語り配信,2021/10/08,3,テルーの唄,手嶌葵,https://youtu.be/ruXDpnQz4pk?t=1077,TRUE,,
弾き語り,弾き語り配信,2021/10/08,4,心做し,蝶々P,https://youtu.be/ruXDpnQz4pk?t=1320,TRUE,,
弾き語り,弾き語り配信,2021/10/08,5,農夫と神様,どぶろっく,https://youtu.be/ruXDpnQz4pk?t=1757,TRUE,,
弾き語り,弾き語り配信,2021/10/08,6,香水,瑛人,https://youtu.be/ruXDpnQz4pk?t=2033,TRUE,,
弾き語り,弾き語り配信,2021/10/08,7,コスモノート,天月-あまつき-,https://youtu.be/ruXDpnQz4pk?t=2482,TRUE,,
弾き語り,弾き語り配信,2021/10/08,8,眠り姫,SEKAI NO OWARI,https://youtu.be/ruXDpnQz4pk?t=2968,TRUE,,
弾き語り,弾き語り配信,2021/10/08,9,ハートの主張,CHiCO with HoneyWorks,https://youtu.be/ruXDpnQz4pk?t=3494,TRUE,,
弾き語り,弾き語り配信,2021/10/08,10,シリウス,藍井エイル,https://youtu.be/ruXDpnQz4pk?t=3841,TRUE,,
弾き語り,弾き語り配信,2021/10/08,11,staple stable,戦場ヶ原ひたぎ(斎藤千和),https://youtu.be/ruXDpnQz4pk?t=4361,TRUE,,
弾き語り,弾き語り配信,2021/10/08,12,帰り道,八九寺真宵(加藤英美里),https://youtu.be/ruXDpnQz4pk?t=4697,TRUE,,
弾き語り,弾き語り配信,2021/10/08,13,marshmallow justice,阿良々木火憐(喜多村英梨),https://youtu.be/ruXDpnQz4pk?t=4860,TRUE,,
弾き語り,弾き語り配信,2021/10/08,14,Ring My Bell,blue drops,https://youtu.be/ruXDpnQz4pk?t=5474,TRUE,,
弾き語り,弾き語り配信,2021/10/08,15,irony,ClariS,https://youtu.be/ruXDpnQz4pk?t=6414,TRUE,,
弾き語り,弾き語り配信,2021/10/08,16,正解はひとつ!じゃない!!,ミルキィホームズ,https://youtu.be/ruXDpnQz4pk?t=6751,TRUE,,
弾き語り,弾き語り配信,2021/10/08,17,BLAZE,キンヤ,https://youtu.be/ruXDpnQz4pk?t=6921,TRUE,,
弾き語り,弾き語り配信,2021/10/08,18,アムリタ,牧野由依,https://youtu.be/ruXDpnQz4pk?t=7291,TRUE,,
弾き語り,弾き語り配信,2021/10/14,1,Butter-Fly,和田光司,https://youtu.be/Rf4Q_U3g0J0?t=471,TRUE,,
弾き語り,弾き語り配信,2021/10/14,2,The Biggest Dreamer,和田光司,https://youtu.be/Rf4Q_U3g0J0?t=812,TRUE,,
弾き語り,弾き語り配信,2021/10/14,3,炎,LiSA,https://youtu.be/Rf4Q_U3g0J0?t=1059,TRUE,,
弾き語り,弾き語り配信,2021/10/14,4,Catch the Moment,LiSA,https://youtu.be/Rf4Q_U3g0J0?t=1442,TRUE,,
弾き語り,弾き語り配信,2021/10/14,5,My Dearest,supercell,https://youtu.be/Rf4Q_U3g0J0?t=2057,TRUE,,
弾き語り,弾き語り配信,2021/10/14,6,告白,supercell,https://youtu.be/Rf4Q_U3g0J0?t=2440,TRUE,,
弾き語り,弾き語り配信,2021/10/14,7,うたかた花火,supercell,https://youtu.be/Rf4Q_U3g0J0?t=2910,TRUE,,
弾き語り,弾き語り配信,2021/10/14,8,イマジネーション,SPYAIR,https://youtu.be/Rf4Q_U3g0J0?t=3422,TRUE,,
弾き語り,弾き語り配信,2021/10/14,9,夏恋花火,40mP,https://youtu.be/Rf4Q_U3g0J0?t=3908,TRUE,,
弾き語り,弾き語り配信,2021/10/14,10,WISH,嵐,https://youtu.be/Rf4Q_U3g0J0?t=4364,TRUE,,
弾き語り,弾き語り配信,2021/10/14,11,さくら(独唱),森山直太朗,https://youtu.be/Rf4Q_U3g0J0?t=4844,TRUE,,
弾き語り,弾き語り配信,2021/10/14,12,シャカビーチ～Laka Laka La～,UVERworld,https://youtu.be/Rf4Q_U3g0J0?t=5209,TRUE,,
弾き語り,弾き語り配信,2021/10/14,13,Star!!,CINDERELLA PROJECT,https://youtu.be/Rf4Q_U3g0J0?t=5824,TRUE,,
弾き語り,弾き語り配信,2021/10/14,14,GO MAY WAY!!,天海春香(中村繪里子),https://youtu.be/Rf4Q_U3g0J0?t=6262,TRUE,,
弾き語り,弾き語り配信,2021/10/14,15,Rainbow,ROUND TABLE feat.Nino,https://youtu.be/Rf4Q_U3g0J0?t=7131,TRUE,,
弾き語り,弾き語り配信,2021/10/18,1,太陽系デスコ,ナユタン星人,https://youtu.be/E-wCdyM2Lvg?t=351,TRUE,,
弾き語り,弾き語り配信,2021/10/18,2,ハロ/ハワユ,ナノウ,https://youtu.be/E-wCdyM2Lvg?t=764,TRUE,,
弾き語り,弾き語り配信,2021/10/18,3,from Y to Y,ジミーサムP,https://youtu.be/E-wCdyM2Lvg?t=1180,TRUE,,
弾き語り,弾き語り配信,2021/10/18,4,涙そうそう,夏川りみ,https://youtu.be/E-wCdyM2Lvg?t=1702,TRUE,,
弾き語り,弾き語り配信,2021/10/18,5,カタオモイ,Aimer,https://youtu.be/E-wCdyM2Lvg?t=2061,TRUE,,
弾き語り,弾き語り配信,2021/10/18,6,千の夜をこえて,Aqua Timez,https://youtu.be/E-wCdyM2Lvg?t=2423,TRUE,,
弾き語り,弾き語り配信,2021/10/18,7,恋,奥華子,https://youtu.be/E-wCdyM2Lvg?t=2907,TRUE,,
弾き語り,弾き語り配信,2021/10/18,8,いかないで,想太,https://youtu.be/E-wCdyM2Lvg?t=3598,TRUE,,
弾き語り,弾き語り配信,2021/10/18,9,Just a game,takamatt,https://youtu.be/E-wCdyM2Lvg?t=3916,TRUE,,
弾き語り,弾き語り配信,2021/10/18,10,Just Be Friends,Dixie Flatline,https://youtu.be/E-wCdyM2Lvg?t=4318,TRUE,,
弾き語り,弾き語り配信,2021/10/23,1,シャルル,バルーン,https://youtu.be/W5v1IZMehBs?t=401,TRUE,,
弾き語り,弾き語り配信,2021/10/23,2,366日,HY,https://youtu.be/W5v1IZMehBs?t=775,TRUE,,
弾き語り,弾き語り配信,2021/10/23,3,プラネタリウムの真実,夏代孝明,https://youtu.be/W5v1IZMehBs?t=1364,TRUE,,
弾き語り,弾き語り配信,2021/10/23,4,All Alone With You,EGOIST,https://youtu.be/W5v1IZMehBs?t=1776,TRUE,,
弾き語り,弾き語り配信,2021/10/23,5,アスノヨゾラ哨戒班,Orangestar,https://youtu.be/W5v1IZMehBs?t=2519,TRUE,,
弾き語り,弾き語り配信,2021/10/23,6,青いベンチ,サスケ,https://youtu.be/W5v1IZMehBs?t=2797,TRUE,,
弾き語り,弾き語り配信,2021/10/23,7,しわ,buzzG,https://youtu.be/W5v1IZMehBs?t=3263,TRUE,,
弾き語り,弾き語り配信,2021/10/30,1,雪の華,中島美嘉,https://youtu.be/h2WjZ19Jki8?t=429,TRUE,,
弾き語り,弾き語り配信,2021/10/30,2,白日,King Gnu,https://youtu.be/h2WjZ19Jki8?t=877,TRUE,,
弾き語り,弾き語り配信,2021/10/30,3,粉雪,レミオロメン,https://youtu.be/h2WjZ19Jki8?t=1395,TRUE,,
弾き語り,弾き語り配信,2021/10/30,4,津軽海峡・冬景色,石川さゆり,https://youtu.be/h2WjZ19Jki8?t=1836,TRUE,,
弾き語り,弾き語り配信,2021/10/30,5,シンデレラ・クリスマス,KinKi Kids,https://youtu.be/h2WjZ19Jki8?t=2291,TRUE,,
弾き語り,弾き語り配信,2021/10/30,6,初めての恋が終わる時,ryo,https://youtu.be/h2WjZ19Jki8?t=2968,TRUE,,
弾き語り,弾き語り配信,2021/10/30,7,夜咄ディセイブ,じん,https://youtu.be/h2WjZ19Jki8?t=3536,TRUE,,
弾き語り,弾き語り配信,2021/10/30,8,夜に駆ける,YOASOBI,https://youtu.be/h2WjZ19Jki8?t=3917,TRUE,,
弾き語り,弾き語り配信,2021/10/30,9,PARADOX,雨宮天,https://youtu.be/h2WjZ19Jki8?t=4941,TRUE,,
弾き語り,弾き語り配信,2021/10/30,10,シザーハンズ,Nem,https://youtu.be/h2WjZ19Jki8?t=5253,TRUE,,
弾き語り,弾き語り配信,2021/10/30,11,タイヨウのうた,Kaoru Amane,https://youtu.be/h2WjZ19Jki8?t=6156,TRUE,,
弾き語り,弾き語り配信,2021/10/30,12,Good-bye days,YUI,https://youtu.be/h2WjZ19Jki8?t=6469,TRUE,,
弾き語り,弾き語り配信,2021/10/30,13,真夏の果実,サザンオールスターズ,https://youtu.be/h2WjZ19Jki8?t=7366,TRUE,,
弾き語り,弾き語り配信,2021/10/30,14,TAKE ME HIGHER,V6,https://youtu.be/h2WjZ19Jki8?t=8127,TRUE,,
弾き語り,弾き語り配信,2021/11/09,1,アゲハ蝶,ポルノグラフィティ,https://youtu.be/_oUOLMhpKxU?t=500,TRUE,,
弾き語り,弾き語り配信,2021/11/09,2,乙女解剖,DECO*27,https://youtu.be/_oUOLMhpKxU?t=991,TRUE,,
弾き語り,弾き語り配信,2021/11/09,3,ゴーストルール,DECO*27,https://youtu.be/_oUOLMhpKxU?t=1203,TRUE,,
弾き語り,弾き語り配信,2021/11/09,4,ヒバナ,DECO*27,https://youtu.be/_oUOLMhpKxU?t=1483,TRUE,,
弾き語り,弾き語り配信,2021/11/09,5,God knows…,涼宮ハルヒ(平野綾),https://youtu.be/_oUOLMhpKxU?t=1803,TRUE,,
弾き語り,弾き語り配信,2021/11/09,6,恋のミクル伝説,朝比奈みくる(後藤邑子),https://youtu.be/_oUOLMhpKxU?t=2188,TRUE,,
弾き語り,弾き語り配信,2021/11/09,7,抱いてセニョリータ,山下智久,https://youtu.be/_oUOLMhpKxU?t=2605,TRUE,,
弾き語り,弾き語り配信,2021/11/09,8,地球最後の告白を,kemu,https://youtu.be/_oUOLMhpKxU?t=3172,TRUE,,
弾き語り,弾き語り配信,2021/11/09,9,シルシ,LiSA,https://youtu.be/_oUOLMhpKxU?t=3658,TRUE,,
弾き語り,弾き語り配信,2021/11/09,10,さよならのかわりに,レフティモンスターＰ,https://youtu.be/_oUOLMhpKxU?t=4246,TRUE,,
弾き語り,弾き語り配信,2021/11/09,11,サニーデイ,ラックライフ,https://youtu.be/_oUOLMhpKxU?t=4810,TRUE,,
弾き語り,弾き語り配信,2021/11/09,12,猫,DISH//,https://youtu.be/_oUOLMhpKxU?t=6991,TRUE,,
音源協力,オケ制作,2021/11/11,1,DANCE2 feat.ソイソース,ORANGE RANGE,https://youtu.be/At_bpHmXMVY,FALSE,本間ひまわり,
弾き語り,弾き語り配信,2021/11/16,1,決意の朝に,Aqua Timez,https://youtu.be/LYE47akA078?t=300,TRUE,,
弾き語り,弾き語り配信,2021/11/16,2,正解はひとつ!じゃない!!,ミルキィホームズ,https://youtu.be/LYE47akA078?t=675,TRUE,,
弾き語り,弾き語り配信,2021/11/16,3,Q＆Aリサイタル!,戸松遥,https://youtu.be/LYE47akA078?t=949,TRUE,,
弾き語り,弾き語り配信,2021/11/16,4,READY STEADY GO,L'Arc~en~Ciel,https://youtu.be/LYE47akA078?t=1490,TRUE,,
弾き語り,弾き語り配信,2021/11/16,5,メリッサ,ポルノグラフィティ,https://youtu.be/LYE47akA078?t=1944,TRUE,,
弾き語り,弾き語り配信,2021/11/16,6,閃光,[Alexandros],https://youtu.be/LYE47akA078?t=2494,TRUE,,
弾き語り,弾き語り配信,2021/11/16,7,小さきもの,林明日香,https://youtu.be/LYE47akA078?t=3103,TRUE,,
弾き語り,弾き語り配信,2021/11/16,8,Together,あきよしふみえ,https://youtu.be/LYE47akA078?t=3590,TRUE,,
弾き語り,弾き語り配信,2021/11/16,9,恋のかけら,"MEZZO""",https://youtu.be/LYE47akA078?t=4206,TRUE,,
弾き語り,弾き語り配信,2021/11/16,10,あんなに一緒だったのに,See-Saw,https://youtu.be/LYE47akA078?t=4671,TRUE,,
弾き語り,弾き語り配信,2021/11/16,11,Reason,玉置成実,https://youtu.be/LYE47akA078?t=4800,TRUE,,
弾き語り,弾き語り配信,2021/11/16,12,Sign,FLOW,https://youtu.be/LYE47akA078?t=5177,TRUE,,
弾き語り,弾き語り配信,2021/11/16,13,newsong,tacica,https://youtu.be/LYE47akA078?t=5341,TRUE,,
弾き語り,弾き語り配信,2021/11/16,14,"Hello,future contact!",内田真礼,https://youtu.be/LYE47akA078?t=6197,TRUE,,
弾き語り,弾き語り配信,2021/11/16,15,激動,UVERworld,https://youtu.be/LYE47akA078?t=6594,TRUE,,
弾き語り,弾き語り配信,2021/11/16,16,君色シグナル,春奈るな,https://youtu.be/LYE47akA078?t=6730,TRUE,,
弾き語り,弾き語り配信,2021/11/16,17,Lily,ラックライフ,https://youtu.be/LYE47akA078?t=7262,TRUE,,
"弾き語り, メン限",メン限（弾き語り）,2021/11/23,,（メン限）,,https://www.youtube.com/live/S0u4aWOyONc?si=v9hGyQLP-wQyiD5H,,,
弾き語り,弾き語り配信,2021/12/08,1,君に届け,flumpool,https://youtu.be/fptuRJXec5E?t=530,TRUE,,
弾き語り,弾き語り配信,2021/12/08,2,１・２・３,After the Rain,https://youtu.be/fptuRJXec5E?t=946,TRUE,,
弾き語り,弾き語り配信,2021/12/08,3,はじめてのチュウ,あんしんパパ,https://youtu.be/fptuRJXec5E?t=1516,TRUE,,
弾き語り,弾き語り配信,2021/12/08,4,First Love,宇多田ヒカル,https://youtu.be/fptuRJXec5E?t=1915,TRUE,,
弾き語り,弾き語り配信,2021/12/08,5,ユメセカイ,戸松遥,https://youtu.be/fptuRJXec5E?t=2291,TRUE,,
弾き語り,弾き語り配信,2021/12/08,6,星の唄,buzzG,https://youtu.be/fptuRJXec5E?t=2671,TRUE,,
弾き語り,弾き語り配信,2021/12/08,7,Booo!,TOKOTOKO(西沢さんP),https://youtu.be/fptuRJXec5E?t=3011,TRUE,,
弾き語り,弾き語り配信,2021/12/08,8,夜もすがら君想ふ,TOKOTOKO(西沢さんP),https://youtu.be/fptuRJXec5E?t=3193,TRUE,,
弾き語り,弾き語り配信,2021/12/08,9,ローリンガール,wowaka,https://youtu.be/fptuRJXec5E?t=3878,TRUE,,
弾き語り,弾き語り配信,2021/12/08,10,Phantom Joke,UNISON SQUARE GARDEN,https://youtu.be/fptuRJXec5E?t=4247,TRUE,,
弾き語り,弾き語り配信,2021/12/08,11,ジェットロケット,LiSA,https://youtu.be/fptuRJXec5E?t=4408,TRUE,,
弾き語り,弾き語り配信,2021/12/08,12,廻廻奇譚,Eve,https://youtu.be/fptuRJXec5E?t=4924,TRUE,,
弾き語り,弾き語り配信,2021/12/08,13,うまぴょい伝説,ウマ娘,https://youtu.be/fptuRJXec5E?t=5568,TRUE,,
弾き語り,弾き語り配信,2021/12/08,14,StaRt,Mrs.GREEN APPLE,https://youtu.be/fptuRJXec5E?t=5888,TRUE,,
弾き語り,弾き語り配信,2021/12/08,15,かくれんぼ,AliA,https://youtu.be/fptuRJXec5E?t=6084,TRUE,,
弾き語り,弾き語り配信,2021/12/08,16,火炎,女王蜂,https://youtu.be/fptuRJXec5E?t=6558,TRUE,,
弾き語り,弾き語り配信,2021/12/08,17,Ghost of a smile,EGOIST,https://youtu.be/fptuRJXec5E?t=7175,TRUE,,
弾き語り,弾き語り配信,2021/12/20,1,粉雪,レミオロメン,https://youtu.be/3lmV4TZIItA?t=446,TRUE,,
弾き語り,弾き語り配信,2021/12/20,2,恋愛サーキュレーション,千石撫子(花澤香菜),https://youtu.be/3lmV4TZIItA?t=842,TRUE,,
弾き語り,弾き語り配信,2021/12/20,3,ヒカリ,樹海,https://youtu.be/3lmV4TZIItA?t=1257,TRUE,,
弾き語り,弾き語り配信,2021/12/20,4,from Y to Y,ジミーサムP,https://youtu.be/3lmV4TZIItA?t=1548,TRUE,,
弾き語り,弾き語り配信,2021/12/20,5,THE OVER,UVERworld,https://youtu.be/3lmV4TZIItA?t=2013,TRUE,,
弾き語り,弾き語り配信,2021/12/20,6,創聖のアクエリオン,AKINO,https://youtu.be/3lmV4TZIItA?t=2841,TRUE,,
弾き語り,弾き語り配信,2021/12/20,7,カブトムシ,Aiko,https://youtu.be/3lmV4TZIItA?t=3809,TRUE,,
弾き語り,弾き語り配信,2021/12/20,8,Tell Your World,kz,https://youtu.be/3lmV4TZIItA?t=4203,TRUE,,
弾き語り,弾き語り配信,2021/12/20,9,ヒトリゴト,ClariS,https://youtu.be/3lmV4TZIItA?t=4579,TRUE,,
弾き語り,弾き語り配信,2021/12/20,10,夜空ノムコム,SMAP,https://youtu.be/3lmV4TZIItA?t=5559,TRUE,,
弾き語り,弾き語り配信,2021/12/27,1,クリスマス・イブ,山下達郎,https://youtu.be/8nJciMTmtp8?t=385,TRUE,,
弾き語り,弾き語り配信,2021/12/27,2,世界は恋に落ちている,CHiCO with HoneyWorks,https://youtu.be/8nJciMTmtp8?t=780,TRUE,,
弾き語り,弾き語り配信,2021/12/27,3,瓦礫の塔,kemu,https://youtu.be/8nJciMTmtp8?t=1176,TRUE,,
弾き語り,弾き語り配信,2021/12/27,4,アスノヨゾラ哨戒班,Orangestar,https://youtu.be/8nJciMTmtp8?t=1574,TRUE,,
弾き語り,弾き語り配信,2021/12/27,5,メルト,ryo(supercell),https://youtu.be/8nJciMTmtp8?t=2029,TRUE,,
弾き語り,弾き語り配信,2021/12/27,6,君の知らない物語,supercell,https://youtu.be/8nJciMTmtp8?t=2370,TRUE,,
弾き語り,弾き語り配信,2021/12/27,7,神っぽいな,ピノキオピー,https://youtu.be/8nJciMTmtp8?t=3538,TRUE,,
弾き語り,弾き語り配信,2021/12/27,8,ぼなぺてぃーと♡Ｓ,ブレンド・Ａ,https://youtu.be/8nJciMTmtp8?t=4231,TRUE,,
弾き語り,弾き語り配信,2021/12/27,9,ハレ晴レユカイ Ver.キョン,キョン(杉田智和),https://youtu.be/8nJciMTmtp8?t=4773,TRUE,,
弾き語り,弾き語り配信,2021/12/27,10,寝・に・げでリセット！,柊つかさ(福原香織),https://youtu.be/8nJciMTmtp8?t=5172,TRUE,,
弾き語り,弾き語り配信,2021/12/27,11,耳の聞こえなくなった恋人とそのうたうたい,大石昌良,https://youtu.be/8nJciMTmtp8?t=5566,TRUE,,
弾き語り,弾き語り配信,2021/12/27,12,からくりピエロ,40mP,https://youtu.be/8nJciMTmtp8?t=6135,TRUE,,
弾き語り,弾き語り配信,2021/12/27,13,Virtual to LIVE,にじさんじ,https://youtu.be/8nJciMTmtp8?t=6667,TRUE,,
弾き語り,弾き語り配信,2022/01/07,1,神のまにまに,れるりり,https://youtu.be/1LsZdruN-tc?t=534,TRUE,,
弾き語り,弾き語り配信,2022/01/07,2,StaRt,Mrs.GREEN APPLE,https://youtu.be/1LsZdruN-tc?t=857,TRUE,,
弾き語り,弾き語り配信,2022/01/07,3,砂の惑星,ハチ,https://youtu.be/1LsZdruN-tc?t=1371,TRUE,,
弾き語り,弾き語り配信,2022/01/07,4,世界はまだ始まってすらいない,ワンダーランズ×ショータイム / ピノキオピー,https://youtu.be/1LsZdruN-tc?t=1741,TRUE,,
弾き語り,弾き語り配信,2022/01/07,5,猫,DISH//,https://youtu.be/1LsZdruN-tc?t=2070,TRUE,,
弾き語り,弾き語り配信,2022/01/07,6,UNION,OxT,https://youtu.be/1LsZdruN-tc?t=2618,TRUE,,
弾き語り,弾き語り配信,2022/01/07,7,オトモダチフィルム,オーイシマサヨシ,https://youtu.be/1LsZdruN-tc?t=2759,TRUE,,
弾き語り,弾き語り配信,2022/01/07,8,楽園都市,オーイシマサヨシ,https://youtu.be/1LsZdruN-tc?t=2887,TRUE,,
弾き語り,弾き語り配信,2022/01/07,9,いのちの名前,木村弓,https://youtu.be/1LsZdruN-tc?t=3151,TRUE,,
弾き語り,弾き語り配信,2022/01/07,10,いつも何度でも,木村弓,https://youtu.be/1LsZdruN-tc?t=3473,TRUE,,
弾き語り,弾き語り配信,2022/01/07,11,Mela!,緑黄色社会,https://youtu.be/1LsZdruN-tc?t=4148,TRUE,,
弾き語り,弾き語り配信,2022/01/07,12,Real Face,KAT-TUN,https://youtu.be/1LsZdruN-tc?t=4692,TRUE,,
弾き語り,弾き語り配信,2022/01/07,13,Happiness,嵐,https://youtu.be/1LsZdruN-tc?t=5225,TRUE,,
弾き語り,弾き語り配信,2022/01/07,14,Love so sweet,嵐,https://youtu.be/1LsZdruN-tc?t=5383,TRUE,,
弾き語り,弾き語り配信,2022/01/07,15,らいおんハート,SMAP,https://youtu.be/1LsZdruN-tc?t=5804,TRUE,,
弾き語り,弾き語り配信,2022/01/07,16,慎吾ママのおはロック,慎吾ママ,https://youtu.be/1LsZdruN-tc?t=5980,TRUE,,
弾き語り,弾き語り配信,2022/01/07,17,硝子の少年,KinKi Kids,https://youtu.be/1LsZdruN-tc?t=6258,TRUE,,
弾き語り,弾き語り配信,2022/01/07,18,明日への扉,I WiSH,https://youtu.be/1LsZdruN-tc?t=6912,TRUE,,
弾き語り,弾き語り配信,2022/01/07,19,Ti Amo,EXILE,https://youtu.be/1LsZdruN-tc?t=7143,TRUE,,
弾き語り,弾き語り配信,2022/01/07,20,PIECES OF A DREAM,CHEMISTRY,https://youtu.be/1LsZdruN-tc?t=7412,TRUE,,
弾き語り,弾き語り配信,2022/01/07,21,ニア,夏代孝明,https://youtu.be/1LsZdruN-tc?t=8290,TRUE,,
音源協力,音源制作,2022/01/26,1,しいかわ,,https://youtu.be/uw7thQih1_w,FALSE,椎名唯華,
"メン限, アコギ以外",メン限（鍵盤弾く）,2022/02/05,1,（メン限）,,https://www.youtube.com/live/vnWs0URgvPw?si=BG0IG5ZGXtPzbOEI,,,
弾き語り,マイクラ配信,2022/02/20,1,ドライフラワー,優里,https://youtu.be/zczQPpqXhzY?t=12806,TRUE,,
弾き語り,弾き語り配信,2022/02/23,1,少女レイ,みきとＰ,https://youtu.be/aJIU6IctNr4?t=663,TRUE,,
弾き語り,弾き語り配信,2022/02/23,2,"New street, New world",ROF-MAO,https://youtu.be/aJIU6IctNr4?t=1011,TRUE,,
弾き語り,弾き語り配信,2022/02/23,3,地球最後の告白を,kemu,https://youtu.be/aJIU6IctNr4?t=1274,TRUE,,
弾き語り,弾き語り配信,2022/02/23,4,ジャンキーナイトタウンオーケストラ,すりぃ,https://youtu.be/aJIU6IctNr4?t=1715,TRUE,,
弾き語り,弾き語り配信,2022/02/23,5,しわ,buzzG,https://youtu.be/aJIU6IctNr4?t=1870,TRUE,,
弾き語り,弾き語り配信,2022/02/23,6,from Y to Y,ジミーサムＰ,https://youtu.be/aJIU6IctNr4?t=2418,TRUE,,
弾き語り,弾き語り配信,2022/02/23,7,太陽の楽園～Promise Land～,神戸みゆき,https://youtu.be/aJIU6IctNr4?t=2990,TRUE,,
弾き語り,弾き語り配信,2022/02/23,8,今好きになる。,HoneyWorks,https://youtu.be/aJIU6IctNr4?t=3797,TRUE,,
弾き語り,弾き語り配信,2022/02/23,9,ヒカリ,樹海,https://youtu.be/aJIU6IctNr4?t=4280,TRUE,,
弾き語り,弾き語り配信,2022/02/23,10,神っぽいな,キノピオピー,https://youtu.be/aJIU6IctNr4?t=5296,TRUE,,
弾き語り,弾き語り配信,2022/02/28,,アスノヨゾラ哨戒班,Orangestar,https://youtu.be/JJNY45yWTA0?t=494,TRUE,,
弾き語り,弾き語り配信,2022/02/28,,3月9日,レミオロメン,https://youtu.be/JJNY45yWTA0?t=886,TRUE,,
弾き語り,弾き語り配信,2022/02/28,,ニホンノミカタ -ネバダカラキマシタ-,矢島美容室,https://youtu.be/JJNY45yWTA0?t=1457,TRUE,,
弾き語り,弾き語り配信,2022/02/28,,only my railgun,flipSide,https://youtu.be/JJNY45yWTA0?t=1910,TRUE,,
弾き語り,弾き語り配信,2022/02/28,,ワールド・ランプシェード,buzzG,https://youtu.be/JJNY45yWTA0?t=2526,TRUE,,
弾き語り,弾き語り配信,2022/02/28,,瓦礫の塔,kemu,https://youtu.be/JJNY45yWTA0?t=3171,TRUE,,
弾き語り,弾き語り配信,2022/02/28,,CHE.R.RY,YUI,https://youtu.be/JJNY45yWTA0?t=3964,TRUE,,
弾き語り,弾き語り配信,2022/02/28,,My Generation,YUI,https://youtu.be/JJNY45yWTA0?t=4230,TRUE,,
弾き語り,弾き語り配信,2022/02/28,,Rolling star,YUI,https://youtu.be/JJNY45yWTA0?t=4326,TRUE,,
弾き語り,弾き語り配信,2022/02/28,,ETERNAL BLAZE,水樹奈々,https://youtu.be/JJNY45yWTA0?t=4614,TRUE,,
弾き語り,弾き語り配信,2022/02/28,,カサブタ,千綿ヒデノリ,https://youtu.be/JJNY45yWTA0?t=5290,TRUE,,
弾き語り,弾き語り配信,2022/03/07,,ハナミズキ,一青窈,https://youtu.be/M1W0SD_n8Co?t=255,TRUE,,
弾き語り,弾き語り配信,2022/03/07,,さくら,森山直太朗,https://youtu.be/M1W0SD_n8Co?t=886,TRUE,,
弾き語り,弾き語り配信,2022/03/07,,僕たちの歌,佐香智久,https://youtu.be/M1W0SD_n8Co?t=1424,TRUE,,
弾き語り,弾き語り配信,2022/03/07,,片翼のイカロス,榊原ゆい,https://youtu.be/M1W0SD_n8Co?t=1974,TRUE,,
弾き語り,弾き語り配信,2022/03/07,,シネマ,Vivid BAD SQUAD / Ayase,https://youtu.be/M1W0SD_n8Co?t=2238,TRUE,,
弾き語り,弾き語り配信,2022/03/07,,少女レイ,みきとＰ,https://youtu.be/M1W0SD_n8Co?t=2400,TRUE,,
弾き語り,弾き語り配信,2022/03/07,,GLAMOROUS SKY,中島美嘉,https://youtu.be/M1W0SD_n8Co?t=2594,TRUE,,
弾き語り,弾き語り配信,2022/03/07,,光るなら,Goose house,https://youtu.be/M1W0SD_n8Co?t=3172,TRUE,,
弾き語り,弾き語り配信,2022/03/07,,チカっとチカ千花っ,藤原千花(小原好美),https://youtu.be/M1W0SD_n8Co?t=6499,TRUE,,
弾き語り,弾き語り配信,2022/03/07,,motto☆派手にね！,戸松遥,https://youtu.be/M1W0SD_n8Co?t=4109,TRUE,,
弾き語り,弾き語り配信,2022/03/07,,アイドル活動！,わか・ふうり・ゆな from STAR☆ANIS,https://youtu.be/M1W0SD_n8Co?t=4439,TRUE,,
弾き語り,弾き語り配信,2022/03/07,,君じゃなきゃダメみたい,オーイシマサヨシ,https://youtu.be/M1W0SD_n8Co?t=5275,TRUE,,
音源協力,コーラス参加,2022/03/11,,Wonder NeverLand,にじさんじ,https://youtu.be/O15vLShhY44?t=3263,FALSE,健屋花那,
"非公開, 弾き語り",弾き語り配信,2022/03/14,1,め組のひと,ラッツ＆スター,https://youtu.be/QltJ_fazJMw?t=360,TRUE,,
"非公開, 弾き語り",弾き語り配信,2022/03/14,2,星間飛行,ランカ・リー(中島愛),https://youtu.be/QltJ_fazJMw?t=823,TRUE,,
"非公開, 弾き語り",弾き語り配信,2022/03/14,3,等身大のラブソング,Aqua Timez,https://youtu.be/QltJ_fazJMw?t=1167,TRUE,,
"非公開, 弾き語り",弾き語り配信,2022/03/14,4,決意の朝に,Aqua Timez,https://youtu.be/QltJ_fazJMw?t=1588,TRUE,,
"非公開, 弾き語り",弾き語り配信,2022/03/14,5,閃光,[Alexandros],https://youtu.be/QltJ_fazJMw?t=2071,TRUE,,
"非公開, 弾き語り",弾き語り配信,2022/03/14,6,エウテルペ,EGOIST,https://youtu.be/QltJ_fazJMw?t=2389,TRUE,,
"非公開, 弾き語り",弾き語り配信,2022/03/14,7,My Dearest,supercell,https://youtu.be/QltJ_fazJMw?t=2629,TRUE,,
"非公開, 弾き語り",弾き語り配信,2022/03/14,8,Pretender,Official髭男dism,https://youtu.be/QltJ_fazJMw?t=2847,TRUE,,
"非公開, 弾き語り",弾き語り配信,2022/03/14,9,fantastic dreamer,Machico,https://youtu.be/QltJ_fazJMw?t=3245,TRUE,,
"非公開, 弾き語り",弾き語り配信,2022/03/14,10,ロマンスの神様,広瀬香美,https://youtu.be/QltJ_fazJMw?t=3553,TRUE,,
"非公開, 弾き語り",弾き語り配信,2022/03/14,11,ペダルハート,DECO*27,https://youtu.be/QltJ_fazJMw?t=3721,TRUE,,
"弾き語り, 非公開",弾き語り配信,2022/04/01,1,"One more time, One more chance",山崎まさよし,https://youtu.be/rU8jxgTkGrk?t=554,TRUE,,
"弾き語り, 非公開",弾き語り配信,2022/04/01,,小夜子,みきとＰ,https://youtu.be/rU8jxgTkGrk?t=1119,TRUE,,
"弾き語り, 非公開",弾き語り配信,2022/04/01,,サニーデイ,ラックライフ,https://youtu.be/rU8jxgTkGrk?t=1456,TRUE,,
"弾き語り, 非公開",弾き語り配信,2022/04/01,,心拍数＃0822,蝶々Ｐ,https://youtu.be/rU8jxgTkGrk?t=1909,TRUE,,
"弾き語り, 非公開",弾き語り配信,2022/04/01,,ダイアモンド クレバス,シェリル・ノーム starring May'n,https://youtu.be/rU8jxgTkGrk?t=2380,TRUE,,
"弾き語り, 非公開",弾き語り配信,2022/04/01,,StaRt,Mrs.GREEN APPLE,https://youtu.be/rU8jxgTkGrk?t=2913,TRUE,,
"弾き語り, 非公開",弾き語り配信,2022/04/01,,リンネ,ハチ,https://youtu.be/rU8jxgTkGrk?t=3923,TRUE,,
"弾き語り, 非公開",弾き語り配信,2022/04/01,,ネトゲ廃人シュプレヒコール,さつき が てんこもり,https://youtu.be/rU8jxgTkGrk?t=4041,TRUE,,
"弾き語り, 非公開",弾き語り配信,2022/04/01,,ヴィラン,てにをは,https://youtu.be/rU8jxgTkGrk?t=4454,TRUE,,
弾き語り,弾き語り配信,2022/04/09,,Hello Goodbye＆Hello,熊木杏里,https://youtu.be/WYJl5PiXCa4?t=522,TRUE,,
弾き語り,弾き語り配信,2022/04/09,,葛飾ラプソディー,堂島孝平,https://youtu.be/WYJl5PiXCa4?t=921,TRUE,,
弾き語り,弾き語り配信,2022/04/09,,オツキミリサイタル,じん,https://youtu.be/WYJl5PiXCa4?t=1172,TRUE,,
弾き語り,弾き語り配信,2022/04/09,,ユキトキ,やなぎなぎ,https://youtu.be/WYJl5PiXCa4?t=1492,TRUE,,
弾き語り,弾き語り配信,2022/04/09,,そばかす,JUDY AND MARY,https://youtu.be/WYJl5PiXCa4?t=1972,TRUE,,
弾き語り,弾き語り配信,2022/04/09,,ココロのちず,BOYSTYLE,https://youtu.be/WYJl5PiXCa4?t=2631,TRUE,,
弾き語り,弾き語り配信,2022/04/09,,ウィーアー!,きただにひろし,https://youtu.be/WYJl5PiXCa4?t=2844,TRUE,,
弾き語り,弾き語り配信,2022/04/09,,unravel,TK from 凛として時雨,https://youtu.be/WYJl5PiXCa4?t=3275,TRUE,,
弾き語り,弾き語り配信,2022/04/09,,もののけ姫,米良美一,https://youtu.be/WYJl5PiXCa4?t=3576,TRUE,,
弾き語り,弾き語り配信,2022/04/09,,瞳をとじて,平井堅,https://youtu.be/WYJl5PiXCa4?t=4036,TRUE,,
弾き語り,弾き語り配信,2022/04/09,,キラメキ,wacci,https://youtu.be/WYJl5PiXCa4?t=4822,TRUE,,
弾き語り,弾き語り配信,2022/04/19,,カブトムシ,aiko,https://youtu.be/4POnGzbjczE?t=304,TRUE,,
弾き語り,弾き語り配信,2022/04/19,,残響散歌,Aimer,https://youtu.be/4POnGzbjczE?t=779,TRUE,,
弾き語り,弾き語り配信,2022/04/19,,プラチナ,坂本真綾,https://youtu.be/4POnGzbjczE?t=983,TRUE,,
弾き語り,弾き語り配信,2022/04/19,,ひまわりの約束,秦基博,https://youtu.be/4POnGzbjczE?t=1117,TRUE,,
弾き語り,弾き語り配信,2022/04/19,,My Dearest,supercell,https://youtu.be/4POnGzbjczE?t=1657,TRUE,,
弾き語り,弾き語り配信,2022/04/19,,アイのシナリオ,CHiCO with HoneyWorks,https://youtu.be/4POnGzbjczE?t=2218,TRUE,,
弾き語り,弾き語り配信,2022/04/19,,グランドエスケープ,RADWIMPS,https://youtu.be/4POnGzbjczE?t=2700,TRUE,,
弾き語り,弾き語り配信,2022/04/19,,きゅうくらりん,いよわ,https://youtu.be/4POnGzbjczE?t=2895,TRUE,,
弾き語り,弾き語り配信,2022/04/19,,シネマ,Vivid BAD SQUAD / Ayase,https://youtu.be/4POnGzbjczE?t=3202,TRUE,,
弾き語り,弾き語り配信,2022/04/19,,むじんとうのうた,甲斐田晴,https://youtu.be/4POnGzbjczE?t=3622,TRUE,,
弾き語り,弾き語り配信,2022/04/19,,115万キロのフィルム,Official髭男dism,https://youtu.be/4POnGzbjczE?t=3952,TRUE,,
弾き語り,弾き語り配信,2022/04/19,,TSUNAMI,サザンオールスターズ,https://youtu.be/4POnGzbjczE?t=4165,TRUE,,
"メン限, アコギ以外",メン限（ピアノ弾いたり曲作ったり）,2022/04/24,1,（メン限）,,https://www.youtube.com/live/8-OseuuKwGQ?si=9jn9qzwl7iWv2PAu,FALSE,,
弾き語り,弾き語り配信,2022/04/26,1,ハナミズキ,一青窈,https://youtu.be/O7E9pHp3Q6k?t=1290,TRUE,,
弾き語り,弾き語り配信,2022/04/26,2,ドライフラワー,優里,https://youtu.be/O7E9pHp3Q6k?t=2130,TRUE,,
"コラボ, 歌唱のみ, 3D（オンライン）",甲斐田晴3Dお披露目,2022/05/06,1,アイム・ア・ビリーバー with 不破湊,SPYAIR,https://youtu.be/fetc0Exwa8M?t=1020,TRUE,不破湊,
"コラボ, 歌唱のみ, 3D（オンライン）",甲斐田晴3Dお披露目,2022/05/06,2,にっこり^^調査隊のテーマ with 本間ひまわり,ワンダーランズ×ショウタイム/ ワンダフル☆オポチュニティ！,https://youtu.be/fetc0Exwa8M?t=1362,TRUE,本間ひまわり,
"コラボ, 歌唱のみ, 3D（オンライン）",甲斐田晴3Dお披露目,2022/05/06,3,敗北の少年 with 三枝明那,kemu,https://youtu.be/fetc0Exwa8M?t=1851,TRUE,三枝明那,
"歌唱のみ, 3D（オンライン）",甲斐田晴3Dお披露目,2022/05/06,4,在るべき形,UVERworld,https://youtu.be/fetc0Exwa8M?t=2271,TRUE,,
"弾き語り, 3D（オンライン）",甲斐田晴3Dお披露目,2022/05/06,5,タイヨウのうた,Kaoru Amane,https://youtu.be/fetc0Exwa8M?t=2650,TRUE,,
"歌唱のみ, 3D（オンライン）",甲斐田晴3Dお披露目,2022/05/06,6,夢地図,40mP,https://youtu.be/fetc0Exwa8M?t=2992,TRUE,,
"歌唱のみ, 3D（オンライン）",甲斐田晴3Dお披露目,2022/05/06,7,透明な心臓が泣いていた,甲斐田晴,https://youtu.be/fetc0Exwa8M?t=3319,TRUE,,
弾き語り,弾き語り配信,2022/05/07,,Pretender,Official髭男dism,https://youtu.be/WuheAzSj-tc?t=488,TRUE,,
弾き語り,弾き語り配信,2022/05/07,,瓦礫の塔,kemu,https://youtu.be/WuheAzSj-tc?t=1064,TRUE,,
弾き語り,弾き語り配信,2022/05/07,,アイラビューアイニジュー,KEI,https://youtu.be/WuheAzSj-tc?t=1407,TRUE,,
弾き語り,弾き語り配信,2022/05/07,,サニーデイ,ラックライフ,https://youtu.be/WuheAzSj-tc?t=1719,TRUE,,
弾き語り,弾き語り配信,2022/05/07,,ファンサ,mona,https://youtu.be/WuheAzSj-tc?t=2119,TRUE,,
弾き語り,弾き語り配信,2022/05/07,,インフェルノ,Mrs.GREEN APPLE,https://youtu.be/WuheAzSj-tc?t=2603,TRUE,,
弾き語り,弾き語り配信,2022/05/07,,ここにしか咲かない花,コブクロ,https://youtu.be/WuheAzSj-tc?t=2968,TRUE,,
弾き語り,弾き語り配信,2022/05/07,,Good-bye days,YUI,https://youtu.be/WuheAzSj-tc?t=3477,TRUE,,
弾き語り,弾き語り配信,2022/05/07,,点描の唄,Mrs.GREEN APPLE,https://youtu.be/WuheAzSj-tc?t=4839,TRUE,,
弾き語り,弾き語り配信,2022/05/07,,Wishing,レム(水瀬いのり),https://youtu.be/WuheAzSj-tc?t=5413,TRUE,,
"3D（オンライン）, 歌唱のみ, コラボ",弦月藤士郎3Dお披露目,2022/05/13,,浮世の演舞,VΔLZ,https://youtu.be/EBytyBktfD0?t=641,TRUE,弦月藤士郎、長尾景,
弾き語り,弾き語り配信,2022/05/16,,ピエロ,KEI,https://youtu.be/CEOzIJu1uDY?t=256,TRUE,,
弾き語り,弾き語り配信,2022/05/16,,その未来へ,RIRIKO,https://youtu.be/CEOzIJu1uDY?t=618,TRUE,,
弾き語り,弾き語り配信,2022/05/16,,盲目の宇宙飛行士,yukkedoluce(黒髪ストロングP),https://youtu.be/CEOzIJu1uDY?t=1386,TRUE,,
弾き語り,弾き語り配信,2022/05/16,,Ghost of a smile,EGOIST,https://youtu.be/CEOzIJu1uDY?t=1799,TRUE,,
弾き語り,弾き語り配信,2022/05/16,,夢地図,40mP,https://youtu.be/CEOzIJu1uDY?t=2193,TRUE,,
弾き語り,弾き語り配信,2022/05/16,,僕ら,ラックライフ,https://youtu.be/CEOzIJu1uDY?t=2588,TRUE,,
弾き語り,弾き語り配信,2022/05/16,,透明な心臓が泣いていた,甲斐田晴,https://youtu.be/CEOzIJu1uDY?t=2938,TRUE,,
弾き語り,弾き語り配信,2022/05/16,,天使にふれたよ!,放課後ティータイム,https://youtu.be/CEOzIJu1uDY?t=3181,TRUE,,
弾き語り,弾き語り配信,2022/05/16,,ガーネット,奥華子,https://youtu.be/CEOzIJu1uDY?t=3967,TRUE,,
弾き語り,弾き語り配信,2022/05/16,,涙そうそう,夏川りみ,https://youtu.be/CEOzIJu1uDY?t=4331,TRUE,,
弾き語り,弾き語り配信,2022/05/24,,いのちの名前,木村弓,https://youtu.be/CT88pM7ji3Q?t=311,TRUE,,
弾き語り,弾き語り配信,2022/05/24,,ハロ／ハワユ,ナノウ(ほわほわP),https://youtu.be/CT88pM7ji3Q?t=790,TRUE,,
弾き語り,弾き語り配信,2022/05/24,,ようこそジャパリパークへ,どうぶつビスケッツ×PPP,https://youtu.be/CT88pM7ji3Q?t=1217,TRUE,,
弾き語り,弾き語り配信,2022/05/24,,楽園都市,オーイシマサヨシ,https://youtu.be/CT88pM7ji3Q?t=1757,TRUE,,
弾き語り,弾き語り配信,2022/05/24,,カサブタ,千綿ヒデノリ,https://youtu.be/CT88pM7ji3Q?t=2089,TRUE,,
弾き語り,弾き語り配信,2022/05/24,,stable staple,戦場ヶ原ひたぎ(斎藤千和),https://youtu.be/CT88pM7ji3Q?t=2434,TRUE,,
弾き語り,弾き語り配信,2022/05/24,,DONBURA KONBURA SPEAKERS,Ranunculus,https://youtu.be/CT88pM7ji3Q?t=2914,TRUE,,
弾き語り,弾き語り配信,2022/05/24,,敗北の少年,kemu,https://youtu.be/CT88pM7ji3Q?t=3187,TRUE,,
弾き語り,弾き語り配信,2022/05/24,,Rainbow,ROUND TABLE feat.Nino,https://youtu.be/CT88pM7ji3Q?t=3531,TRUE,,
弾き語り,弾き語り配信,2022/05/24,,シンフォニー,牧野由依,https://youtu.be/CT88pM7ji3Q?t=3847,TRUE,,
弾き語り,弾き語り配信,2022/05/24,,もう恋なんてしない,槇原敬之,https://youtu.be/CT88pM7ji3Q?t=4313,TRUE,,
弾き語り,弾き語り配信,2022/05/24,,風になる,つじあやの,https://youtu.be/CT88pM7ji3Q?t=4690,TRUE,,
弾き語り,弾き語り配信,2022/06/06,,決意の朝に,Aqua Timez,https://youtu.be/Ur207TYHSX4?t=373,TRUE,,
弾き語り,弾き語り配信,2022/06/06,,世界は恋に落ちている,CHiCO with HoneyWorks,https://youtu.be/Ur207TYHSX4?t=846,TRUE,,
弾き語り,弾き語り配信,2022/06/06,,空色デイズ,中川翔子,https://youtu.be/Ur207TYHSX4?t=1353,TRUE,,
弾き語り,弾き語り配信,2022/06/06,,from Y to Y,ジミーサムP,https://youtu.be/Ur207TYHSX4?t=2031,TRUE,,
弾き語り,弾き語り配信,2022/06/06,,くちづけDiamond,WEAVER,https://youtu.be/Ur207TYHSX4?t=2607,TRUE,,
弾き語り,弾き語り配信,2022/06/06,,ライオン,May'n/中島愛,https://youtu.be/Ur207TYHSX4?t=2825,TRUE,,
弾き語り,弾き語り配信,2022/06/06,,君がいるから,菅原紗由理,https://youtu.be/Ur207TYHSX4?t=2974,TRUE,,
弾き語り,弾き語り配信,2022/06/06,,メリッサ,ポルノグラフィティ,https://youtu.be/Ur207TYHSX4?t=3215,TRUE,,
弾き語り,弾き語り配信,2022/06/06,,ENDRESS STORY,REIRA starring YUNA ITO,https://youtu.be/Ur207TYHSX4?t=3770,TRUE,,
弾き語り,弾き語り配信,2022/06/06,,透明な心臓が泣いていた,甲斐田晴,https://youtu.be/Ur207TYHSX4?t=4932,TRUE,,
弾き語り,弾き語り配信,2022/06/06,,Calc.,ジミーサムP,https://youtu.be/Ur207TYHSX4?t=5384,TRUE,,
弾き語り,弾き語り配信,2022/06/24,,青と夏,Mrs.GREEN APPLE,https://youtu.be/x4wQWqx2kkY?t=552,TRUE,,
弾き語り,弾き語り配信,2022/06/24,,花に亡霊,ヨルシカ,https://youtu.be/x4wQWqx2kkY?t=1275,TRUE,,
弾き語り,弾き語り配信,2022/06/24,,"rain stops, good-bye",におP,https://youtu.be/x4wQWqx2kkY?t=1814,TRUE,,
弾き語り,弾き語り配信,2022/06/24,,TSUNAMI,サザンオールスターズ,https://youtu.be/x4wQWqx2kkY?t=2297,TRUE,,
弾き語り,弾き語り配信,2022/06/24,,真夏の果実,サザンオールスターズ,https://youtu.be/x4wQWqx2kkY?t=2808,TRUE,,
弾き語り,弾き語り配信,2022/06/24,,猫,DISH//,https://youtu.be/x4wQWqx2kkY?t=3211,TRUE,,
弾き語り,弾き語り配信,2022/06/24,,優しさの理由,Choucho,https://youtu.be/x4wQWqx2kkY?t=3620,TRUE,,
弾き語り,弾き語り配信,2022/06/24,,Lost my music,涼宮ハルヒ(平野綾),https://youtu.be/x4wQWqx2kkY?t=4027,TRUE,,
弾き語り,弾き語り配信,2022/06/24,,変わらないもの,奥華子,https://youtu.be/x4wQWqx2kkY?t=4506,TRUE,,
"コラボ, 歌唱のみ, 3D（オンライン）",VΔLZ3Dライブ,2022/06/25,1,UNION,OxT,https://youtu.be/C31UYsrAAhQ?t=179,TRUE,弦月藤士郎、長尾景,
"歌唱のみ, 3D（オンライン）",VΔLZ3Dライブ,2022/06/25,2,StaRt,Mrs.GREEN APPLE,https://youtu.be/C31UYsrAAhQ?t=596,TRUE,,
"コラボ, 歌唱のみ, 3D（オンライン）",VΔLZ3Dライブ,2022/06/25,3,ロメオ,LIP×LIP,https://youtu.be/C31UYsrAAhQ?t=1061,TRUE,長尾景,
"コラボ, 歌唱のみ, 3D（オンライン）",VΔLZ3Dライブ,2022/06/25,4,青空のラプソディ,fhana,https://youtu.be/C31UYsrAAhQ?t=2210,TRUE,弦月藤士郎,
"コラボ, 歌唱のみ, 3D（オンライン）",VΔLZ3Dライブ,2022/06/25,5,Virtual to LIVE,にじさんじ,https://youtu.be/C31UYsrAAhQ?t=3240,TRUE,弦月藤士郎、長尾景,
有観客ライブ,Kuzuha & Kanae & ROF-MAO Three-Man LIVE「Aim Higher」,2022/07/27,1,"New street, New world",ROF-MAO,https://shop.nijisanji.jp/TAG_94,TRUE,剣持刀也、加賀美ハヤト、不破湊,
有観客ライブ,Kuzuha & Kanae & ROF-MAO Three-Man LIVE「Aim Higher」,2022/07/27,2,Let's Get The Party Started!,ROF-MAO,https://shop.nijisanji.jp/TAG_94,TRUE,剣持刀也、加賀美ハヤト、不破湊,
有観客ライブ,Kuzuha & Kanae & ROF-MAO Three-Man LIVE「Aim Higher」,2022/07/27,3,キリキリマイ,ORANGE RANGE,https://shop.nijisanji.jp/TAG_94,TRUE,剣持刀也、加賀美ハヤト、不破湊,
有観客ライブ,Kuzuha & Kanae & ROF-MAO Three-Man LIVE「Aim Higher」,2022/07/27,4,I wanna! You wanna!,ROF-MAO,https://shop.nijisanji.jp/TAG_94,TRUE,剣持刀也、加賀美ハヤト、不破湊,
有観客ライブ,Kuzuha & Kanae & ROF-MAO Three-Man LIVE「Aim Higher」,2022/07/27,5,きみはマザーファッカー,ザ・リーサルウェポンズ,https://shop.nijisanji.jp/TAG_94,TRUE,剣持刀也、加賀美ハヤト、不破湊,
有観客ライブ,Kuzuha & Kanae & ROF-MAO Three-Man LIVE「Aim Higher」,2022/07/27,6,ラックハック,ROF-MAO,https://shop.nijisanji.jp/TAG_94,TRUE,剣持刀也、加賀美ハヤト、不破湊,
有観客ライブ,Kuzuha & Kanae & ROF-MAO Three-Man LIVE「Aim Higher」,2022/07/27,7,知っている手紙,ROF-MAO,https://shop.nijisanji.jp/TAG_94,TRUE,剣持刀也、加賀美ハヤト、不破湊,
有観客ライブ,Kuzuha & Kanae & ROF-MAO Three-Man LIVE「Aim Higher」,2022/07/27,8,前進宣言,ROF-MAO,https://shop.nijisanji.jp/TAG_94,TRUE,剣持刀也、加賀美ハヤト、不破湊,
有観客ライブ,Kuzuha & Kanae & ROF-MAO Three-Man LIVE「Aim Higher」,2022/07/27,9,虹色のPuddle,にじさんじ,https://shop.nijisanji.jp/TAG_94,TRUE,葛葉、叶、剣持刀也、加賀美ハヤト、不破湊,
弾き語り,弾き語り配信,2022/08/15,1,Fire◎Flower,halyosy,https://youtu.be/PwZ9uoqyZIU?t=357,TRUE,,
弾き語り,弾き語り配信,2022/08/15,2,イケナイ太陽,ORANGE RANGE,https://youtu.be/PwZ9uoqyZIU?t=829,TRUE,,
弾き語り,弾き語り配信,2022/08/15,3,君じゃなきゃダメみたい,オーイシマサヨシ,https://youtu.be/PwZ9uoqyZIU?t=1314,TRUE,,
弾き語り,弾き語り配信,2022/08/15,4,ガーネット,奥華子,https://youtu.be/PwZ9uoqyZIU?t=1777,TRUE,,
弾き語り,弾き語り配信,2022/08/15,5,Shiny Sunny Step,甲斐田晴,https://youtu.be/PwZ9uoqyZIU?t=2219,TRUE,,
弾き語り,弾き語り配信,2022/08/15,6,サマータイムレコード,じん,https://youtu.be/PwZ9uoqyZIU?t=2953,TRUE,,
弾き語り,弾き語り配信,2022/08/15,7,敗北の少年,kemu,https://youtu.be/PwZ9uoqyZIU?t=3468,TRUE,,
弾き語り,弾き語り配信,2022/08/15,8,金曜日のおはよう,Honey Works,https://youtu.be/PwZ9uoqyZIU?t=3876,TRUE,,
弾き語り,弾き語り配信,2022/08/15,9,夢灯籠,RADWIMPS,https://youtu.be/PwZ9uoqyZIU?t=4440,TRUE,,
弾き語り,弾き語り配信,2022/08/15,10,前前前世,RADWIMPS,https://youtu.be/PwZ9uoqyZIU?t=4623,TRUE,,
弾き語り,弾き語り配信,2022/08/15,11,愛言葉,DECO*27,https://youtu.be/PwZ9uoqyZIU?t=5096,TRUE,,
弾き語り,弾き語り配信,2022/09/18,1,桜のあと,UNISON SQUARE GARDEN,https://youtu.be/8P_iei9REjU?t=734,TRUE,,
弾き語り,弾き語り配信,2022/09/18,2,透明な心臓が泣いていた,甲斐田晴,https://youtu.be/8P_iei9REjU?t=1301,TRUE,,
弾き語り,弾き語り配信,2022/09/18,3,地球最後の告白を,kemu,https://youtu.be/8P_iei9REjU?t=1876,TRUE,,
弾き語り,弾き語り配信,2022/09/18,4,ブルーバード,いきものがかり,https://youtu.be/8P_iei9REjU?t=2301,TRUE,,
弾き語り,弾き語り配信,2022/09/18,5,奏,スキマスイッチ,https://youtu.be/8P_iei9REjU?t=2713,TRUE,,
弾き語り,弾き語り配信,2022/09/18,6,ドライフラワー,優里,https://youtu.be/8P_iei9REjU?t=3108,TRUE,,
弾き語り,弾き語り配信,2022/09/18,7,夕景イエスタデイ,じん,https://youtu.be/8P_iei9REjU?t=3544,TRUE,,
弾き語り,弾き語り配信,2022/09/18,8,月光花,Janne Da Arc,https://youtu.be/8P_iei9REjU?t=3928,TRUE,,
弾き語り,弾き語り配信,2022/09/18,9,ワールド・ランプシェード,buzzG,https://youtu.be/8P_iei9REjU?t=4434,TRUE,,
弾き語り,弾き語り配信,2022/09/18,10,風になる,つじあやの,https://youtu.be/8P_iei9REjU?t=4815,TRUE,,
有観客ライブ,出張！ろふまお塾〜フェスだしいっちょやりますかSP〜,2022/10/02,1,"New street,New world",ROF-MAO,https://www.youtube.com/live/SxiKcyaXujw?si=pbSIE7Z880oQ4QJ_,TRUE,剣持刀也、加賀美ハヤト、不破湊,
有観客ライブ,出張！ろふまお塾〜フェスだしいっちょやりますかSP〜,2022/10/02,2,一撃,ROF-MAO,https://youtu.be/fc96asHhF8k?si=l3hH2rOqYZTN2i9N,TRUE,剣持刀也、加賀美ハヤト、不破湊,
メン限,メン限（なんか音楽やる）（配信後ツイート「作曲おもろかた」）,2022/10/28,,（メン限）,,https://www.youtube.com/live/r22ZV_1FnCs?si=j4Q-5CRz_jVj8u6z,FALSE,,
"歌唱のみ, コラボ",アルバムリリース記念オンラインバンドライブ,2022/11/13,1,清風,甲斐田晴,https://youtu.be/Q2sc0P9B5bw?t=129,TRUE,,超ファラオ、ナツメユウキ、OD、HONNWAKA88、SperioNz
"歌唱のみ, コラボ",アルバムリリース記念オンラインバンドライブ,2022/11/13,2,Shiny Sunny Step,甲斐田晴,https://youtu.be/Q2sc0P9B5bw?t=693,TRUE,,超ファラオ、ナツメユウキ、OD、HONNWAKA88、SperioNz
"歌唱のみ, コラボ",アルバムリリース記念オンラインバンドライブ,2022/11/13,3,cycle,甲斐田晴,https://youtu.be/Q2sc0P9B5bw?t=999,TRUE,,超ファラオ、ナツメユウキ、OD、HONNWAKA88、SperioNz
"歌唱のみ, コラボ",アルバムリリース記念オンラインバンドライブ,2022/11/13,4,パラレルノー細胞,甲斐田晴,https://youtu.be/Q2sc0P9B5bw?t=1405,TRUE,,超ファラオ、ナツメユウキ、OD、HONNWAKA88、SperioNz
"歌唱のみ, コラボ",アルバムリリース記念オンラインバンドライブ,2022/11/13,5,瓦礫の塔,kemu,https://youtu.be/Q2sc0P9B5bw?t=1614,TRUE,,超ファラオ、ナツメユウキ、OD、HONNWAKA88、SperioNz
"歌唱のみ, コラボ",アルバムリリース記念オンラインバンドライブ,2022/11/13,6,なないろメモリー,優莉,https://youtu.be/Q2sc0P9B5bw?t=2005,TRUE,,超ファラオ、ナツメユウキ、OD、HONNWAKA88、SperioNz
"歌唱のみ, コラボ",アルバムリリース記念オンラインバンドライブ,2022/11/13,7,ぼくのヒーロー,甲斐田晴,https://youtu.be/Q2sc0P9B5bw?t=2244,TRUE,,超ファラオ、ナツメユウキ、OD、HONNWAKA88、SperioNz
"歌唱のみ, コラボ",アルバムリリース記念オンラインバンドライブ,2022/11/13,8,UNSEEN TREASURES,甲斐田晴,https://youtu.be/Q2sc0P9B5bw?t=2819,TRUE,,超ファラオ、ナツメユウキ、OD、HONNWAKA88、SperioNz
"歌唱のみ, 3D（オンライン）, コラボ",にじさんじユニット歌謡祭2022 Day1,2022/12/29,1,ミックスナッツ,Official髭男dism,https://youtu.be/SjuAIIe0Op0?t=6510,TRUE,弦月藤士郎、長尾景,
"歌唱のみ, 3D（オンライン）, コラボ",にじさんじユニット歌謡祭2022 Day1,2022/12/29,2,Virtual to LIVE,にじさんじ,https://youtu.be/SjuAIIe0Op0?t=7412,TRUE,,
"歌唱のみ, 3D（オンライン）, コラボ",にじさんじユニット歌謡祭2022 Day2,2022/12/30,1,エイリアンエイリアン,ナユタン星人,,TRUE,本間ひまわり、三枝明那,
"歌唱のみ, 3D（オンライン）, コラボ",にじさんじユニット歌謡祭2022 Day2,2022/12/30,2,Virtual to LIVE,にじさんじ,https://youtu.be/SjuAIIe0Op0?t=8649,TRUE,,
"歌唱のみ, 3D（オンライン）, コラボ",にじさんじユニット歌謡祭2022 Day3,2022/12/31,1,One Night Carnival,氣志團,,TRUE,不破湊,
"歌唱のみ, 3D（オンライン）, コラボ",にじさんじユニット歌謡祭2022 Day3,2022/12/31,2,ココロオドル,nobodyknows+,,TRUE,伏見ガク、叶、三枝明那,
"歌唱のみ, 3D（オンライン）, コラボ",にじさんじユニット歌謡祭2022 Day3,2022/12/31,3,Virtual to LIVE,にじさんじ,https://youtu.be/SjuAIIe0Op0?t=9287,TRUE,,
メン限,メン限（8000000000年ぶりのギター）,2023/01/08,,（メン限）,,https://www.youtube.com/live/vJl4ZIxVX7s?si=AFfswJogI9gXbxO6,FALSE,,
コラボ,オンラインライブ,2023/02/14,,ホシアイ,レフティーモンスターＰ,https://youtu.be/L9naYPv6HhU?t=163,TRUE,,
コラボ,オンラインライブ,2023/02/14,,世界は恋に落ちている,CHiCO with HoneyWorks,https://youtu.be/L9naYPv6HhU?t=1028,TRUE,,
コラボ,オンラインライブ,2023/02/14,,ピエロ,KEI,https://youtu.be/L9naYPv6HhU?t=1797,TRUE,,
コラボ,オンラインライブ,2023/02/14,,星の唄,buzzG,https://youtu.be/L9naYPv6HhU?t=2769,TRUE,,
コラボ,オンラインライブ,2023/02/14,,夢地図,40mP,https://youtu.be/L9naYPv6HhU?t=3361,TRUE,,
コラボ,オンラインライブ,2023/02/14,,可愛くなりたい,HoneyWorks,https://youtu.be/L9naYPv6HhU?t=4331,TRUE,,
コラボ,オンラインライブ,2023/02/14,,1・2・3,After the Rain,https://youtu.be/L9naYPv6HhU?t=5066,TRUE,,
コラボ,VΔLZオフ歌枠,2023/02/26,,千本桜,黒うさＰ,https://youtu.be/J1Qz5WuGaj0?t=181,TRUE,,
コラボ,VΔLZオフ歌枠,2023/02/26,,いのちの名前,木村弓,https://youtu.be/J1Qz5WuGaj0?t=1243,TRUE,,
コラボ,VΔLZオフ歌枠,2023/02/26,,DONBURA KONBURA SPEAKERS,Ranunculus,https://youtu.be/J1Qz5WuGaj0?t=2065,TRUE,,
コラボ,VΔLZオフ歌枠,2023/02/26,,ハロ／ハワユ,ナノウ,https://youtu.be/J1Qz5WuGaj0?t=2823,TRUE,,
コラボ,VΔLZオフ歌枠,2023/02/26,,奏,スキマスイッチ,https://youtu.be/J1Qz5WuGaj0?t=3410,TRUE,,
コラボ,VΔLZオフ歌枠,2023/02/26,,浮世の演舞,VΔLZ,https://youtu.be/J1Qz5WuGaj0?t=4166,TRUE,,
コラボ,オンラインセッション,2023/03/04,,ぼくのヒーロー,甲斐田晴,https://youtu.be/So9BxdL7SPM?t=341,TRUE,,
コラボ,オンラインセッション,2023/03/04,,想像フォレスト,じん,https://youtu.be/So9BxdL7SPM?t=963,TRUE,,
コラボ,オンラインセッション,2023/03/04,,贖罪,傘村トータ,https://youtu.be/So9BxdL7SPM?t=1485,TRUE,,
コラボ,オンラインセッション,2023/03/04,,Sincerely,TRUE,https://youtu.be/So9BxdL7SPM?t=2093,TRUE,,
コラボ,オンラインセッション,2023/03/04,,115万キロのフィルム,Official髭男dism,https://youtu.be/So9BxdL7SPM?t=2422,TRUE,,
コラボ,オンラインセッション,2023/03/04,,恋,奥華子,https://youtu.be/So9BxdL7SPM?t=2972,TRUE,,
コラボ,オンラインセッション,2023/03/04,,Ghost of a smile,EGOIST,https://youtu.be/So9BxdL7SPM?t=3562,TRUE,,
コラボ,オンラインセッション,2023/03/04,,Wishing,レム(水瀬いのり),https://youtu.be/So9BxdL7SPM?t=4193,TRUE,,
コラボ,オンラインセッション,2023/03/04,,ニア,夏代孝明,https://youtu.be/So9BxdL7SPM?t=4808,TRUE,,
"非公開, 歌唱のみ",古ボカロカラオケコラボ,2023/04/07,1,GALLOWS BELL,buzzG,https://youtu.be/Hm40Bo6VHPg?t=25m29s,TRUE,,
"非公開, コラボ, 歌唱のみ",古ボカロカラオケコラボ,2023/04/07,2,トルコ行進曲-オワタ＼(^o^)／,ガルナ(オワタP),https://youtu.be/Hm40Bo6VHPg?t=45m44s,TRUE,竜胆尊、渡会雲雀、Kotoka Torahime,
"非公開, コラボ, 歌唱のみ",古ボカロカラオケコラボ,2023/04/07,3,エンヴィキャットウォーク,トーマ,https://youtu.be/Hm40Bo6VHPg?t=51m14s,TRUE,渡会雲雀,
"非公開, 歌唱のみ",古ボカロカラオケコラボ,2023/04/07,4,Just a game,takamatt,https://youtu.be/Hm40Bo6VHPg?t=61m13s,TRUE,,
"非公開, コラボ, 歌唱のみ",古ボカロカラオケコラボ,2023/04/07,5,バビロン,トーマ,https://youtu.be/Hm40Bo6VHPg,TRUE,渡会雲雀,
"非公開, コラボ, 歌唱のみ",古ボカロカラオケコラボ,2023/04/07,6,夕景イエスタデイ,じん,https://youtu.be/Hm40Bo6VHPg?t=85m57s,TRUE,竜胆尊、渡会雲雀、Kotoka Torahime,
"非公開, コラボ, 歌唱のみ",古ボカロカラオケコラボ,2023/04/07,7,メランコリック,Junky,https://youtu.be/Hm40Bo6VHPg?t=98m24s,TRUE,渡会雲雀、Kotoka Torahime,
"非公開, 歌唱のみ",古ボカロカラオケコラボ,2023/04/07,8,小夜子,みきとP,https://youtu.be/Hm40Bo6VHPg?t=109m44s,TRUE,,
"非公開, コラボ, 歌唱のみ",古ボカロカラオケコラボ,2023/04/07,9,ワールズエンド・ダンスホール,wowaka,https://youtu.be/Hm40Bo6VHPg?t=145m42s,TRUE,渡会雲雀,
"非公開, コラボ, 歌唱のみ",古ボカロカラオケコラボ,2023/04/07,10,te-yut-te,フェイP,https://youtu.be/Hm40Bo6VHPg?t=154m46s,TRUE,竜胆尊、渡会雲雀、Kotoka Torahime,
"非公開, 歌唱のみ",古ボカロカラオケコラボ,2023/04/07,11,マダラカルト,トーマ,https://youtu.be/Hm40Bo6VHPg?t=158m23s,TRUE,,
"非公開, コラボ, 歌唱のみ",古ボカロカラオケコラボ,2023/04/07,12,パンダヒーロー,ハチ,https://youtu.be/Hm40Bo6VHPg?t=181m27s,TRUE,竜胆尊、渡会雲雀、Kotoka Torahime,
メン限,メン限（曲作ろ）,2023/04/15,,（メン限）,,https://www.youtube.com/live/np4WtUYnw5o?si=AoffXK0LykFvxLPG,FALSE,,
"メン限, アコギ以外",メン限（86400秒のキセキのピアノ楽譜弾く）,2023/05/22,,（メン限）,,https://www.youtube.com/live/Fr7_f-UPG9o?si=zchSkqsO6e9zEN75,FALSE,,
弾き語り,弾き語り配信,2023/06/02,1,Shiny Sunny Step,甲斐田晴,https://youtu.be/OaNihLRX6yYY?t=393,TRUE,,
弾き語り,弾き語り配信,2023/06/02,2,ミックスナッツ,Official髭男dism,https://youtu.be/OaNihLRX6yYY?t=837,TRUE,,
弾き語り,弾き語り配信,2023/06/02,3,夜もすがら君思ふ,TOKOTOKO(西沢さんP),https://youtu.be/OaNihLRX6yYY?t=1328,TRUE,,
弾き語り,弾き語り配信,2023/06/02,4,"rain stops, good-bye",におＰ,https://youtu.be/OaNihLRX6yYY?t=1692,TRUE,,
弾き語り,弾き語り配信,2023/06/02,5,メルト,ryo(supercell),https://youtu.be/OaNihLRX6yYY?t=2065,TRUE,,
弾き語り,弾き語り配信,2023/06/02,6,COLORS,FLOW,https://youtu.be/OaNihLRX6yYY?t=2415,TRUE,,
弾き語り,弾き語り配信,2023/06/02,7,Calc.,ジミーサムP,https://youtu.be/OaNihLRX6yYY?t=2721,TRUE,,
弾き語り,弾き語り配信,2023/06/02,8,Departures～あなたにおくるアイの歌～,EGOIST,https://youtu.be/OaNihLRX6yYY?t=3156,TRUE,,
弾き語り,弾き語り配信,2023/06/02,9,ニア,夏代孝明,https://youtu.be/OaNihLRX6yYY?t=3461,TRUE,,
弾き語り,弾き語り配信,2023/06/02,10,透明な心臓が泣いていた,甲斐田晴,https://youtu.be/OaNihLRX6yYY?t=4033,TRUE,,
有観客ライブ,VΔLZ 1st LIVE『一唱入魂』,2023/06/09,1,恋愛レボリューション21,モーニング娘。,https://shop.nijisanji.jp/TAG_198,TRUE,弦月藤士郎、長尾景,
有観客ライブ,VΔLZ 1st LIVE『一唱入魂』,2023/06/09,2,All Alone With You,EGOIST,https://shop.nijisanji.jp/TAG_198,TRUE,,
有観客ライブ,VΔLZ 1st LIVE『一唱入魂』,2023/06/09,3,浮世の演舞,VΔLZ,https://shop.nijisanji.jp/TAG_198,TRUE,弦月藤士郎、長尾景,
有観客ライブ,VΔLZ 1st LIVE『一唱入魂』,2023/06/09,4,シネマ,Ayase,https://shop.nijisanji.jp/TAG_198,TRUE,長尾景,
有観客ライブ,VΔLZ 1st LIVE『一唱入魂』,2023/06/09,5,チューリングラブ,ナナヲアカリ,,TRUE,弦月藤士郎,
有観客ライブ,VΔLZ 1st LIVE『一唱入魂』,2023/06/09,6,パラレルノー細胞,甲斐田晴,https://shop.nijisanji.jp/TAG_198,TRUE,,
有観客ライブ,VΔLZ 1st LIVE『一唱入魂』,2023/06/09,7,透明な心臓が泣いていた,甲斐田晴,https://shop.nijisanji.jp/TAG_198,TRUE,,
有観客ライブ,VΔLZ 1st LIVE『一唱入魂』,2023/06/09,8,No reason.,VΔLZ,https://shop.nijisanji.jp/TAG_198,TRUE,弦月藤士郎、長尾景,
有観客ライブ,VΔLZ 1st LIVE『一唱入魂』,2023/06/09,9,サマータイムレコード,じん,https://shop.nijisanji.jp/TAG_198,TRUE,弦月藤士郎、長尾景,
有観客ライブ,VΔLZ 1st LIVE『一唱入魂』,2023/06/09,10,SHOOTING DELTA,VΔLZ,https://shop.nijisanji.jp/TAG_198,TRUE,弦月藤士郎、長尾景,
有観客ライブ,VΔLZ 1st LIVE『一唱入魂』,2023/06/09,11,虹色のPuddle,にじさんじ,https://shop.nijisanji.jp/TAG_198,TRUE,弦月藤士郎、長尾景,
弾き語り,弾き語り配信,2023/06/23,1,"Hello, Worker",KEI,https://youtu.be/lBbGSBwpRuw?t=704,TRUE,,
弾き語り,弾き語り配信,2023/06/23,2,Rolling star,YUI,https://youtu.be/lBbGSBwpRuw?t=1156,TRUE,,
弾き語り,弾き語り配信,2023/06/23,3,きゅうくらりん,いよわ,https://youtu.be/lBbGSBwpRuw?t=1449,TRUE,,
弾き語り,弾き語り配信,2023/06/23,4,God knows…,涼宮ハルヒ(平野綾),https://youtu.be/lBbGSBwpRuw?t=1941,TRUE,,
弾き語り,弾き語り配信,2023/06/23,5,POP STAR,平井堅,https://youtu.be/lBbGSBwpRuw?t=2422,TRUE,,
弾き語り,弾き語り配信,2023/06/23,6,TSUNAMI,サザンオールスターズ,https://youtu.be/lBbGSBwpRuw?t=2796,TRUE,,
弾き語り,弾き語り配信,2023/06/23,7,フィクション,sumika,https://youtu.be/lBbGSBwpRuw?t=3240,TRUE,,
弾き語り,弾き語り配信,2023/06/23,8,変わらないもの,奥華子,https://youtu.be/lBbGSBwpRuw?t=3609,TRUE,,
弾き語り,弾き語り配信,2023/06/23,9,しわ,bussG,https://youtu.be/lBbGSBwpRuw?t=4023,TRUE,,
弾き語り,弾き語り配信,2023/06/23,10,君の知らない物語,supercell,https://youtu.be/lBbGSBwpRuw?t=4428,TRUE,,
"コラボ, 演奏のみ, アコギ以外",長尾景大型企画発表会,2023/06/26,1,クレマチスの祈り,長尾景,https://youtu.be/aCBUCxzP5yo,FALSE,長尾景,甲斐田晴、弦月藤士郎、長尾景
"メン限, アコギ以外",メン限（エレキギター）,2023/06/29,1,（メン限）,,https://www.youtube.com/live/l0BRYSRBbPs?si=qdF_Pm3qXHWn9zm8,FALSE,,
"コラボ, 演奏のみ, アコギ以外",同期セッション,2023/07/24,1,クレマチスの祈り,長尾景,https://youtu.be/VNa5FU8DxRs,FALSE,長尾景,甲斐田晴、弦月藤士郎、長尾景
弾き語り,弾き語り配信,2023/08/11,1,透明な心臓が泣いていた,甲斐田晴,https://youtu.be/Eg6k-chFWLc?t=296,TRUE,,
弾き語り,弾き語り配信,2023/08/11,2,うたかた花火,supercell,https://youtu.be/Eg6k-chFWLc?t=472,TRUE,,
弾き語り,弾き語り配信,2023/08/11,3,カブトムシ,aiko,https://youtu.be/Eg6k-chFWLc?t=900,TRUE,,
弾き語り,弾き語り配信,2023/08/11,4,打上花火,DAOKO×米津玄師,https://youtu.be/Eg6k-chFWLc?t=1342,TRUE,,
弾き語り,弾き語り配信,2023/08/11,5,インフェルノ,Mrs.GREEN APPLE,https://youtu.be/Eg6k-chFWLc?t=1800,TRUE,,
弾き語り,弾き語り配信,2023/08/11,6,ラブ・パレード,ORANGE RANGE,https://youtu.be/Eg6k-chFWLc?t=2223,TRUE,,
弾き語り,弾き語り配信,2023/08/11,7,All Alone With You,EGOIST,https://youtu.be/Eg6k-chFWLc?t=2787,TRUE,,
弾き語り,弾き語り配信,2023/08/11,8,シルエット,KANA-BOON,https://youtu.be/Eg6k-chFWLc?t=3364,TRUE,,
"コラボ, 歌唱のみ, 3D（オンライン）",本間ひまわり3D新衣装,2023/08/20,1,ヒャダインのじょーじょーゆーじょー,ヒャダイン,https://youtu.be/l3IpLyxYv38?t=921,TRUE,本間ひまわり,
弾き語り,弾き語り配信,2023/08/25,1,寝・逃・げでリセット！,柊つかさ(福原香織),https://youtu.be/Mqxgr9FHCOs?t=434,TRUE,,
弾き語り,弾き語り配信,2023/08/25,2,READY STEADY GO,L'arc~en~Ciel,https://youtu.be/Mqxgr9FHCOs?t=874,TRUE,,
弾き語り,弾き語り配信,2023/08/25,3,366日,HY,https://youtu.be/Mqxgr9FHCOs?t=1213,TRUE,,
弾き語り,弾き語り配信,2023/08/25,4,カタオモイ,Aimer,https://youtu.be/Mqxgr9FHCOs?t=1719,TRUE,,
弾き語り,弾き語り配信,2023/08/25,5,浮世の演舞,VΔLZ,https://youtu.be/Mqxgr9FHCOs?t=2034,TRUE,,
弾き語り,弾き語り配信,2023/08/25,6,"New street, New world",ROF-MAO,https://youtu.be/Mqxgr9FHCOs?t=2400,TRUE,,
弾き語り,弾き語り配信,2023/08/25,7,Sincerely,TRUE,https://youtu.be/Mqxgr9FHCOs?t=3101,TRUE,,
弾き語り,弾き語り配信,2023/08/25,8,Cross Over,9nine,https://youtu.be/Mqxgr9FHCOs?t=3447,TRUE,,
弾き語り,弾き語り配信,2023/08/25,9,等身大のラブソング,Aqua Timez,https://youtu.be/Mqxgr9FHCOs?t=3904,TRUE,,
弾き語り,弾き語り配信,2023/08/25,10,想像フォレスト,じん,https://youtu.be/Mqxgr9FHCOs?t=4472,TRUE,,
"コラボ, 歌唱のみ, 3D（オンライン）",フミ誕生日3Dライブ,2023/10/10,1,群青讃歌,Eve,https://youtu.be/EcBaszShcF0?t=2937,TRUE,フミ、星川サラ、山神カルタ、弦月藤士郎、長尾景,
弾き語り,弾き語り配信,2023/10/14,1,Shiny Sunny Step,甲斐田晴,https://youtu.be/yQFW4TVPpiw?t=7m15s,TRUE,,
弾き語り,弾き語り配信,2023/10/14,2,UNSEEN TREASURES,甲斐田晴,https://youtu.be/yQFW4TVPpiw?t=14m22s,TRUE,,
弾き語り,弾き語り配信,2023/10/14,3,プラネタリウムの真実,夏代孝明,https://youtu.be/yQFW4TVPpiw?t=21m17s,TRUE,,
弾き語り,弾き語り配信,2023/10/14,4,九龍レトロ,トーマ,https://youtu.be/yQFW4TVPpiw?t=29m46s,TRUE,,
弾き語り,弾き語り配信,2023/10/14,5,津軽海峡冬景色,石川さゆり,https://youtu.be/yQFW4TVPpiw?t=38m5s,TRUE,,
弾き語り,弾き語り配信,2023/10/14,6,サウダージ,ポルノグラフィティ,https://youtu.be/yQFW4TVPpiw?t=44m3s,TRUE,,
弾き語り,弾き語り配信,2023/10/14,7,もののけ姫,米良美一,https://youtu.be/yQFW4TVPpiw?t=54m9s,TRUE,,
弾き語り,弾き語り配信,2023/10/14,8,地球最後の告白を,kemu,https://youtu.be/yQFW4TVPpiw?t=60m3s,TRUE,,
弾き語り,弾き語り配信,2023/10/14,9,My Dearest,supercell,https://youtu.be/yQFW4TVPpiw?t=79m24s,TRUE,,
弾き語り,弾き語り配信,2023/10/18,1,千の夜をこえて,Aqua Timez,https://youtu.be/sNcLmjccry0?t=6m59s,TRUE,,
弾き語り,弾き語り配信,2023/10/18,2,青のすみか,キタニタツヤ,https://youtu.be/sNcLmjccry0?t=13m17s,TRUE,,
弾き語り,弾き語り配信,2023/10/18,3,気まぐれロマンティック,いきものがかり,https://youtu.be/sNcLmjccry0?t=25m38s,TRUE,,
弾き語り,弾き語り配信,2023/10/18,4,七色のコンパス,一ノ瀬トキヤ(宮野真守),https://youtu.be/sNcLmjccry0?t=32m40s,TRUE,,
弾き語り,弾き語り配信,2023/10/18,5,StaRt,Mrs.GREEN APPLE,https://youtu.be/sNcLmjccry0?t=41m10s,TRUE,,
弾き語り,弾き語り配信,2023/10/18,6,ミックスナッツ,Official髭男dism,https://youtu.be/sNcLmjccry0?t=47m32s,TRUE,,
弾き語り,弾き語り配信,2023/10/18,7,アスノヨゾラ哨戒班,Orangestar,https://youtu.be/sNcLmjccry0?t=56m4s,TRUE,,
弾き語り,弾き語り配信,2023/10/18,8,風が吹く街,ラックライフ,https://youtu.be/sNcLmjccry0?t=65m54s,TRUE,,
弾き語り,弾き語り配信,2023/10/18,9,透明な心臓が泣いていた,甲斐田晴,https://youtu.be/sNcLmjccry0?t=72m48s,TRUE,,
歌唱のみ,誕生日記念歌枠,2023/10/25,1,パラレルノー細胞,甲斐田晴,https://youtu.be/80qQhFLa39A?t=1m52s,TRUE,,
歌唱のみ,誕生日記念歌枠,2023/10/25,2,パパンパ！Blue Summer Days,甲斐田晴,https://youtu.be/80qQhFLa39A?t=9m26s,TRUE,,
歌唱のみ,誕生日記念歌枠,2023/10/25,3,清風,甲斐田晴,https://youtu.be/80qQhFLa39A?t=13m52s,TRUE,,
歌唱のみ,誕生日記念歌枠,2023/10/25,4,cycle,甲斐田晴,https://youtu.be/80qQhFLa39A?t=24m10s,TRUE,,
歌唱のみ,誕生日記念歌枠,2023/10/25,5,SHOOTING DELTA,VΔLZ,https://youtu.be/80qQhFLa39A?t=28m13s,TRUE,,
歌唱のみ,誕生日記念歌枠,2023/10/25,6,Shiny Sunny Step,甲斐田晴,https://youtu.be/80qQhFLa39A?t=36m12s,TRUE,,
歌唱のみ,誕生日記念歌枠,2023/10/25,7,UNSEEN TREASURES,甲斐田晴,https://youtu.be/80qQhFLa39A?t=41m26s,TRUE,,
歌唱のみ,誕生日記念歌枠,2023/10/25,8,透明な心臓が泣いていた,甲斐田晴,https://youtu.be/80qQhFLa39A?t=60m27s,TRUE,,
歌唱のみ,誕生日記念歌枠,2023/10/25,9,僕のヒーロー,甲斐田晴,https://youtu.be/80qQhFLa39A?t=63m50s,TRUE,,
歌唱のみ,誕生日記念歌枠,2023/10/25,10,何色,甲斐田晴,https://youtu.be/80qQhFLa39A?t=70m37s,TRUE,,
弾き語り,弾き語り配信,2023/10/31,1,First Love,宇多田ヒカル,https://youtu.be/e3xg5gESv0g?t=7m58s,TRUE,,
弾き語り,弾き語り配信,2023/10/31,2,君じゃなきゃダメみたい,オーイシマサヨシ,https://youtu.be/e3xg5gESv0g?t=15m57s,TRUE,,
弾き語り,弾き語り配信,2023/10/31,3,境界の彼方,茅原実里,https://youtu.be/e3xg5gESv0g?t=22m32s,TRUE,,
弾き語り,弾き語り配信,2023/10/31,4,プラチナ,坂本真綾,https://youtu.be/e3xg5gESv0g?t=29m45s,TRUE,,
弾き語り,弾き語り配信,2023/10/31,5,閃光,[ALEXANDROS],https://youtu.be/e3xg5gESv0g?t=39m49s,TRUE,,
弾き語り,弾き語り配信,2023/10/31,6,アムリタ,牧野由依,https://youtu.be/e3xg5gESv0g?t=47m36s,TRUE,,
弾き語り,弾き語り配信,2023/10/31,7,Wherever you are,ONE OK ROCK,https://youtu.be/e3xg5gESv0g?t=62m36s,TRUE,,
弾き語り,弾き語り配信,2023/10/31,8,空色デイズ,中川翔子,https://youtu.be/e3xg5gESv0g?t=69m2s,TRUE,,
弾き語り,弾き語り配信,2023/11/13,1,Pretender,Official髭男dism,https://youtu.be/wWwccvWygqA?t=5m38s,TRUE,,
弾き語り,弾き語り配信,2023/11/13,2,粉雪,レミオロメン,https://youtu.be/wWwccvWygqA?t=13m17s,TRUE,,
弾き語り,弾き語り配信,2023/11/13,3,ユキトキ,やなぎなぎ,https://youtu.be/wWwccvWygqA?t=21m,TRUE,,
弾き語り,弾き語り配信,2023/11/13,4,丸の内サディスティック,椎名林檎,https://youtu.be/wWwccvWygqA?t=31m23s,TRUE,,
弾き語り,弾き語り配信,2023/11/13,5,月光花,Janne Da Arc,https://youtu.be/wWwccvWygqA?t=39m01s,TRUE,,
弾き語り,弾き語り配信,2023/11/13,6,君に届け,flumpool,https://youtu.be/wWwccvWygqA?t=45m31s,TRUE,,
弾き語り,弾き語り配信,2023/11/13,7,ひとりぼっちじゃない,coba＆宮沢和史,https://youtu.be/wWwccvWygqA?t=53m01s,TRUE,,
弾き語り,弾き語り配信,2023/11/13,8,太陽の楽園～Promised Land～,神戸みゆき,https://youtu.be/wWwccvWygqA?t=67m56s,TRUE,,
弾き語り,弾き語り配信,2023/11/13,9,恋のミクル伝説,朝比奈みくる(後藤邑子),https://youtu.be/wWwccvWygqA?t=78m34s,TRUE,,
弾き語り,弾き語り配信,2023/11/20,1,ロマンスの神様,広瀬香美,https://www.youtube.com/live/iL-0TqHgvX0?si=Fq-xGEDpwnSayHEU&t=383,TRUE,,
弾き語り,弾き語り配信,2023/11/20,2,*～アスタリスク～,ORANGERANGE,https://www.youtube.com/live/iL-0TqHgvX0?si=QpOcGUZR_XBtC_B_&t=855,TRUE,,
弾き語り,弾き語り配信,2023/11/20,3,WHITE ALBUM,森川由綺(平野綾),https://www.youtube.com/live/iL-0TqHgvX0?si=W7cNs4E_eVKNMhOi&t=1395,TRUE,,
弾き語り,弾き語り配信,2023/11/20,4,青のすみか,キタニタツヤ,https://www.youtube.com/live/iL-0TqHgvX0?si=wn5MTswkszMpgbNY&t=1809,TRUE,,
弾き語り,弾き語り配信,2023/11/20,5,Cagayake!GIRLS,桜高軽音部(放課後ティータイム),https://www.youtube.com/live/iL-0TqHgvX0?si=CEsT7EoYvLyWbGqz&t=2111,TRUE,,
弾き語り,弾き語り配信,2023/11/20,6,"NO,Thank You!",放課後ティータイム,https://www.youtube.com/live/iL-0TqHgvX0?si=z1uO3ZPf7fyImvWW&t=2684,TRUE,,
弾き語り,弾き語り配信,2023/11/20,7,星の唄,buzzG,https://www.youtube.com/live/iL-0TqHgvX0?si=HDyTGtp4eghyx2fy&t=3088,TRUE,,
弾き語り,弾き語り配信,2023/11/20,8,コスモノート,天月-あまつき-,https://www.youtube.com/live/iL-0TqHgvX0?si=a6BPEP6e8ZRlK_kY,TRUE,,
弾き語り,弾き語り配信,2023/12/06,1,new song,tacica,https://youtu.be/Pe-Uc-Tibsg?t=6m9s,TRUE,,
弾き語り,弾き語り配信,2023/12/06,2,残酷な天使のテーゼ,高橋洋子,https://youtu.be/Pe-Uc-Tibsg?t=12m30s,TRUE,,
弾き語り,弾き語り配信,2023/12/06,3,fancy baby doll,田村ゆかり,https://youtu.be/Pe-Uc-Tibsg?t=18m33s,TRUE,,
弾き語り,弾き語り配信,2023/12/06,4,モノクロのキス,シド,https://youtu.be/Pe-Uc-Tibsg?t=21m24s,TRUE,,
弾き語り,弾き語り配信,2023/12/06,5,ほうき星,ユンナ,https://youtu.be/Pe-Uc-Tibsg?t=32m37s,TRUE,,
弾き語り,弾き語り配信,2023/12/06,6,ホログラム,NICO Touches the Walls,https://youtu.be/Pe-Uc-Tibsg?t=39m30s,TRUE,,
弾き語り,弾き語り配信,2023/12/06,7,ぼうやの夢よ,エミリア(高橋李依),https://youtu.be/Pe-Uc-Tibsg?t=54m20s,TRUE,,
弾き語り,弾き語り配信,2023/12/06,8,Just a game,takamatt,https://youtu.be/Pe-Uc-Tibsg?t=60m4s,TRUE,,
弾き語り,弾き語り配信,2023/12/06,9,God knows…,涼宮ハルヒ(平野綾),https://youtu.be/Pe-Uc-Tibsg?t=67m18s,TRUE,,
有観客ライブ,YouTube Fanfest Japan 2023,2023/12/13,1,I wanna! You wanna!,ROF-MAO,https://www.youtube.com/watch?v=PmkZXhqp9kc,TRUE,剣持刀也、加賀美ハヤト、不破湊,
弾き語り,弾き語り配信,2023/12/16,1,猫,DISH//,https://youtu.be/rqWnwEodQZg?t=13m25s,TRUE,,
弾き語り,弾き語り配信,2023/12/16,2,葛飾ラプソディー,堂島孝平,https://youtu.be/rqWnwEodQZg?t=21m54s,TRUE,,
弾き語り,弾き語り配信,2023/12/16,3,宿命,Official髭男dism,https://youtu.be/rqWnwEodQZg?t=30m26s,TRUE,,
弾き語り,弾き語り配信,2023/12/16,4,しわ,buzzG,https://youtu.be/rqWnwEodQZg?t=37m24s,TRUE,,
弾き語り,弾き語り配信,2023/12/16,5,キューティーハニー,前川陽子,https://youtu.be/rqWnwEodQZg?t=47m10s,TRUE,,
弾き語り,弾き語り配信,2023/12/16,6,亜麻色の髪の乙女,島谷ひとみ,https://youtu.be/rqWnwEodQZg?t=52m5s,TRUE,,
弾き語り,弾き語り配信,2023/12/16,7,Pray,水樹奈々,https://youtu.be/rqWnwEodQZg?t=59m,TRUE,,
弾き語り,弾き語り配信,2023/12/16,8,SUPER GENERATION,水樹奈々,https://youtu.be/rqWnwEodQZg?t=61m37s,TRUE,,
弾き語り,弾き語り配信,2023/12/16,9,決意の朝に,Aqua Timez,https://youtu.be/rqWnwEodQZg?t=64m31s,TRUE,,
音源協力,コール参加,2023/12/18,1,アイドルライフスターターパック,iLiFE!,https://youtu.be/Mp6qcX-rxjg,FALSE,ドーラ、シスター・クレア、山神カルタ、東堂コハク、レイン・パターソン、海妹四葉,
有観客ライブ,にじさんじフェス2023 前夜祭,2023/12/22,1,SHOOTING DELTA,VΔLZ,https://www.youtube.com/live/BqX-jwptb5k?si=d0xARylBNORtpdXI&t=5957,TRUE,弦月藤士郎、長尾景,
有観客ライブ,にじさんじフェス2023 前夜祭,2023/12/22,2,No Reason.,VΔLZ,https://shop.nijisanji.jp/TAG_454,TRUE,弦月藤士郎、長尾景,
有観客ライブ,にじさんじフェス2023 前夜祭,2023/12/22,3,浮世の演舞,VΔLZ,https://shop.nijisanji.jp/TAG_454,TRUE,弦月藤士郎、長尾景,
有観客ライブ,にじさんじフェス2023 前夜祭,2023/12/22,4,セカイはまだ始まってすらいない,ワンダーランズ×ショウタイム,https://shop.nijisanji.jp/TAG_454,TRUE,弦月藤士郎、長尾景,
有観客ライブ,にじさんじフェス2023 前夜祭,2023/12/22,5,扉,VΔLZ,https://shop.nijisanji.jp/TAG_454,TRUE,弦月藤士郎、長尾景,
有観客ライブ,にじさんじフェス2023 前夜祭,2023/12/22,6,できっこないを やらなくちゃ,サンボマスター,https://shop.nijisanji.jp/TAG_454,TRUE,樋口楓、弦月藤士郎、長尾景,
有観客ライブ,にじさんじフェス2023 前夜祭,2023/12/22,7,Virtual Strike,にじさんじ,https://shop.nijisanji.jp/TAG_454,TRUE,樋口楓、夢追翔、戌亥とこ、町田ちま、弦月藤士郎、長尾景,
有観客ライブ,にじさんじフェス2023 前夜祭,2023/12/22,8,虹色のPuddle,にじさんじ,https://shop.nijisanji.jp/TAG_454,TRUE,樋口楓、夢追翔、戌亥とこ、町田ちま、弦月藤士郎、長尾景,
有観客ライブ,にじさんじフェス2023 前夜祭,2023/12/22,9,Hurrah!!,にじさんじ,https://shop.nijisanji.jp/TAG_454,TRUE,樋口楓、夢追翔、戌亥とこ、町田ちま、弦月藤士郎、長尾景,
弾き語り,弾き語り配信,2023/12/29,1,ドライフラワー,優里,https://youtu.be/5PFWekVK34E?t=4m44s,TRUE,,
弾き語り,弾き語り配信,2023/12/29,2,小夜子,みきとP,https://youtu.be/5PFWekVK34E?t=11m52s,TRUE,,
弾き語り,弾き語り配信,2023/12/29,3,キラメキ,wacci,https://youtu.be/5PFWekVK34E?t=20m41s,TRUE,,
弾き語り,弾き語り配信,2023/12/29,4,となりのトトロ,井上あずみ,https://youtu.be/5PFWekVK34E?t=32m17s,TRUE,,
弾き語り,弾き語り配信,2023/12/29,5,明日への扉,I WiSH,https://youtu.be/5PFWekVK34E?t=42m31s,TRUE,,
弾き語り,弾き語り配信,2023/12/29,6,THE OVER,UVERworld,https://youtu.be/5PFWekVK34E?t=53m50s,TRUE,,
弾き語り,弾き語り配信,2023/12/29,7,透明な心臓が泣いていた,甲斐田晴,https://youtu.be/5PFWekVK34E?t=63m39s,TRUE,,
"歌唱のみ, 3D（オンライン）",にじ3→4 年越し特番,2023/12/31,,Shiny Sunny Step,甲斐田晴,https://www.youtube.com/live/soxEueAbxnA?si=r0vRvGydkvCaX5hc&t=12011,TRUE,,
弾き語り,弾き語り配信,2024/01/13,1,Rainbow,ROUND TABLE feat.Nino,https://youtu.be/kApOQDclLwM?t=6m01s,TRUE,,
弾き語り,弾き語り配信,2024/01/13,2,ホウキ雲,RYTHEM,https://youtu.be/kApOQDclLwM?t=12m53s,TRUE,,
弾き語り,弾き語り配信,2024/01/13,3,ガーネット,奥華子,https://youtu.be/kApOQDclLwM?t=21m19s,TRUE,,
弾き語り,弾き語り配信,2024/01/13,4,いつも何度でも,木村弓,https://youtu.be/kApOQDclLwM?t=28m40s,TRUE,,
弾き語り,弾き語り配信,2024/01/13,5,いのちの名前,木村弓,https://youtu.be/kApOQDclLwM?t=33m58s,TRUE,,
弾き語り,弾き語り配信,2024/01/13,6,"One more time, One more chance",山崎まさよし,https://youtu.be/kApOQDclLwM?t=43m10s,TRUE,,
弾き語り,弾き語り配信,2024/01/13,7,All Alone With You,EGOIST,https://youtu.be/kApOQDclLwM?t=51m50s,TRUE,,
弾き語り,弾き語り配信,2024/01/13,8,はじめてのチュウ,あんしんパパ,https://youtu.be/kApOQDclLwM?t=54m32s,TRUE,,
弾き語り,弾き語り配信,2024/01/13,9,白日,King Gnu,https://youtu.be/kApOQDclLwM?t=58m14s,TRUE,,
弾き語り,弾き語り配信,2024/01/13,10,君色に染まる,TOKOTOKO(西沢さんP),https://youtu.be/kApOQDclLwM?t=71m34s,TRUE,,
弾き語り,弾き語り配信,2024/02/06,1,Catch the Moment,LiSA,https://youtu.be/SjxKJxF67Dc?t=6m51s,TRUE,,
弾き語り,弾き語り配信,2024/02/06,2,staple stable,戦場ヶ原ひたぎ(斎藤千和),https://youtu.be/SjxKJxF67Dc?t=13m32s,TRUE,,
弾き語り,弾き語り配信,2024/02/06,3,ANIMA,ReoNa,https://youtu.be/SjxKJxF67Dc?t=21m04s,TRUE,,
弾き語り,弾き語り配信,2024/02/06,4,テディ,ReoNa,https://youtu.be/SjxKJxF67Dc?t=28m56s,TRUE,,
弾き語り,弾き語り配信,2024/02/06,5,"Hello, Worker",KEI,https://youtu.be/SjxKJxF67Dc?t=30m54s,TRUE,,
弾き語り,弾き語り配信,2024/02/06,6,One Night Carnival,氣志團,https://youtu.be/SjxKJxF67Dc?t=36m09s,TRUE,,
弾き語り,弾き語り配信,2024/02/06,7,Mela!,緑黄色社会,https://youtu.be/SjxKJxF67Dc?t=44m41s,TRUE,,
弾き語り,弾き語り配信,2024/02/06,8,Lost my music,涼宮ハルヒ(平野綾),https://youtu.be/SjxKJxF67Dc?t=54m20s,TRUE,,
弾き語り,弾き語り配信,2024/02/24,1,月が綺麗だ。,甲斐田晴,https://youtu.be/oQCq26Aaz8I?t=9m45s,TRUE,,
弾き語り,弾き語り配信,2024/02/24,2,星が瞬くこんな夜に,supercell,https://youtu.be/oQCq26Aaz8I?t=17m40s,TRUE,,
弾き語り,弾き語り配信,2024/02/24,3,夜に駆ける,YOASOBI,https://youtu.be/oQCq26Aaz8I?t=24m53s,TRUE,,
弾き語り,弾き語り配信,2024/02/24,4,ピエロ,KEI,https://youtu.be/oQCq26Aaz8I?t=34m33s,TRUE,,
弾き語り,弾き語り配信,2024/02/24,5,ポケットにファンタジー,さち＆じゅり,https://youtu.be/oQCq26Aaz8I?t=42m32s,TRUE,,
弾き語り,弾き語り配信,2024/02/24,6,メリッサ,ポルノグラフィティ,https://youtu.be/oQCq26Aaz8I?t=52m12s,TRUE,,
弾き語り,弾き語り配信,2024/02/24,7,桃色片思い,松浦亜弥,https://youtu.be/oQCq26Aaz8I?t=62m,TRUE,,
弾き語り,弾き語り配信,2024/02/24,8,虹色のPuddle,にじさんじ,https://youtu.be/oQCq26Aaz8I?t=66m46s,TRUE,,
メン限,メン限（ギターの弦を変える）,2024/02/27,1,（メン限）,,https://www.youtube.com/live/MUmGlLRjqmI?si=fMAR9dpBn-F6HTuj,,,
有観客ライブ,"ROF-MAO 1st LIVE New street, New world",2024/04/21,1,ウィーアーポップスター,ROF-MAO,https://www.youtube.com/live/qVylRMGabv8?si=wzBXNsxTBrZVGb8g&t=1925,TRUE,剣持刀也、加賀美ハヤト、不破湊,
有観客ライブ,"ROF-MAO 1st LIVE New street, New world",2024/04/21,2,一撃,ROF-MAO,https://www.youtube.com/live/qVylRMGabv8?si=7eP7KhyWh9BOd5aj&t=2140,TRUE,剣持刀也、加賀美ハヤト、不破湊,
有観客ライブ,"ROF-MAO 1st LIVE New street, New world",2024/04/21,3,ラックハック,ROF-MAO,https://www.youtube.com/live/qVylRMGabv8?si=mrE7J-ADNPplTvNF&t=2382,TRUE,剣持刀也、加賀美ハヤト、不破湊,
有観客ライブ,"ROF-MAO 1st LIVE New street, New world",2024/04/21,4,フルカウント,ROF-MAO,https://www.youtube.com/live/qVylRMGabv8?si=t5NPauCOy7b-h_Ok&t=3130,TRUE,剣持刀也、加賀美ハヤト、不破湊,
有観客ライブ,"ROF-MAO 1st LIVE New street, New world",2024/04/21,5,Life is Onceで候,ROF-MAO,https://shop.nijisanji.jp/TAG_389,TRUE,剣持刀也、加賀美ハヤト、不破湊,
有観客ライブ,"ROF-MAO 1st LIVE New street, New world",2024/04/21,6,HANABI,ROF-MAO,https://shop.nijisanji.jp/TAG_389,TRUE,剣持刀也、加賀美ハヤト、不破湊,
有観客ライブ,"ROF-MAO 1st LIVE New street, New world",2024/04/21,7,Survivor,BLUE ENCOUNT,https://shop.nijisanji.jp/TAG_389,TRUE,剣持刀也、加賀美ハヤト、不破湊,
有観客ライブ,"ROF-MAO 1st LIVE New street, New world",2024/04/21,8,Do or Die,ROF-MAO,https://shop.nijisanji.jp/TAG_389,TRUE,剣持刀也、加賀美ハヤト、不破湊,
有観客ライブ,"ROF-MAO 1st LIVE New street, New world",2024/04/21,9,感情BONDING,ROF-MAO,https://shop.nijisanji.jp/TAG_389,TRUE,剣持刀也、加賀美ハヤト、不破湊,
有観客ライブ,"ROF-MAO 1st LIVE New street, New world",2024/04/21,10,もちもちハリネズミ,ROF-MAO,https://shop.nijisanji.jp/TAG_389,TRUE,加賀美ハヤト、不破湊,
有観客ライブ,"ROF-MAO 1st LIVE New street, New world",2024/04/21,11,Crazy Buddies!,ROF-MAO,https://shop.nijisanji.jp/TAG_389,TRUE,剣持刀也、加賀美ハヤト、不破湊,
有観客ライブ,"ROF-MAO 1st LIVE New street, New world",2024/04/21,12,ぶっ生き返す!!,マキシマム ザ ホルモン,https://shop.nijisanji.jp/TAG_389,TRUE,剣持刀也、加賀美ハヤト、不破湊,
有観客ライブ,"ROF-MAO 1st LIVE New street, New world",2024/04/21,13,Challengers,ROF-MAO,https://shop.nijisanji.jp/TAG_389,TRUE,剣持刀也、加賀美ハヤト、不破湊,
有観客ライブ,"ROF-MAO 1st LIVE New street, New world",2024/04/21,14,前進宣言,ROF-MAO,https://shop.nijisanji.jp/TAG_389,TRUE,剣持刀也、加賀美ハヤト、不破湊,
有観客ライブ,"ROF-MAO 1st LIVE New street, New world",2024/04/21,15,Thank you，Promise!,ROF-MAO,https://shop.nijisanji.jp/TAG_389,TRUE,剣持刀也、加賀美ハヤト、不破湊,
有観客ライブ,"ROF-MAO 1st LIVE New street, New world",2024/04/21,16,I wanna! You wanna!,ROF-MAO,https://shop.nijisanji.jp/TAG_389,TRUE,剣持刀也、加賀美ハヤト、不破湊,
有観客ライブ,"ROF-MAO 1st LIVE New street, New world",2024/04/21,17,Hands Up,ROF-MAO,https://shop.nijisanji.jp/TAG_389,TRUE,剣持刀也、加賀美ハヤト、不破湊,
有観客ライブ,"ROF-MAO 1st LIVE New street, New world",2024/04/21,18,"New Street, New world",ROF-MAO,https://shop.nijisanji.jp/TAG_389,TRUE,剣持刀也、加賀美ハヤト、不破湊,
"メン限, 弾き語り",メン限（弾き語りリハビリ）,2024/04/26,1,（メン限）,,https://www.youtube.com/live/aXh2BQ5zCbU?si=aJppLpYOe-RdQBG_,FALSE,,
弾き語り,弾き語り配信,2024/05/01,1,青いベンチ,サスケ,https://youtu.be/lmzbx3HDyV0?t=6m43s,TRUE,,
弾き語り,弾き語り配信,2024/05/01,2,ファンファーレ,sumica,https://youtu.be/lmzbx3HDyV0?t=18m32s,TRUE,,
弾き語り,弾き語り配信,2024/05/01,3,Good-bye days,YUI,https://youtu.be/lmzbx3HDyV0?t=23m34s,TRUE,,
弾き語り,弾き語り配信,2024/05/01,4,パラレルノー細胞,甲斐田晴,https://youtu.be/lmzbx3HDyV0?t=29m55s,TRUE,,
弾き語り,弾き語り配信,2024/05/01,5,サウダージ,ポルノグラフィティ,https://youtu.be/lmzbx3HDyV0?t=44m45s,TRUE,,
弾き語り,弾き語り配信,2024/05/01,6,motto☆派手にね！,戸松遥,https://youtu.be/lmzbx3HDyV0?t=48m41s,TRUE,,
弾き語り,弾き語り配信,2024/05/01,7,あんなに一緒だったのに,See-Saw,https://youtu.be/lmzbx3HDyV0?t=55m10s,TRUE,,
弾き語り,弾き語り配信,2024/05/01,8,フリージア,Uru,https://youtu.be/lmzbx3HDyV0?t=59m50s,TRUE,,
弾き語り,弾き語り配信,2024/05/01,9,閃光,[ALEXANDROS],https://youtu.be/lmzbx3HDyV0?t=72m43s,TRUE,,
弾き語り,弾き語り配信,2024/05/01,10,白金ディスコ,阿良々木月火(井口裕香),https://youtu.be/lmzbx3HDyV0?t=79m27s,TRUE,,
弾き語り,弾き語り配信,2024/06/01,1,青と夏,Mrs.GREEN APPLE,https://youtu.be/IGGQmIvmDJI?t=8m48s,TRUE,,
弾き語り,弾き語り配信,2024/06/01,2,虹,Aqua Timez,https://youtu.be/IGGQmIvmDJI?t=20m9s,TRUE,,
弾き語り,弾き語り配信,2024/06/01,3,UNION,OxT,https://youtu.be/IGGQmIvmDJI?t=33m8s,TRUE,,
弾き語り,弾き語り配信,2024/06/01,4,マリーゴールド,あいみょん,https://youtu.be/IGGQmIvmDJI?t=38m25s,TRUE,,
弾き語り,弾き語り配信,2024/06/01,5,シャルル,バルーン,https://youtu.be/IGGQmIvmDJI?t=47m18s,TRUE,,
弾き語り,弾き語り配信,2024/06/01,6,青のすみか,キタニタツヤ,https://youtu.be/IGGQmIvmDJI?t=55m28s,TRUE,,
弾き語り,弾き語り配信,2024/06/01,7,サマータイムレコード,じん,https://youtu.be/IGGQmIvmDJI?t=58m47s,TRUE,,
弾き語り,弾き語り配信,2024/06/15,1,"rain stops, good-bye",におP,https://youtu.be/GBOgncu-xok?t=7m5s,TRUE,,
弾き語り,弾き語り配信,2024/06/15,2,睡蓮花,湘南乃風,https://youtu.be/GBOgncu-xok?t=18m4s,TRUE,,
弾き語り,弾き語り配信,2024/06/15,3,カブトムシ,aiko,https://youtu.be/GBOgncu-xok?t=29m24s,TRUE,,
弾き語り,弾き語り配信,2024/06/15,4,イマジネーション,SPYAIR,https://youtu.be/GBOgncu-xok?t=41m11s,TRUE,,
弾き語り,弾き語り配信,2024/06/15,5,Hungry Spider,槇原敬之,https://youtu.be/GBOgncu-xok?t=58m23s,TRUE,,
弾き語り,弾き語り配信,2024/06/15,6,OK!,松本梨香,https://youtu.be/GBOgncu-xok?t=65m19s,TRUE,,
"コラボ, 歌唱のみ, 3D（オンライン）",海妹四葉誕生日3Dライブ,2024/06/17,1,Catch the Moment,LiSA,https://youtu.be/QVRGGA5u7pw?t=50m7s,TRUE,海妹四葉,
弾き語り,弾き語り配信,2024/06/23,1,ゴールデンタイムラバー,スキマスイッチ,https://youtu.be/VDEiAUrFWTY?t=5m41s,TRUE,,
弾き語り,弾き語り配信,2024/06/23,2,JOINT,川田まみ,https://youtu.be/VDEiAUrFWTY?t=10m32s,TRUE,,
弾き語り,弾き語り配信,2024/06/23,3,青空のラプソディ,fhana,https://youtu.be/VDEiAUrFWTY?t=17m6s,TRUE,,
弾き語り,弾き語り配信,2024/06/23,4,Stay Alive,エミリア(高橋李依),https://youtu.be/VDEiAUrFWTY?t=28m51s,TRUE,,
弾き語り,弾き語り配信,2024/06/23,5,小さきもの,林明日香,https://youtu.be/VDEiAUrFWTY?t=35m20s,TRUE,,
弾き語り,弾き語り配信,2024/06/23,6,ミックスナッツ,Official髭男dism,https://youtu.be/VDEiAUrFWTY?t=62m13s,TRUE,,
メン限,メン限（ギターの弦を変える）,2024/06/29,,（メン限）,,https://www.youtube.com/live/OCs6xQQOZcQ?si=wzjYcwXSzWvXLY4d,FALSE,,
弾き語り,弾き語り配信,2024/07/07,1,タイヨウのうた,Kaoru Amane,https://youtu.be/6D2Nq-pF2Wc?t=9m48s,TRUE,,
弾き語り,弾き語り配信,2024/07/07,2,君の知らない物語,supercell,https://youtu.be/6D2Nq-pF2Wc?t=18m11s,TRUE,,
弾き語り,弾き語り配信,2024/07/07,3,ガーネット,奥華子,https://youtu.be/6D2Nq-pF2Wc?t=26m49s,TRUE,,
弾き語り,弾き語り配信,2024/07/07,4,ホシアイ,レフティーモンスター,https://youtu.be/6D2Nq-pF2Wc?t=41m12s,TRUE,,
弾き語り,弾き語り配信,2024/07/07,5,星の唄,buzzG,https://youtu.be/6D2Nq-pF2Wc?t=57m37s,TRUE,,
"コラボ, 歌唱のみ, 3D（オンライン）",VΔLZ×DRAMATIC STARS COLLABORATION LIVE ～劇的演舞～,2024/07/21,1,SHOOTING DELTA,VΔLZ,,TRUE,弦月藤士郎、長尾景,
"コラボ, 歌唱のみ, 3D（オンライン）",VΔLZ×DRAMATIC STARS COLLABORATION LIVE ～劇的演舞～,2024/07/21,2,黎明の轍,VΔLZ,https://www.youtube.com/watch?v=ixl0scGanGU,TRUE,弦月藤士郎、長尾景,
"歌唱のみ, 3D（オンライン）, コラボ",VΔLZ×DRAMATIC STARS COLLABORATION LIVE ～劇的演舞～,2024/07/21,3,Shiny Sunny Step,甲斐田晴,,TRUE,,
"コラボ, 歌唱のみ, 3D（オンライン）",VΔLZ×DRAMATIC STARS COLLABORATION LIVE ～劇的演舞～,2024/07/21,4,MOON NIGHTのせいにして,DRAMATIC STARS,,TRUE,弦月藤士郎、長尾景,
"コラボ, 歌唱のみ, 3D（オンライン）",VΔLZ×DRAMATIC STARS COLLABORATION LIVE ～劇的演舞～,2024/07/21,5,Amazing Moment,VΔLZ × DRAMATIC STARS,,TRUE,弦月藤士郎、長尾景、天道輝、桜庭薫、柏木翼,
弾き語り,弾き語り配信,2024/07/23,1,All Alone With You,EGOIST,https://youtu.be/GHfWEyWBbr8?t=14m47s,TRUE,,
弾き語り,弾き語り配信,2024/07/23,2,Rainbow,ROUND TABLE feat.Nino,https://youtu.be/GHfWEyWBbr8?t=22m59s,TRUE,,
弾き語り,弾き語り配信,2024/07/23,3,空色デイズ,中川翔子,https://youtu.be/GHfWEyWBbr8?t=31m20s,TRUE,,
弾き語り,弾き語り配信,2024/07/23,4,少年時代,井上陽水,https://youtu.be/GHfWEyWBbr8?t=38m25s,TRUE,,
弾き語り,弾き語り配信,2024/07/23,5,率直,甲斐田晴,https://youtu.be/GHfWEyWBbr8?t=44m47s,TRUE,,
弾き語り,弾き語り配信,2024/07/23,6,Shiny Sunny Step,甲斐田晴,https://youtu.be/GHfWEyWBbr8?t=51m4s,TRUE,,
弾き語り,弾き語り配信,2024/07/23,7,青のすみか,キタニタツヤ,https://youtu.be/GHfWEyWBbr8?t=61m,TRUE,,
弾き語り,弾き語り配信,2024/07/23,8,花に亡霊,ヨルシカ,https://youtu.be/GHfWEyWBbr8?t=69m45s,TRUE,,
弾き語り,弾き語り配信,2024/07/23,9,シルシ,LiSA,https://youtu.be/GHfWEyWBbr8?t=80m6s,TRUE,,
弾き語り,弾き語り配信,2024/08/07,1,うたかた花火,supercell,https://youtu.be/6D2Nq-pF2Wc?t=7m5s,TRUE,,
弾き語り,弾き語り配信,2024/08/07,2,青と夏,Mrs.GREEN APPLE,https://youtu.be/6D2Nq-pF2Wc?t=16m17s,TRUE,,
弾き語り,弾き語り配信,2024/08/07,3,アムリタ,牧野由依,https://youtu.be/6D2Nq-pF2Wc?t=24m35s,TRUE,,
弾き語り,弾き語り配信,2024/08/07,4,パパンパ！Blue Summer Days,甲斐田晴,https://youtu.be/6D2Nq-pF2Wc?t=31m54s,TRUE,,
弾き語り,弾き語り配信,2024/08/07,5,ポケットにファンタジー,さち＆じゅり,https://youtu.be/6D2Nq-pF2Wc?t=36m44s,TRUE,,
弾き語り,弾き語り配信,2024/08/07,6,オツキミリサイタル,じん,https://youtu.be/6D2Nq-pF2Wc?t=42m44s,TRUE,,
弾き語り,弾き語り配信,2024/08/07,7,夕景イエスタデイ,じん,https://youtu.be/6D2Nq-pF2Wc?t=49m38s,TRUE,,
弾き語り,弾き語り配信,2024/08/07,8,耳の聞こえなくなった恋人とそのうたうたい,大石昌良,https://youtu.be/6D2Nq-pF2Wc?t=57m54s,TRUE,,
弾き語り,弾き語り配信,2024/08/18,1,想像フォレスト,じん,https://youtu.be/cR7nZzqluZs?t=6m55s,TRUE,,
弾き語り,弾き語り配信,2024/08/18,2,ニア,夏代孝明,https://youtu.be/cR7nZzqluZs?t=13m47s,TRUE,,
弾き語り,弾き語り配信,2024/08/18,3,Hello Goodbye＆Hello,熊木杏里,https://youtu.be/cR7nZzqluZs?t=21m48s,TRUE,,
弾き語り,弾き語り配信,2024/08/18,4,地球最後の告白を,kemu,https://youtu.be/cR7nZzqluZs?t=28m55s,TRUE,,
弾き語り,弾き語り配信,2024/08/18,5,My Dearest,supercell,https://youtu.be/cR7nZzqluZs?t=37m19s,TRUE,,
弾き語り,弾き語り配信,2024/08/18,6,ドライフラワー,優里,https://youtu.be/cR7nZzqluZs?t=47m16s,TRUE,,
弾き語り,弾き語り配信,2024/08/18,7,Pretender,Official髭男dism,https://youtu.be/cR7nZzqluZs?t=57m33s,TRUE,,
"歌唱のみ, 3D（オンライン）, コラボ",YouTube Music Weekend 8.0 Special LIVE,2024/08/23,1,DiVE !N,ROF-MAO,https://youtu.be/_FrwzdLSx5M,TRUE,剣持刀也、加賀美ハヤト、不破湊,
"歌唱のみ, 3D（オンライン）, コラボ",YouTube Music Weekend 8.0 Special LIVE,2024/08/23,2,一撃,ROF-MAO,https://youtu.be/_FrwzdLSx5M?t=7m39s,TRUE,剣持刀也、加賀美ハヤト、不破湊,
"歌唱のみ, 3D（オンライン）, コラボ",YouTube Music Weekend 8.0 Special LIVE,2024/08/23,3,フルカウント,ROF-MAO,https://youtu.be/_FrwzdLSx5M?t=11m38s,TRUE,剣持刀也、加賀美ハヤト、不破湊,
"歌唱のみ, 3D（オンライン）, コラボ",YouTube Music Weekend 8.0 Special LIVE,2024/08/23,4,Challengers,ROF-MAO,https://youtu.be/_FrwzdLSx5M?t=17m57s,TRUE,剣持刀也、加賀美ハヤト、不破湊,
"歌唱のみ, 3D（オンライン）, コラボ",YouTube Music Weekend 8.0 Special LIVE,2024/08/23,5,Hands Up,ROF-MAO,https://youtu.be/_FrwzdLSx5M?t=24m7s,TRUE,剣持刀也、加賀美ハヤト、不破湊,
弾き語り,弾き語り配信,2024/08/31,1,カタオモイ,Aimer,https://youtu.be/ZuUlZWOKugc?t=5m40s,TRUE,,
弾き語り,弾き語り配信,2024/08/31,2,ピエロ,KEI,https://youtu.be/ZuUlZWOKugc?t=11m2s,TRUE,,
弾き語り,弾き語り配信,2024/08/31,3,テディ,ReoNa,https://youtu.be/ZuUlZWOKugc?t=21m45s,TRUE,,
弾き語り,弾き語り配信,2024/08/31,4,プラネタリウム,大塚愛,https://youtu.be/ZuUlZWOKugc?t=30m34s,TRUE,,
弾き語り,弾き語り配信,2024/08/31,5,First Love,宇多田ヒカル,https://youtu.be/ZuUlZWOKugc?t=41m3s,TRUE,,
弾き語り,弾き語り配信,2024/08/31,6,ふたたび,平原綾香,https://youtu.be/ZuUlZWOKugc?t=53m1s,TRUE,,
弾き語り,弾き語り配信,2024/08/31,7,いのちの名前,木村弓,https://youtu.be/ZuUlZWOKugc?t=55m23s,TRUE,,
弾き語り,弾き語り配信,2024/08/31,8,Wherever you are,ONE OK ROCK,https://youtu.be/ZuUlZWOKugc?t=58m59s,TRUE,,
弾き語り,弾き語り配信,2024/08/31,9,涙のキッス,サザンオールスターズ,https://youtu.be/ZuUlZWOKugc?t=66m13s,TRUE,,
弾き語り,弾き語り配信,2024/08/31,10,真夏の果実,サザンオールスターズ,https://youtu.be/ZuUlZWOKugc?t=70m5s,TRUE,,
弾き語り,弾き語り配信,2024/09/10,1,在るべき形,UVERworld,https://youtu.be/yufPwFSn8Qk?t=8m14s,TRUE,,
弾き語り,弾き語り配信,2024/09/10,2,Catch the Moment,LiSA,https://youtu.be/yufPwFSn8Qk?t=17m37s,TRUE,,
弾き語り,弾き語り配信,2024/09/10,3,サウダージ,ポルノグラフィティ,https://youtu.be/yufPwFSn8Qk?t=30m38s,TRUE,,
弾き語り,弾き語り配信,2024/09/10,4,メリッサ,ポルノグラフィティ,https://youtu.be/yufPwFSn8Qk?t=34m28s,TRUE,,
弾き語り,弾き語り配信,2024/09/10,5,光るなら,Goose house,https://youtu.be/yufPwFSn8Qk?t=43m22s,TRUE,,
弾き語り,弾き語り配信,2024/09/10,6,星が瞬くこんな夜に,supercell,https://youtu.be/yufPwFSn8Qk?t=58m6s,TRUE,,
有観客ライブ,VΔLZ LIVE TOUR 2024『三華の樂』横浜公演,2024/09/14,1,黎明の轍,VΔLZ,https://www.youtube.com/live/rAQAIGKXtnQ?si=dGo5UYLQLgoZZ8bb&t=1602,TRUE,弦月藤士郎、長尾景,
有観客ライブ,VΔLZ LIVE TOUR 2024『三華の樂』横浜公演,2024/09/14,2,青春応歌,VΔLZ,https://www.youtube.com/live/rAQAIGKXtnQ?si=s3Ghe_W60qPEw-SG&t=1808,TRUE,弦月藤士郎、長尾景,
有観客ライブ,VΔLZ LIVE TOUR 2024『三華の樂』横浜公演,2024/09/14,3,Treasure Believer,VΔLZ,https://www.youtube.com/live/rAQAIGKXtnQ?si=alqsM6HXPWwtT0ZN&t=2527,TRUE,弦月藤士郎、長尾景,
有観客ライブ,VΔLZ LIVE TOUR 2024『三華の樂』横浜公演,2024/09/14,4,DAY BY DAY,VΔLZ,https://www.youtube.com/live/rAQAIGKXtnQ?si=dQ0qCflaB761d2jZ&t=2777,TRUE,弦月藤士郎、長尾景,
有観客ライブ,VΔLZ LIVE TOUR 2024『三華の樂』横浜公演,2024/09/14,5,夜咄ディセイブ,じん,https://shop.nijisanji.jp/TAG_442,TRUE,長尾景,
有観客ライブ,VΔLZ LIVE TOUR 2024『三華の樂』横浜公演,2024/09/14,6,パンダヒーロー,ハチ,https://shop.nijisanji.jp/TAG_442,TRUE,弦月藤士郎,
有観客ライブ,VΔLZ LIVE TOUR 2024『三華の樂』横浜公演,2024/09/14,7,Sign,Flow,https://shop.nijisanji.jp/TAG_442,TRUE,長尾景,
有観客ライブ,VΔLZ LIVE TOUR 2024『三華の樂』横浜公演,2024/09/14,8,逆光のフリューゲル,ツヴァイウィング,https://shop.nijisanji.jp/TAG_442,TRUE,弦月藤士郎,
有観客ライブ,VΔLZ LIVE TOUR 2024『三華の樂』横浜公演,2024/09/14,9,No Reason.,VΔLZ,https://shop.nijisanji.jp/TAG_442,TRUE,弦月藤士郎、長尾景,
有観客ライブ,VΔLZ LIVE TOUR 2024『三華の樂』横浜公演,2024/09/14,10,ムーンウォーカーズ,VΔLZ,https://shop.nijisanji.jp/TAG_442,TRUE,弦月藤士郎、長尾景,
有観客ライブ,VΔLZ LIVE TOUR 2024『三華の樂』横浜公演,2024/09/14,11,Tell me Your dream,甲斐田晴,https://shop.nijisanji.jp/TAG_442,TRUE,,
有観客ライブ,VΔLZ LIVE TOUR 2024『三華の樂』横浜公演,2024/09/14,12,SOUP,VΔLZ,https://shop.nijisanji.jp/TAG_442,TRUE,弦月藤士郎、長尾景,
有観客ライブ,VΔLZ LIVE TOUR 2024『三華の樂』横浜公演,2024/09/14,13,ブリキの魂,VΔLZ,https://shop.nijisanji.jp/TAG_442,TRUE,弦月藤士郎、長尾景,
有観客ライブ,VΔLZ LIVE TOUR 2024『三華の樂』横浜公演,2024/09/14,14,Hurrah!!,にじさんじ,https://shop.nijisanji.jp/TAG_442,TRUE,弦月藤士郎、長尾景,
有観客ライブ,VΔLZ LIVE TOUR 2024『三華の樂』大阪公演,2024/09/21,1,アイドルライフスターターパック,iLiFE!,https://www.youtube.com/live/22GbH8aIKvM?si=Ha-9aBit2GW10riR&t=1920,TRUE,弦月藤士郎、長尾景,
有観客ライブ,VΔLZ LIVE TOUR 2024『三華の樂』大阪公演,2024/09/21,2,天ノ弱,164,https://www.youtube.com/live/22GbH8aIKvM?si=rb8ouMUkLS4OGtCQ&t=2600,TRUE,弦月藤士郎、長尾景,
有観客ライブ,VΔLZ LIVE TOUR 2024『三華の樂』大阪公演,2024/09/21,3,扉,VΔLZ,https://www.youtube.com/live/22GbH8aIKvM?si=uVCMqZElVqYNjXn_&t=2795,TRUE,弦月藤士郎、長尾景,
有観客ライブ,VΔLZ LIVE TOUR 2024『三華の樂』大阪公演,2024/09/21,4,Treasure Believer,VΔLZ,https://www.youtube.com/live/22GbH8aIKvM?si=E3bOET1izULj8G8J&t=3309,TRUE,弦月藤士郎、長尾景,
有観客ライブ,VΔLZ LIVE TOUR 2024『三華の樂』大阪公演,2024/09/21,5,DAY BY DAY,VΔLZ,https://shop.nijisanji.jp/TAG_442,TRUE,弦月藤士郎、長尾景,
有観客ライブ,VΔLZ LIVE TOUR 2024『三華の樂』大阪公演,2024/09/21,6,SOUP,VΔLZ,https://shop.nijisanji.jp/TAG_442,TRUE,弦月藤士郎、長尾景,
有観客ライブ,VΔLZ LIVE TOUR 2024『三華の樂』大阪公演,2024/09/21,7,ブリキの魂,VΔLZ,https://shop.nijisanji.jp/TAG_442,TRUE,弦月藤士郎、長尾景,
有観客ライブ,VΔLZ LIVE TOUR 2024『三華の樂』大阪公演,2024/09/21,8,青春応歌,VΔLZ,https://shop.nijisanji.jp/TAG_442,TRUE,弦月藤士郎、長尾景,
有観客ライブ,VΔLZ LIVE TOUR 2024『三華の樂』大阪公演,2024/09/21,9,名前を呼ぶよ,ラックライフ,https://shop.nijisanji.jp/TAG_442,TRUE,,
有観客ライブ,VΔLZ LIVE TOUR 2024『三華の樂』大阪公演,2024/09/21,10,小さきもの,林明日香,https://shop.nijisanji.jp/TAG_442,TRUE,,
有観客ライブ,VΔLZ LIVE TOUR 2024『三華の樂』大阪公演,2024/09/21,11,ムーンウォーカーズ,VΔLZ,https://shop.nijisanji.jp/TAG_442,TRUE,弦月藤士郎、長尾景,
有観客ライブ,VΔLZ LIVE TOUR 2024『三華の樂』大阪公演,2024/09/21,12,黎明の轍,VΔLZ,https://shop.nijisanji.jp/TAG_442,TRUE,弦月藤士郎、長尾景,
有観客ライブ,VΔLZ LIVE TOUR 2024『三華の樂』大阪公演,2024/09/21,13,MONSTER DANCE,KEYTALK,https://shop.nijisanji.jp/TAG_442,TRUE,弦月藤士郎、長尾景,
有観客ライブ,VΔLZ LIVE TOUR 2024『三華の樂』大阪公演,2024/09/21,14,虹色のPuddle,にじさんじ,https://shop.nijisanji.jp/TAG_442,TRUE,弦月藤士郎、長尾景,
有観客ライブ,VΔLZ LIVE TOUR 2024『三華の樂』仙台公演,2024/09/29,1,ブリキの魂,VΔLZ,https://www.youtube.com/live/Rz0O68Ejblw?si=T1fwi0tGdnodezD_&t=1649,TRUE,弦月藤士郎、長尾景,
有観客ライブ,VΔLZ LIVE TOUR 2024『三華の樂』仙台公演,2024/09/29,2,No Reason.,VΔLZ,https://www.youtube.com/live/Rz0O68Ejblw?si=c1IEAKYt8JS-sKI8&t=1877,TRUE,弦月藤士郎、長尾景,
有観客ライブ,VΔLZ LIVE TOUR 2024『三華の樂』仙台公演,2024/09/29,3,ムーンウォーカーズ,VΔLZ,https://www.youtube.com/live/Rz0O68Ejblw?si=YvYm-vWgM5Mzrtb5&t=2054,TRUE,弦月藤士郎、長尾景,
有観客ライブ,VΔLZ LIVE TOUR 2024『三華の樂』仙台公演,2024/09/29,4,SOUP,VΔLZ,https://www.youtube.com/live/Rz0O68Ejblw?si=wBxUVlkHy11mQujc&t=2896,TRUE,弦月藤士郎、長尾景,
有観客ライブ,VΔLZ LIVE TOUR 2024『三華の樂』仙台公演,2024/09/29,5,Treasure Believer,VΔLZ,https://shop.nijisanji.jp/TAG_442,TRUE,弦月藤士郎、長尾景,
有観客ライブ,VΔLZ LIVE TOUR 2024『三華の樂』仙台公演,2024/09/29,6,何色,甲斐田晴,https://shop.nijisanji.jp/TAG_442,TRUE,,
有観客ライブ,VΔLZ LIVE TOUR 2024『三華の樂』仙台公演,2024/09/29,7,才能が無いから何だ,甲斐田晴,https://shop.nijisanji.jp/TAG_442,TRUE,,
有観客ライブ,VΔLZ LIVE TOUR 2024『三華の樂』仙台公演,2024/09/29,8,青春応歌,VΔLZ,https://shop.nijisanji.jp/TAG_442,TRUE,弦月藤士郎、長尾景,
有観客ライブ,VΔLZ LIVE TOUR 2024『三華の樂』仙台公演,2024/09/29,9,扉,VΔLZ,https://shop.nijisanji.jp/TAG_442,TRUE,弦月藤士郎、長尾景,
有観客ライブ,VΔLZ LIVE TOUR 2024『三華の樂』仙台公演,2024/09/29,10,DAY BY DAY,VΔLZ,https://shop.nijisanji.jp/TAG_442,TRUE,弦月藤士郎、長尾景,
有観客ライブ,VΔLZ LIVE TOUR 2024『三華の樂』仙台公演,2024/09/29,11,黎明の轍,VΔLZ,https://shop.nijisanji.jp/TAG_442,TRUE,弦月藤士郎、長尾景,
有観客ライブ,VΔLZ LIVE TOUR 2024『三華の樂』仙台公演,2024/09/29,12,浮世の演舞,VΔLZ,https://shop.nijisanji.jp/TAG_442,TRUE,弦月藤士郎、長尾景,
有観客ライブ,VΔLZ LIVE TOUR 2024『三華の樂』仙台公演,2024/09/29,13,SHOOTING DELTA,VΔLZ,https://shop.nijisanji.jp/TAG_442,TRUE,弦月藤士郎、長尾景,
有観客ライブ,VΔLZ LIVE TOUR 2024『三華の樂』仙台公演,2024/09/29,14,Virtual to Live,にじさんじ,https://shop.nijisanji.jp/TAG_442,TRUE,弦月藤士郎、長尾景,
有観客ライブ,VΔLZ LIVE TOUR 2024『三華の樂』仙台公演,2024/09/29,15,Hurrah!!,にじさんじ,https://shop.nijisanji.jp/TAG_442,TRUE,弦月藤士郎、長尾景,
弾き語り,弾き語り配信,2024/10/05,1,月が綺麗だ。,甲斐田晴,https://youtu.be/2MjYmuIYABY?t=9m50s,TRUE,,
弾き語り,弾き語り配信,2024/10/05,2,夜咄ディセイブ,じん,https://youtu.be/2MjYmuIYABY?t=16m6s,TRUE,,
弾き語り,弾き語り配信,2024/10/05,3,StaRt,Mrs.GREEN APPLE,https://youtu.be/2MjYmuIYABY?t=26m4s,TRUE,,
弾き語り,弾き語り配信,2024/10/05,4,インフェルノ,Mrs.GREEN APPLE,https://youtu.be/2MjYmuIYABY?t=32m14s,TRUE,,
弾き語り,弾き語り配信,2024/10/05,5,盲目の宇宙飛行士,yukkedoluce(黒髪ストロングＰ),https://youtu.be/2MjYmuIYABY?t=41m3s,TRUE,,
弾き語り,弾き語り配信,2024/10/05,6,Hurrah!!,にじさんじ,https://youtu.be/2MjYmuIYABY?t=48m55s,TRUE,,
弾き語り,弾き語り配信,2024/10/05,7,アイム・ア・ビリーバー,SPYAIR,https://youtu.be/2MjYmuIYABY?t=59m55s,TRUE,,
弾き語り,弾き語り配信,2024/10/05,8,イマジネーション,SPYAIR,https://youtu.be/2MjYmuIYABY?t=62m59s,TRUE,,
弾き語り,弾き語り配信,2024/10/05,9,浮世の演舞,VΔLZ,https://youtu.be/2MjYmuIYABY?t=71m30s,TRUE,,
弾き語り,弾き語り配信,2024/10/05,10,コスモノート,天月-あまつき-,https://youtu.be/2MjYmuIYABY?t=85m43s,TRUE,,
"コラボ, 歌唱のみ",Nornis界隈のハナシ,2024/10/09,1,Virtual to Live,にじさんじ,https://www.youtube.com/live/D5oWHwsnFCc?si=qeCmOD8mj9KYVdyl&t=3372,TRUE,町田ちま、戌亥とこ、長尾景,
弾き語り,弾き語り配信,2024/10/14,1,UNION,OxT,https://youtu.be/ehpdayX_NZc?t=1m51s,TRUE,,
弾き語り,弾き語り配信,2024/10/14,2,猫,DISH//,https://youtu.be/ehpdayX_NZc?t=5m12s,TRUE,,
弾き語り,弾き語り配信,2024/10/14,3,プラネタリウムの真実,夏代孝明,https://youtu.be/ehpdayX_NZc?t=10m56s,TRUE,,
弾き語り,弾き語り配信,2024/10/14,4,少年と魔法のロボット,40mP,https://youtu.be/ehpdayX_NZc?t=27m44s,TRUE,,
弾き語り,弾き語り配信,2024/10/14,5,廻廻奇譚,Eve,https://youtu.be/ehpdayX_NZc?t=45m4s,TRUE,,
弾き語り,弾き語り配信,2024/10/14,6,太陽系デスコ,ナユタン星人,https://youtu.be/ehpdayX_NZc?t=54m11s,TRUE,,
弾き語り,弾き語り配信,2024/10/14,7,ジェットロケット,LiSA,https://youtu.be/ehpdayX_NZc?t=60m29s,TRUE,,
"コラボ, 歌唱のみ, 3D（オンライン）",3D弾き語り凸待ち,2024/10/27,,ドライフラワー,優里,https://youtu.be/qIGjhutbirQ?t=42m50s,TRUE,天宮こころ,天宮こころ
弾き語り,弾き語り配信,2024/10/29,1,雪の華,中島美嘉,https://youtu.be/ILTZJoU4cZ4?t=10m51s,TRUE,,
弾き語り,弾き語り配信,2024/10/29,2,ソラニン,ASIAN KUNG-FU GENERATION,https://youtu.be/ILTZJoU4cZ4?t=17m35s,TRUE,,
弾き語り,弾き語り配信,2024/10/29,3,しおり,Aqua Timez,https://youtu.be/ILTZJoU4cZ4?t=25m28s,TRUE,,
弾き語り,弾き語り配信,2024/10/29,4,炎,LiSA,https://youtu.be/ILTZJoU4cZ4?t=34m7s,TRUE,,
弾き語り,弾き語り配信,2024/10/29,5,青いベンチ,サスケ,https://youtu.be/ILTZJoU4cZ4?t=40m53s,TRUE,,
弾き語り,弾き語り配信,2024/10/29,6,Virtual to LIVE,にじさんじ,https://youtu.be/ILTZJoU4cZ4?t=47m24s,TRUE,,
弾き語り,弾き語り配信,2024/10/29,7,透明な心臓が泣いていた,甲斐田晴,https://youtu.be/ILTZJoU4cZ4?t=67m10s,TRUE,,
"コラボ, 歌唱のみ, 3D（オンライン）",にじさんじ歌謡祭2024 Day1,2024/12/20,1,羞恥心,羞恥心,https://shop.nijisanji.jp/TAG_488,TRUE,弦月藤士郎、長尾景,
"コラボ, 歌唱のみ, 3D（オンライン）",にじさんじ歌謡祭2024 Day1,2024/12/20,2,にじさんじ歌謡祭2024スペシャルメドレー,にじさんじ,https://youtu.be/87T794_WY_w?si=vv1r2WrIw5YYcNrd,TRUE,,
"コラボ, 歌唱のみ, 3D（オンライン）",にじさんじ歌謡祭2024 Day3,2024/12/22,1,月が綺麗だ。,甲斐田晴,https://youtu.be/Cj6qVVDU3as?t=198m15s,TRUE,,
"コラボ, 歌唱のみ, 3D（オンライン）",にじさんじ歌謡祭2024 Day3,2024/12/22,2,にじさんじ歌謡祭2024スペシャルメドレー ,にじさんじ,https://youtu.be/0fc-NhVs1iQ?si=MApZwGIc6dC8Fha1,TRUE,,
有観客ライブ,NIJISANJI COUNTDOWN LIVE 2024→2025,2025/01/01,1,DiVE !N,ROF-MAO,https://youtu.be/Ip0bQfyoqgs?t=121m22s,TRUE,剣持刀也、加賀美ハヤト、不破湊,
有観客ライブ,NIJISANJI COUNTDOWN LIVE 2024→2025,2025/01/01,2,I wanna! You wanna!,ROF-MAO,https://youtu.be/Ip0bQfyoqgs?t=128m44s,TRUE,剣持刀也、加賀美ハヤト、不破湊,
有観客ライブ,NIJISANJI COUNTDOWN LIVE 2024→2025,2025/01/01,3,Not For You,叶、葛葉,https://www.youtube.com/live/Ip0bQfyoqgs?t=11400&si=4YSVOwnAg4xEaoX5,TRUE,剣持刀也、加賀美ハヤト、不破湊、風楽奏斗、渡会雲雀、四季凪アキラ、セラフ・ダズルガーデン,
有観客ライブ,NIJISANJI COUNTDOWN LIVE 2024→2025,2025/01/01,4,Virtual to LIVE,にじさんじ,https://www.youtube.com/live/Ip0bQfyoqgs?t=12385&si=4LG7cGDLgI3L20Rf,TRUE,,
メン限,メン限（ギター）,2025/01/30,,（メン限）,,https://www.youtube.com/live/LIxNh29aoyA?si=D2FWtEiZ8ofEbOtq,FALSE,,
弾き語り,弾き語り配信,2025/01/31,1,風になる,つじあやの,https://youtu.be/nEV8XMmUU2c?t=10m6s,TRUE,,
弾き語り,弾き語り配信,2025/01/31,2,Shiny Sunny Step,甲斐田晴,https://youtu.be/nEV8XMmUU2c?t=20m23s,TRUE,,
弾き語り,弾き語り配信,2025/01/31,3,瞳をとじて,平井堅,https://youtu.be/nEV8XMmUU2c?t=31m56s,TRUE,,
弾き語り,弾き語り配信,2025/01/31,4,First Love,宇多田ヒカル,https://youtu.be/nEV8XMmUU2c?t=42m45s,TRUE,,
弾き語り,弾き語り配信,2025/01/31,5,一滴の影響,UVERworld,https://youtu.be/nEV8XMmUU2c?t=52m57s,TRUE,,
弾き語り,弾き語り配信,2025/01/31,6,何色,甲斐田晴,https://youtu.be/nEV8XMmUU2c?t=60m17s,TRUE,,
弾き語り,弾き語り配信,2025/01/31,7,リライト,ASIAN KUNG-FU GENERATION,https://youtu.be/nEV8XMmUU2c?t=80m35s,TRUE,,
有観客ライブ,にじさんじ 7th Anniversary LIVE「OVERTURE」Nighttime Stage,2025/02/24,1,Virtual Strike,にじさんじ,https://youtu.be/7DN7XTcCfXY?t=33m16s,TRUE,える、アルス・アルマル、星川サラ、ローレン・イロアス、レオス・ヴィンセント、風楽奏斗、ソフィア・ヴァレンタイン,
有観客ライブ,にじさんじ 7th Anniversary LIVE「OVERTURE」Nighttime Stage,2025/02/24,2,ハッピーウェディング前ソング,ヤバイTシャツ屋さん,https://youtu.be/7DN7XTcCfXY?t=55m24s,TRUE,星川サラ,
有観客ライブ,にじさんじ 7th Anniversary LIVE「OVERTURE」Nighttime Stage,2025/02/24,3,オトノナルホウヘ→,Goose house,https://youtu.be/7DN7XTcCfXY?t=67m,TRUE,星川サラ、レオス・ヴィンセント、ソフィア・ヴァレンタイン,
有観客ライブ,にじさんじ 7th Anniversary LIVE「OVERTURE」Nighttime Stage,2025/02/24,4,オルターエゴ,Misumi,https://shop.nijisanji.jp/TAG_538,TRUE,える、ローレン・イロアス,
有観客ライブ,にじさんじ 7th Anniversary LIVE「OVERTURE」Nighttime Stage,2025/02/24,5,88☆彡,まらしぃ×堀江晶太(kemu),https://shop.nijisanji.jp/TAG_538,TRUE,アルス・アルマル、風楽奏斗,
有観客ライブ,にじさんじ 7th Anniversary LIVE「OVERTURE」Nighttime Stage,2025/02/24,6,水の記憶,甲斐田晴,https://shop.nijisanji.jp/TAG_538,TRUE,,
有観客ライブ,にじさんじ 7th Anniversary LIVE「OVERTURE」Nighttime Stage,2025/02/24,7,狂乱 Hey Kids!!,THE ORAL CIGARETTES,https://shop.nijisanji.jp/TAG_538,TRUE,ローレン・イロアス、レオス・ヴィンセント、風楽奏斗,
有観客ライブ,にじさんじ 7th Anniversary LIVE「OVERTURE」Nighttime Stage,2025/02/24,8,Arc goes oN,にじさんじ,https://shop.nijisanji.jp/TAG_538,TRUE,える、アルス・アルマル、星川サラ、ローレン・イロアス、レオス・ヴィンセント、風楽奏斗、ソフィア・ヴァレンタイン,
弾き語り,弾き語り配信,2025/03/04,1,青のすみか,キタニタツヤ,https://youtu.be/YnvBiBG1YVM?t=13m51s,TRUE,,
弾き語り,弾き語り配信,2025/03/04,2,水の記憶,甲斐田晴,https://youtu.be/YnvBiBG1YVM?t=20m13s,TRUE,,
弾き語り,弾き語り配信,2025/03/04,3,この場所で,甲斐田晴,https://youtu.be/YnvBiBG1YVM?t=32m45s,TRUE,,
弾き語り,弾き語り配信,2025/03/04,4,一瞬と一生,甲斐田晴,https://youtu.be/YnvBiBG1YVM?t=40m37s,TRUE,,
弾き語り,弾き語り配信,2025/03/04,5,ぼくのヒーロー,甲斐田晴,https://youtu.be/YnvBiBG1YVM?t=50m10s,TRUE,,
弾き語り,弾き語り配信,2025/03/04,6,率直,甲斐田晴,https://youtu.be/YnvBiBG1YVM?t=55m38s,TRUE,,
弾き語り,弾き語り配信,2025/03/04,7,清風,甲斐田晴,https://youtu.be/YnvBiBG1YVM?t=62m40s,TRUE,,
弾き語り,弾き語り配信,2025/03/04,8,才能が無いから何だ,甲斐田晴,https://youtu.be/YnvBiBG1YVM?t=72m57s,TRUE,,
弾き語り,弾き語り配信,2025/03/19,1,小さきもの,林明日香,https://youtu.be/Ih7bWaqFEkM?t=5m8s,TRUE,,
弾き語り,弾き語り配信,2025/03/19,2,SHOOTING DELTA,VΔLZ,https://youtu.be/Ih7bWaqFEkM?t=19m5s,TRUE,,
弾き語り,弾き語り配信,2025/03/19,3,フルカウント,ROF-MAO,https://youtu.be/Ih7bWaqFEkM?t=27m24s,TRUE,,
弾き語り,弾き語り配信,2025/03/19,4,3月9日,レミオロメン,https://youtu.be/Ih7bWaqFEkM?t=38m8s,TRUE,,
弾き語り,弾き語り配信,2025/03/19,5,そばかす,JUDY AND MARY,https://youtu.be/Ih7bWaqFEkM?t=48m,TRUE,,
弾き語り,弾き語り配信,2025/03/19,6,僕のキモチ,WaT,https://youtu.be/Ih7bWaqFEkM?t=58m1s,TRUE,,
弾き語り,弾き語り配信,2025/03/19,7,雪の華,中島美嘉,https://youtu.be/Ih7bWaqFEkM?t=70m59s,TRUE,,
弾き語り,弾き語り配信,2025/03/19,8,READY STEADY GO,L'Arc～en～Ciel,https://youtu.be/Ih7bWaqFEkM?t=78m57s,TRUE,,
"コラボ, 歌唱のみ, 3D（オンライン）",VΔLZ 5th Anniversary 3DLIVE,2025/04/02,1,Beyond the Frame,VΔLZ,https://youtu.be/qdQtHY34W08?t=1m6s,TRUE,弦月藤士郎、長尾景,
"コラボ, 歌唱のみ, 3D（オンライン）",VΔLZ 5th Anniversary 3DLIVE,2025/04/02,2,黎明の轍,VΔLZ,https://youtu.be/qdQtHY34W08?t=4m42s,TRUE,弦月藤士郎、長尾景,
"コラボ, 歌唱のみ, 3D（オンライン）",VΔLZ 5th Anniversary 3DLIVE,2025/04/02,3,ムーンウォーカーズ,VΔLZ,https://youtu.be/qdQtHY34W08?t=14m37s,TRUE,弦月藤士郎、長尾景,
"コラボ, 3D（オンライン）, 弾き語り",VΔLZ 5th Anniversary 3DLIVE,2025/04/02,4,パラレルノー細胞,甲斐田晴,https://youtu.be/qdQtHY34W08?t=28m26s,TRUE,弦月藤士郎、長尾景,甲斐田晴、弦月藤士郎、長尾景
"コラボ, 3D（オンライン）, 弾き語り",VΔLZ 5th Anniversary 3DLIVE,2025/04/02,5,Universe,長尾景,https://www.youtube.com/live/qdQtHY34W08?t=2096&si=wpElbDHViCK6XdSr,FALSE,長尾景,甲斐田晴、弦月藤士郎
"コラボ, 3D（オンライン）, 弾き語り",VΔLZ 5th Anniversary 3DLIVE,2025/04/02,6,mermaid,弦月藤士郎,https://www.youtube.com/live/qdQtHY34W08?t=2493&si=LWBlBdev3ORr8Fx2,FALSE,弦月藤士郎,甲斐田晴、弦月藤士郎、長尾景
"コラボ, 歌唱のみ, 3D（オンライン）",VΔLZ 5th Anniversary 3DLIVE,2025/04/02,7,浮世の演舞[Re:vision],VΔLZ,https://youtu.be/qdQtHY34W08?t=49m1s,TRUE,弦月藤士郎、長尾景,
"コラボ, 歌唱のみ, 3D（オンライン）",VΔLZ 5th Anniversary 3DLIVE,2025/04/02,8,青春謳歌,VΔLZ,https://youtu.be/qdQtHY34W08?t=71m22s,TRUE,弦月藤士郎、長尾景,
弾き語り,弾き語り配信,2025/04/06,1,シルシ,LiSA,https://youtu.be/fygSUmDJD2Q?t=11m8s,TRUE,,
弾き語り,弾き語り配信,2025/04/06,2,ピエロ,KEI,https://youtu.be/fygSUmDJD2Q?t=19m23s,TRUE,,
弾き語り,弾き語り配信,2025/04/06,3,となりのトトロ,井上あずみ,https://youtu.be/fygSUmDJD2Q?t=27m52s,TRUE,,
弾き語り,弾き語り配信,2025/04/06,4,Beyond the Frame,VΔLZ,https://youtu.be/fygSUmDJD2Q?t=38m33s,TRUE,,
弾き語り,弾き語り配信,2025/04/06,5,アムリタ,牧野由依,https://youtu.be/fygSUmDJD2Q?t=46m43s,TRUE,,
弾き語り,弾き語り配信,2025/04/06,6,決意の朝に,Aqua Timez,https://youtu.be/fygSUmDJD2Q?t=58m40s,TRUE,,
メン限,メン限（音楽系の何か）,2025/04/25,1,（メン限）,,https://www.youtube.com/live/ZXnBV079-Iw?si=c9jtRZgK0HgLYvcI,FALSE,,
弾き語り,弾き語り配信,2025/06/04,1,"rain stops, good-bye",におP,https://youtu.be/Hy0doxsUaqA?t=12m43s,TRUE,,
弾き語り,弾き語り配信,2025/06/04,2,Departures ～あなたにおくるアイの歌～,EGOIST,https://youtu.be/Hy0doxsUaqA?t=22m1s,TRUE,,
弾き語り,弾き語り配信,2025/06/04,3,ひとりぼっちじゃない,coba&宮沢和史,https://youtu.be/Hy0doxsUaqA?t=28m17s,TRUE,,
弾き語り,弾き語り配信,2025/06/04,4,地球最後の告白を,kemu,https://youtu.be/Hy0doxsUaqA?t=39m49s,TRUE,,
弾き語り,弾き語り配信,2025/06/04,5,DAY BY DAY,VΔLZ,https://youtu.be/Hy0doxsUaqA?t=52m19s,TRUE,,
弾き語り,弾き語り配信,2025/06/23,1,Pretender,Official髭男dism,https://youtu.be/q3S4nGUkl1I?t=9m2s,TRUE,,
弾き語り,弾き語り配信,2025/06/23,2,TSUNAMI,サザンオールスターズ,https://youtu.be/q3S4nGUkl1I?t=17m16s,TRUE,,
弾き語り,弾き語り配信,2025/06/23,3,小夜子,みきとP,https://youtu.be/q3S4nGUkl1I?t=26m57s,TRUE,,
弾き語り,弾き語り配信,2025/06/23,4,ドライフラワー,優里,https://youtu.be/q3S4nGUkl1I?t=34m51s,TRUE,,
弾き語り,弾き語り配信,2025/06/23,5,モノクロのキス,シド,https://youtu.be/q3S4nGUkl1I?t=42m26s,TRUE,,
弾き語り,弾き語り配信,2025/06/23,6,炎,LiSA,https://youtu.be/q3S4nGUkl1I?t=53m04s,TRUE,,
弾き語り,弾き語り配信,2025/06/23,7,天使にふれたよ！,放課後ティータイム,https://youtu.be/q3S4nGUkl1I?t=61m33s,TRUE,,
弾き語り,弾き語り配信,2025/06/23,8,サニーデイ,ラックライフ,https://youtu.be/q3S4nGUkl1I?t=81m47s,TRUE,,
弾き語り,弾き語り配信,2025/07/09,1,想像フォレスト,じん,https://youtu.be/fr1aC_Cia_0?t=13m1s,TRUE,,
弾き語り,弾き語り配信,2025/07/09,2,ガーネット,奥華子,https://youtu.be/fr1aC_Cia_0?t=20m51s,TRUE,,
弾き語り,弾き語り配信,2025/07/09,3,在るべき形,UVERworld,https://youtu.be/fr1aC_Cia_0?t=30m19s,TRUE,,
弾き語り,弾き語り配信,2025/07/09,4,アスノヨゾラ哨戒班,Orangestar,https://youtu.be/fr1aC_Cia_0?t=39m27s,TRUE,,
弾き語り,弾き語り配信,2025/07/09,5,お願い！セニョリータ,ORANGE RANGE,https://youtu.be/fr1aC_Cia_0?t=47m27s,TRUE,,
弾き語り,弾き語り配信,2025/07/09,6,うたかた花火,supercell,https://youtu.be/fr1aC_Cia_0?t=54m47s,TRUE,,
弾き語り,弾き語り配信,2025/07/09,7,小さきもの,林明日香,https://youtu.be/fr1aC_Cia_0?t=63m38s,TRUE,,
弾き語り,弾き語り配信,2025/07/16,1,パパンパ！Blue Summer Days,甲斐田晴,https://youtu.be/B43b88SCQeA?t=5m43s,TRUE,,
弾き語り,弾き語り配信,2025/07/16,2,シャカビーチ～Laka Laka La～,UVERworld,https://youtu.be/B43b88SCQeA?t=15m3s,TRUE,,
弾き語り,弾き語り配信,2025/07/16,3,千の夜をこえて,Aqua Timez,https://youtu.be/B43b88SCQeA?t=25m48s,TRUE,,
弾き語り,弾き語り配信,2025/07/16,4,テディ,ReoNa,https://youtu.be/B43b88SCQeA?t=59m6s,TRUE,,
有観客ライブ,ROF-MAO 2nd LIVE - Limitless,2025/07/20,1,"New Street, New world",ROF-MAO,https://www.youtube.com/live/JZ3sYu1WDC8?si=89wHRZQvg3gRGnkR&t=2045,TRUE,剣持刀也、加賀美ハヤト、不破湊,
有観客ライブ,ROF-MAO 2nd LIVE - Limitless,2025/07/20,2,情熱的ボーイ,ROF-MAO,https://www.youtube.com/live/JZ3sYu1WDC8?si=DFDw_rIVVkreDJcE&t=2277,TRUE,剣持刀也、加賀美ハヤト、不破湊,
有観客ライブ,ROF-MAO 2nd LIVE - Limitless,2025/07/20,3,ガム,ROF-MAO,https://www.youtube.com/live/JZ3sYu1WDC8?si=ngsgS2HTF4G3YuIH&t=2450,TRUE,剣持刀也、加賀美ハヤト、不破湊,
有観客ライブ,ROF-MAO 2nd LIVE - Limitless,2025/07/20,4,一撃,ROF-MAO,https://www.youtube.com/live/JZ3sYu1WDC8?si=KxHRpRkMqwfjDQWM&t=2673,TRUE,剣持刀也、加賀美ハヤト、不破湊,
有観客ライブ,ROF-MAO 2nd LIVE - Limitless,2025/07/20,5,勝利の歌～最強無敵ナンバーワン～,ROF-MAO,https://www.youtube.com/live/JZ3sYu1WDC8?si=zDcqcalZJSKJPeUe&t=3454,TRUE,剣持刀也、加賀美ハヤト、不破湊,
有観客ライブ,ROF-MAO 2nd LIVE - Limitless,2025/07/20,6,2nd LIVE Specialメドレー,ROF-MAO,https://shop.nijisanji.jp/TAG_864,TRUE,剣持刀也、加賀美ハヤト、不破湊,
有観客ライブ,ROF-MAO 2nd LIVE - Limitless,2025/07/20,7,Refresh.exe,ROF-MAO,https://shop.nijisanji.jp/TAG_864,TRUE,剣持刀也、加賀美ハヤト、不破湊,
有観客ライブ,ROF-MAO 2nd LIVE - Limitless,2025/07/20,8,感情BONDING,ROF-MAO,https://shop.nijisanji.jp/TAG_864,TRUE,剣持刀也、加賀美ハヤト、不破湊,
有観客ライブ,ROF-MAO 2nd LIVE - Limitless,2025/07/20,9,Bring it on,ROF-MAO,https://shop.nijisanji.jp/TAG_864,TRUE,剣持刀也、加賀美ハヤト、不破湊,
有観客ライブ,ROF-MAO 2nd LIVE - Limitless,2025/07/20,10,布袋尊,ROF-MAO,https://shop.nijisanji.jp/TAG_864,TRUE,剣持刀也、加賀美ハヤト、不破湊,
有観客ライブ,ROF-MAO 2nd LIVE - Limitless,2025/07/20,11,AGATTA,ROF-MAO,https://shop.nijisanji.jp/TAG_864,TRUE,剣持刀也、加賀美ハヤト、不破湊,
有観客ライブ,ROF-MAO 2nd LIVE - Limitless,2025/07/20,12,Hands Up,ROF-MAO,https://shop.nijisanji.jp/TAG_864,TRUE,剣持刀也、加賀美ハヤト、不破湊,
有観客ライブ,ROF-MAO 2nd LIVE - Limitless,2025/07/20,13,知っている手紙,ROF-MAO,https://shop.nijisanji.jp/TAG_864,TRUE,剣持刀也、加賀美ハヤト、不破湊,
有観客ライブ,ROF-MAO 2nd LIVE - Limitless,2025/07/20,14,今日みたいに,ROF-MAO,https://shop.nijisanji.jp/TAG_864,TRUE,剣持刀也、加賀美ハヤト、不破湊,
有観客ライブ,ROF-MAO 2nd LIVE - Limitless,2025/07/20,15,古傷マーモット,ROF-MAO,https://shop.nijisanji.jp/TAG_864,TRUE,,
有観客ライブ,ROF-MAO 2nd LIVE - Limitless,2025/07/20,16,I wanna! You wanna!,ROF-MAO,https://shop.nijisanji.jp/TAG_864,TRUE,剣持刀也、加賀美ハヤト、不破湊,
有観客ライブ,ROF-MAO 2nd LIVE - Limitless,2025/07/20,17,アイドル,YOASOBI,https://shop.nijisanji.jp/TAG_864,TRUE,加賀美ハヤト、不破湊,
有観客ライブ,ROF-MAO 2nd LIVE - Limitless,2025/07/20,18,フルカウント,ROF-MAO,https://shop.nijisanji.jp/TAG_864,TRUE,剣持刀也、加賀美ハヤト、不破湊,
有観客ライブ,ROF-MAO 2nd LIVE - Limitless,2025/07/20,19,DiVE !N,ROF-MAO,https://shop.nijisanji.jp/TAG_864,TRUE,剣持刀也、加賀美ハヤト、不破湊,
弾き語り,弾き語り配信,2025/08/04,1,Rolling star,YUI,https://youtu.be/t1f8KghC6o4?t=9m6s,TRUE,,
弾き語り,弾き語り配信,2025/08/04,2,君の知らない物語,supercell,https://youtu.be/t1f8KghC6o4?t=16m21s,TRUE,,
弾き語り,弾き語り配信,2025/08/04,3,名前のない怪物,EGOIST,https://youtu.be/t1f8KghC6o4?t=28m26s,TRUE,,
弾き語り,弾き語り配信,2025/08/04,4,コネクト,ClariS,https://youtu.be/t1f8KghC6o4?t=36m41s,TRUE,,
弾き語り,弾き語り配信,2025/08/04,5,ホログラム,NICO Touches the Walls,https://youtu.be/t1f8KghC6o4?t=47m,TRUE,,
弾き語り,弾き語り配信,2025/08/04,6,君じゃなきゃタメみたい,オーイシマサヨシ,https://youtu.be/t1f8KghC6o4?t=55m2s,TRUE,,
コラボ,VΔLZオンラインセッション,,,,,https://www.youtube.com/live/6CvtkSwutnw?si=pgyse9EhJ-OtYv0R,,,甲斐田晴、弦月藤士郎、長尾景
歌唱のみ,にじ漢歌祭り,2025/08/24,1,パパンパ！Blue Summer Days,甲斐田晴,https://youtu.be/5z8xwAM829Y?t=1m10s,TRUE,,
歌唱のみ,にじ漢歌祭り,2025/08/24,2,水の記憶,甲斐田晴,https://youtu.be/5z8xwAM829Y?t=6m44s,TRUE,,
歌唱のみ,にじ漢歌祭り,2025/08/24,3,トマトは愛を解さない,甲斐田晴,https://youtu.be/5z8xwAM829Y?t=12m45s,TRUE,,
歌唱のみ,にじ漢歌祭り,2025/08/24,4,されど星の輝きを知る,甲斐田晴,https://youtu.be/5z8xwAM829Y?t=20m18s,TRUE,,
歌唱のみ,にじ漢歌祭り,2025/08/24,5,始まりの理由を,甲斐田晴,https://youtu.be/5z8xwAM829Y?t=24m55s,TRUE,,
"コラボ, 歌唱のみ, 3D（オンライン）",アルス新衣装3Dお披露目,2025/08/25,,あんさんぶる体操,あんさんぶるスターズ！！（佐賀美陣、 椚章臣）,https://youtu.be/UFJuTdZTCoQ?t=2195,TRUE,レオス・ヴィンセント,
有観客ライブ,にじさんじ WORLD TOUR 2025 Singin’ in the Rainbow！神戸公演,2025/08/30,1,Summer and Peace!,にじさんじ,https://www.youtube.com/live/daKnKRRoFTU?si=Ybb5BrK0Yd1Owx3G&t=1885,TRUE,樋口楓、竜胆尊、レヴィ・エリファ、シェリン・バーガンディ、伊波ライ,
有観客ライブ,にじさんじ WORLD TOUR 2025 Singin’ in the Rainbow！神戸公演,2025/08/30,2,雷命,甲斐田晴,https://www.youtube.com/live/daKnKRRoFTU?si=v6TYsQNgUH3RDHmC&t=3015,TRUE,,
有観客ライブ,にじさんじ WORLD TOUR 2025 Singin’ in the Rainbow！神戸公演,2025/08/30,3,DAY×DAY,BLUE ENCOUNT,https://shop.nijisanji.jp/TAG_669,TRUE,伊波ライ,
有観客ライブ,にじさんじ WORLD TOUR 2025 Singin’ in the Rainbow！神戸公演,2025/08/30,4,混沌ブギ,jon-YAKITORY,https://shop.nijisanji.jp/TAG_669,TRUE,竜胆尊,
有観客ライブ,にじさんじ WORLD TOUR 2025 Singin’ in the Rainbow！神戸公演,2025/08/30,5,UNDEAD,YOASOBI,https://shop.nijisanji.jp/TAG_669,TRUE,竜胆尊、レヴィ・エリファ、シェリン・バーガンディ,
有観客ライブ,にじさんじ WORLD TOUR 2025 Singin’ in the Rainbow！神戸公演,2025/08/30,6,死ぬな！,こっちのけんと,https://shop.nijisanji.jp/TAG_669,TRUE,シェリン・バーガンディ、伊波ライ,
有観客ライブ,にじさんじ WORLD TOUR 2025 Singin’ in the Rainbow！神戸公演,2025/08/30,7,恋のメガラバ,マキシマム ザ ホルモン,https://shop.nijisanji.jp/TAG_669,TRUE,樋口楓、レヴィ・エリファ、伊波ライ,
有観客ライブ,にじさんじ WORLD TOUR 2025 Singin’ in the Rainbow！神戸公演,2025/08/30,8,Arc goes oN,にじさんじ,https://shop.nijisanji.jp/TAG_669,TRUE,樋口楓、竜胆尊、レヴィ・エリファ、シェリン・バーガンディ、伊波ライ,
有観客ライブ,にじさんじ WORLD TOUR 2025 Singin’ in the Rainbow！神戸公演,2025/08/30,9,Virtual to LIVE,にじさんじ,https://shop.nijisanji.jp/TAG_669,TRUE,樋口楓、竜胆尊、レヴィ・エリファ、シェリン・バーガンディ、伊波ライ,
弾き語り,弾き語り配信,2025/09/05,1,奏,スキマスイッチ,https://youtu.be/KB0NEBa6svE?t=6m4s,TRUE,,
弾き語り,弾き語り配信,2025/09/05,2,真夏の果実,サザンオールスターズ,https://youtu.be/KB0NEBa6svE?t=13m2s,TRUE,,
弾き語り,弾き語り配信,2025/09/05,3,月光花,Janne Da Arc,https://youtu.be/KB0NEBa6svE?t=20m34s,TRUE,,
弾き語り,弾き語り配信,2025/09/05,4,GLAMOROUS SKY,中島美嘉,https://youtu.be/KB0NEBa6svE?t=28m43s,TRUE,,
弾き語り,弾き語り配信,2025/09/05,5,ブルーバード,いきものがかり,https://youtu.be/KB0NEBa6svE?t=35m24s,TRUE,,
弾き語り,弾き語り配信,2025/09/05,6,ハートリアライズ,Tia,https://youtu.be/KB0NEBa6svE?t=46m14s,TRUE,,
弾き語り,弾き語り配信,2025/09/05,7,Calc.,ジミーサムP,https://youtu.be/KB0NEBa6svE?t=51m15s,TRUE,,
弾き語り,弾き語り配信,2025/09/05,8,青のすみか,キタニタツヤ,https://youtu.be/KB0NEBa6svE?t=59m54s,TRUE,,
弾き語り,弾き語り配信,2025/09/05,9,されど星の輝きを知る,甲斐田晴,https://youtu.be/KB0NEBa6svE?t=67m11s,TRUE,,
弾き語り,弾き語り配信,2025/09/19,1,CHE.R.RY,YUI,https://youtu.be/C1K2phNKJqc?t=6m15s,TRUE,,
弾き語り,弾き語り配信,2025/09/19,2,夏の終わり、恋の始まり,すこっぷ,https://youtu.be/C1K2phNKJqc?t=13m11s,TRUE,,
弾き語り,弾き語り配信,2025/09/19,3,扉,VΔLZ,https://youtu.be/C1K2phNKJqc?t=22m2s,TRUE,,
弾き語り,弾き語り配信,2025/09/19,4,DiVE !N,ROF-MAO,https://youtu.be/C1K2phNKJqc?t=30m5s,TRUE,,
弾き語り,弾き語り配信,2025/09/19,5,アゲハ蝶,ポルノグラフィティ,https://youtu.be/C1K2phNKJqc?t=40m48s,TRUE,,
弾き語り,弾き語り配信,2025/09/19,6,カブトムシ,aiko,https://youtu.be/C1K2phNKJqc?t=51m9s,TRUE,,
弾き語り,弾き語り配信,2025/09/19,7,Virtual to LIVE,にじさんじ,https://youtu.be/C1K2phNKJqc?t=62m,TRUE,,
"コラボ, 歌唱のみ",呼ばせて頂きました歌枠,2025/09/25,1,ドライフラワー,優里,https://www.youtube.com/live/c6Mlp_FyilA?si=XbLGe4ThWN6YxAhP&t=276,TRUE,風楽奏斗、緋八マナ、渚トラウト,
"コラボ, 歌唱のみ",呼ばせて頂きました歌枠,2025/09/25,2,オリオンをなぞる,UNISON SQUARE GARDEN,https://www.youtube.com/live/c6Mlp_FyilA?si=HKY_3230_q25s7Jg&t=1451,TRUE,,
"コラボ, 歌唱のみ",呼ばせて頂きました歌枠,2025/09/25,3,マトリョシカ,ハチ,https://www.youtube.com/live/c6Mlp_FyilA?si=NWixx3NF6XGYBnXR&t=2126,TRUE,風楽奏斗,
"コラボ, 歌唱のみ",呼ばせて頂きました歌枠,2025/09/25,4,敗北の少年,kemu,https://www.youtube.com/live/c6Mlp_FyilA?si=CkYwWzYNGaTwwz6U&t=2493,TRUE,緋八マナ、渚トラウト,
"コラボ, 歌唱のみ",呼ばせて頂きました歌枠,2025/09/25,5,playerX,King Gnu,https://www.youtube.com/live/c6Mlp_FyilA?si=PuNoGgdyNSzFFyjL&t=3914,TRUE,緋八マナ,
"コラボ, 歌唱のみ",呼ばせて頂きました歌枠,2025/09/25,6,Crossing field,LiSA,https://www.youtube.com/live/c6Mlp_FyilA?si=_tlWO0SKhE7zCYr4&t=4500,TRUE,,
"コラボ, 歌唱のみ",呼ばせて頂きました歌枠,2025/09/25,7,別の人の彼女になったよ,Wacci,https://www.youtube.com/live/c6Mlp_FyilA?si=BE1p1SGpldoWzX-_&t=5752,TRUE,風楽奏斗、緋八マナ、渚トラウト,
"コラボ, 歌唱のみ",呼ばせて頂きました歌枠,2025/09/25,8,オトノケ,Creepy Nuts,https://www.youtube.com/live/c6Mlp_FyilA?si=Xnxgk88iafewC4LG&t=6258,TRUE,風楽奏斗、緋八マナ、渚トラウト,
弾き語り,弾き語り配信,2025/10/14,1,115万キロのフィルム,Official髭男Dism,https://youtu.be/ixlpIAfqUWU?t=6m49s,TRUE,,
弾き語り,弾き語り配信,2025/10/14,2,SOUP,VΔLZ,https://youtu.be/ixlpIAfqUWU?t=16m44s,TRUE,,
弾き語り,弾き語り配信,2025/10/14,3,恋,奥華子,https://youtu.be/ixlpIAfqUWU?t=35m,TRUE,,
弾き語り,弾き語り配信,2025/10/14,4,My Dearest,supercell,https://youtu.be/ixlpIAfqUWU?t=44m15s,TRUE,,
弾き語り,弾き語り配信,2025/10/14,5,Good-bye days,YUI,https://youtu.be/ixlpIAfqUWU?t=54m52s,TRUE,,
弾き語り,弾き語り配信,2025/10/14,6,Hello Goodbye＆Hello,熊木杏里,https://youtu.be/ixlpIAfqUWU?t=63m53s,TRUE,,
弾き語り,弾き語り配信,2025/11/05,1,風になる,つじあやの,https://youtu.be/Tbjqmq88NM8?t=9m54s,TRUE,,
弾き語り,弾き語り配信,2025/11/05,2,深愛,水樹奈々,https://youtu.be/Tbjqmq88NM8?t=18m17s,TRUE,,
弾き語り,弾き語り配信,2025/11/05,3,ETERNAL BLAZE,水樹奈々,https://youtu.be/Tbjqmq88NM8?t=25m24s,TRUE,,
弾き語り,弾き語り配信,2025/11/05,4,Pray,水樹奈々,https://youtu.be/Tbjqmq88NM8?t=32m33s,TRUE,,
弾き語り,弾き語り配信,2025/11/05,5,心拍数♯0822,蝶々P,https://youtu.be/Tbjqmq88NM8?t=37m56s,TRUE,,
弾き語り,弾き語り配信,2025/11/05,6,ハナミズキ,一青窈,https://youtu.be/Tbjqmq88NM8?t=44m53s,TRUE,,
弾き語り,弾き語り配信,2025/11/05,7,知っている手紙,ROF-MAO,https://youtu.be/Tbjqmq88NM8?t=54m33s,TRUE,,
弾き語り,弾き語り配信,2025/11/05,8,猫,DISH//,https://youtu.be/Tbjqmq88NM8?t=58m4s,TRUE,,
"歌唱のみ, 3D（オンライン）",甲斐田晴3Dライブ,2025/11/24,1,エンドロールで待ってる,甲斐田晴,https://youtu.be/tG6h83PreFk?t=1s,TRUE,,
"歌唱のみ, 3D（オンライン）",甲斐田晴3Dライブ,2025/11/24,2,ブルーミソロジー,甲斐田晴,https://youtu.be/tG6h83PreFk?t=3m17s,TRUE,,
"歌唱のみ, 3D（オンライン）",甲斐田晴3Dライブ,2025/11/24,3,独白,甲斐田晴,https://youtu.be/tG6h83PreFk?t=6m52s,TRUE,,
"歌唱のみ, 3D（オンライン）",甲斐田晴3Dライブ,2025/11/24,4,されど星の輝きを知る,甲斐田晴,https://youtu.be/tG6h83PreFk?t=10m50s,TRUE,,
"歌唱のみ, 3D（オンライン）",甲斐田晴3Dライブ,2025/11/24,5,始まりの理由を,甲斐田晴,https://youtu.be/tG6h83PreFk?t=13m42s,TRUE,,
"歌唱のみ, 3D（オンライン）",甲斐田晴3Dライブ,2025/11/24,6,声の旅,甲斐田晴,https://youtu.be/tG6h83PreFk?t=16m47s,TRUE,,
弾き語り,弾き語り配信,2025/11/25,1,KING,Kanaria,https://youtu.be/vtcBNyT2poo?t=6m3s,TRUE,,
弾き語り,弾き語り配信,2025/11/25,2,staple stable,戦場ヶ原ひたぎ(斎藤千和),https://youtu.be/vtcBNyT2poo?t=12m59s,TRUE,,
弾き語り,弾き語り配信,2025/11/25,3,ユキトキ,やなぎなぎ,https://youtu.be/vtcBNyT2poo?t=21m30s,TRUE,,
弾き語り,弾き語り配信,2025/11/25,4,MEMORIA,藍井エイル,https://youtu.be/vtcBNyT2poo?t=28m43s,TRUE,,
弾き語り,弾き語り配信,2025/11/25,5,コネクト,ClariS,https://youtu.be/vtcBNyT2poo?t=35m37s,TRUE,,
弾き語り,弾き語り配信,2025/11/25,6,別の人の彼女になったよ,wacci,https://youtu.be/vtcBNyT2poo?t=42m28s,TRUE,,
弾き語り,弾き語り配信,2025/11/25,7,フリージア,Uru,https://youtu.be/vtcBNyT2poo?t=54m36s,TRUE,,
弾き語り,弾き語り配信,2025/12/07,1,恋愛裁判,40mP,https://youtu.be/K_2w1AZEgsk?t=7m20s,TRUE,,
弾き語り,弾き語り配信,2025/12/07,2,砂の惑星,ハチ,https://youtu.be/K_2w1AZEgsk?t=13m15s,TRUE,,
弾き語り,弾き語り配信,2025/12/07,3,クワガタにチョップしたらタイムスリップした,家の裏でマンボウが死んでるP,https://youtu.be/K_2w1AZEgsk?t=21m10s,TRUE,,
弾き語り,弾き語り配信,2025/12/07,4,サウダージ,ポルノグラフィティ,https://youtu.be/K_2w1AZEgsk?t=29m50s,TRUE,,
弾き語り,弾き語り配信,2025/12/07,5,らしさ,SUPER BEAVER,https://youtu.be/K_2w1AZEgsk?t=37m40s,TRUE,,
弾き語り,弾き語り配信,2025/12/07,6,アヤノの幸福理論,じん,https://youtu.be/K_2w1AZEgsk?t=48m1s,TRUE,,
弾き語り,弾き語り配信,2025/12/07,7,スクランブル,SPYAIR,https://youtu.be/K_2w1AZEgsk?t=57m31s,TRUE,,
弾き語り,弾き語り配信,2025/12/07,8,才能が無いから何だ,甲斐田晴,https://youtu.be/K_2w1AZEgsk?t=66m46s,TRUE,,
"アコギ以外, メン限",メン限（配信後ツイート「エレキたまに弾くとおもろすぎる」）,2025/12/20,,（メン限）,,https://www.youtube.com/live/1Ntcz5y60MA?si=-_zEy3ogNl6xYz1z,FALSE,,
弾き語り,弾き語り配信,2025/12/27,1,幽霊東京,Ayase,https://youtu.be/RDkbA_ghOIo?t=9m42s,TRUE,,
弾き語り,弾き語り配信,2025/12/27,2,雪の華,中島美嘉,https://youtu.be/RDkbA_ghOIo?t=16m21s,TRUE,,
弾き語り,弾き語り配信,2025/12/27,3,小さな掌,Aqua Timez,https://youtu.be/RDkbA_ghOIo?t=26m57s,TRUE,,
弾き語り,弾き語り配信,2025/12/27,4,フィクション,sumica,https://youtu.be/RDkbA_ghOIo?t=36m30s,TRUE,,
弾き語り,弾き語り配信,2025/12/27,5,Q＆A リサイタル,戸松遥,https://youtu.be/RDkbA_ghOIo?t=46m9s,TRUE,,
弾き語り,弾き語り配信,2025/12/27,6,Cagayake!GIRLS,放課後ティータイム(桜高軽音部),https://youtu.be/RDkbA_ghOIo?t=52m50s,TRUE,,
弾き語り,弾き語り配信,2025/12/27,7,透明な心臓が泣いていた,甲斐田晴,https://youtu.be/RDkbA_ghOIo?t=63m56s,TRUE,,
"コラボ, 歌唱のみ",篠宮ゆの誕生日記念歌枠,2026/01/09,,Reason!!,315 STARS,https://www.youtube.com/live/Q57APDNikdg?si=U6WI2BN326VSGjNm&t=5680,TRUE,篠宮ゆの,
歌唱のみ,トマト料理を食べたら1曲歌える歌枠,2026/01/20,1,透明な心臓が泣いていた,甲斐田晴,https://youtu.be/89z3fwh6o38?t=11m51s,TRUE,,
歌唱のみ,トマト料理を食べたら1曲歌える歌枠,2026/01/20,2,素顔のままでいて,甲斐田晴,https://youtu.be/89z3fwh6o38?t=19m22s,TRUE,,
歌唱のみ,トマト料理を食べたら1曲歌える歌枠,2026/01/20,3,パパンパ！Blue Summer Days,甲斐田晴,https://youtu.be/89z3fwh6o38?t=28m44s,TRUE,,
歌唱のみ,トマト料理を食べたら1曲歌える歌枠,2026/01/20,4,cycle,甲斐田晴,https://youtu.be/89z3fwh6o38?t=35m52s,TRUE,,
歌唱のみ,トマト料理を食べたら1曲歌える歌枠,2026/01/20,5,一瞬と一生,甲斐田晴,https://youtu.be/89z3fwh6o38?t=42m54s,TRUE,,
歌唱のみ,トマト料理を食べたら1曲歌える歌枠,2026/01/20,6,UNSEEN TREASURES,甲斐田晴,https://youtu.be/89z3fwh6o38?t=53m52s,TRUE,,
歌唱のみ,トマト料理を食べたら1曲歌える歌枠,2026/01/20,7,声の旅,甲斐田晴,https://youtu.be/89z3fwh6o38?t=64m24s,TRUE,,
歌唱のみ,トマト料理を食べたら1曲歌える歌枠,2026/01/20,8,水の記憶,甲斐田晴,https://youtu.be/89z3fwh6o38?t=74m45s,TRUE,,
歌唱のみ,トマト料理を食べたら1曲歌える歌枠,2026/01/20,9,才能が無いから何だ,甲斐田晴,https://youtu.be/89z3fwh6o38?t=84m14s,TRUE,,
歌唱のみ,トマト料理を食べたら1曲歌える歌枠,2026/01/20,10,トマトは愛を解さない,甲斐田晴,https://youtu.be/89z3fwh6o38?t=93m27s,TRUE,,
弾き語り,弾き語り配信,2026/02/07,1,粉雪,レミオロメン,https://youtu.be/fHDBHIVlh84?t=6m39s,TRUE,,
弾き語り,弾き語り配信,2026/02/07,2,しわ,buzzG,https://youtu.be/fHDBHIVlh84?t=14m22s,TRUE,,
弾き語り,弾き語り配信,2026/02/07,3,津軽海峡・冬景色,石川さゆり,https://youtu.be/fHDBHIVlh84?t=23m39s,TRUE,,
弾き語り,弾き語り配信,2026/02/07,4,UNION,OxT,https://youtu.be/fHDBHIVlh84?t=33m12s,TRUE,,
弾き語り,弾き語り配信,2026/02/07,5,ドライフラワー,優里,https://youtu.be/fHDBHIVlh84?t=40m56s,TRUE,,
弾き語り,弾き語り配信,2026/02/07,6,COLORS,FLOW,https://youtu.be/fHDBHIVlh84?t=48m16s,TRUE,,
弾き語り,弾き語り配信,2026/02/07,7,この場所で,甲斐田晴,https://youtu.be/fHDBHIVlh84?t=56m8s,TRUE,,
"コラボ, 歌唱のみ",VΔLZオフ歌枠,2026/02/21,,GO!!!,FLOW,https://youtu.be/FYiAJ9rF_7g?t=5m16s,TRUE,,
"コラボ, 歌唱のみ",VΔLZオフ歌枠,2026/02/21,,ピースサイン,米津玄師,https://youtu.be/FYiAJ9rF_7g?t=16m42s,TRUE,,
"コラボ, 歌唱のみ",VΔLZオフ歌枠,2026/02/21,,ALONES,Aqua Timez,https://youtu.be/FYiAJ9rF_7g?t=21m47s,TRUE,,
"コラボ, 歌唱のみ",VΔLZオフ歌枠,2026/02/21,,初めての恋が終わる時,ryo(supercell),https://youtu.be/FYiAJ9rF_7g?t=46m27s,TRUE,,
"コラボ, 歌唱のみ",VΔLZオフ歌枠,2026/02/21,,ここにしか咲かない花,コブクロ,https://youtu.be/FYiAJ9rF_7g?t=71m8s,TRUE,,
"コラボ, 歌唱のみ",VΔLZオフ歌枠,2026/02/21,,シュガーソングとビターステップ,UNISON SQUARE GARDEN,https://youtu.be/FYiAJ9rF_7g?t=80m6s,TRUE,,
弾き語り,弾き語り配信,2026/02/25,1,シルエット,KANA-BOON,https://youtu.be/x7riSqt46s8?t=6m14s,TRUE,,
弾き語り,弾き語り配信,2026/02/25,2,ほうき星,ユンナ,https://youtu.be/x7riSqt46s8?t=14m22s,TRUE,,
弾き語り,弾き語り配信,2026/02/25,3,カタオモイ,Aimer,https://youtu.be/x7riSqt46s8?t=21m5s,TRUE,,
弾き語り,弾き語り配信,2026/02/25,4,チョコレート・トレイン,PENGUINS PROJECT,https://youtu.be/x7riSqt46s8?t=27m53s,TRUE,,
弾き語り,弾き語り配信,2026/02/25,5,心予報,Eve,https://youtu.be/x7riSqt46s8?t=34m30s,TRUE,,
弾き語り,弾き語り配信,2026/02/25,6,サウダージ,ポルノグラフィティ,https://youtu.be/x7riSqt46s8?t=55m,TRUE,,
弾き語り,弾き語り配信,2026/02/25,7,才能が無いから何だ,甲斐田晴,https://youtu.be/x7riSqt46s8?t=62m20s,TRUE,,
弾き語り,弾き語り配信,2026/03/27,1,さくら(独唱),森山直太朗,https://youtu.be/HBhHq-4QROY?t=13m43s,TRUE,,
弾き語り,弾き語り配信,2026/03/27,2,旅たちの日に・・・,川嶋あい,https://youtu.be/HBhHq-4QROY?t=19m50s,TRUE,,
弾き語り,弾き語り配信,2026/03/27,3,MANKAI☆開花宣言,A3ders!,https://youtu.be/HBhHq-4QROY?t=26m48s,TRUE,,
弾き語り,弾き語り配信,2026/03/27,4,となりのトトロ,井上あずみ,https://youtu.be/HBhHq-4QROY?t=36m10s,TRUE,,
弾き語り,弾き語り配信,2026/03/27,5,さよならメモリーズ,supercell,https://youtu.be/HBhHq-4QROY?t=43m46s,TRUE,,
弾き語り,弾き語り配信,2026/03/27,6,Hurrah!!,にじさんじ,https://youtu.be/HBhHq-4QROY?t=60m42s,TRUE,,
弾き語り,弾き語り配信,2026/03/27,7,水の記憶,甲斐田晴,https://youtu.be/HBhHq-4QROY?t=71m51s,TRUE,,
弾き語り,弾き語り配信,2026/04/14,1,Shiny Sunny Step,甲斐田晴,https://youtu.be/i3WZne0e0EQ?t=10m24s,TRUE,,
弾き語り,弾き語り配信,2026/04/14,2,虹,Aqua Timez,https://youtu.be/i3WZne0e0EQ?t=19m48s,TRUE,,
弾き語り,弾き語り配信,2026/04/14,3,青空のナミダ,高橋瞳,https://youtu.be/i3WZne0e0EQ?t=30m18s,TRUE,,
弾き語り,弾き語り配信,2026/04/14,4,RAIN,SEKAI NO OWARI,https://youtu.be/i3WZne0e0EQ?t=38m42s,TRUE,,
弾き語り,弾き語り配信,2026/04/14,5,タイヨウのうた,Kaoru Amane,https://youtu.be/i3WZne0e0EQ?t=44m34s,TRUE,,
弾き語り,弾き語り配信,2026/04/14,6,キラメキ,wacci,https://youtu.be/i3WZne0e0EQ?t=55m19s,TRUE,,
弾き語り,弾き語り配信,2026/04/14,7,月が綺麗だ。,甲斐田晴,https://youtu.be/i3WZne0e0EQ?t=62m58s,TRUE,,
弾き語り,弾き語り配信,2026/05/05,1,ぼくのヒーロー,甲斐田晴,https://youtu.be/FfdoR4GmM8I?t=6m10s,TRUE,,
弾き語り,弾き語り配信,2026/05/05,2,メリッサ,ポルノグラフィティ,https://youtu.be/FfdoR4GmM8I?t=14m2s,TRUE,,
弾き語り,弾き語り配信,2026/05/05,3,ピースサイン,米津玄師,https://youtu.be/FfdoR4GmM8I?t=21m38s,TRUE,,
弾き語り,弾き語り配信,2026/05/05,4,ニア,夏代孝明,https://youtu.be/FfdoR4GmM8I?t=29m35s,TRUE,,
弾き語り,弾き語り配信,2026/05/05,5,シルシ,LiSA,https://youtu.be/FfdoR4GmM8I?t=37m10s,TRUE,,
弾き語り,弾き語り配信,2026/05/05,6,All Alone With You,EGOIST,https://youtu.be/FfdoR4GmM8I?t=44m11s,TRUE,,
弾き語り,弾き語り配信,2026/05/05,7,エウテルペ,EGOIST,https://youtu.be/FfdoR4GmM8I?t=55m19s,TRUE,,
弾き語り,弾き語り配信,2026/05/05,8,Departures～あなたにおくるアイの歌～,EGOIST,https://youtu.be/FfdoR4GmM8I?t=60m50s,TRUE,,
弾き語り,弾き語り配信,2026/05/05,9,何色,甲斐田晴,https://youtu.be/FfdoR4GmM8I?t=73m58s,TRUE,,
弾き語り,弾き語り配信,2026/05/20,1,君に届け,flumpool,https://youtu.be/gO4ctt-m3Pk?t=6m29s,TRUE,,
弾き語り,弾き語り配信,2026/05/20,2,ミックスナッツ,Official髭男dism,https://youtu.be/gO4ctt-m3Pk?t=14m31s,TRUE,,
弾き語り,弾き語り配信,2026/05/20,3,インフェルノ,Mrs.GREEN APPLE,https://youtu.be/gO4ctt-m3Pk?t=24m44s,TRUE,,
弾き語り,弾き語り配信,2026/05/20,4,オツキミリサイタル,じん,https://youtu.be/gO4ctt-m3Pk?t=33m,TRUE,,
弾き語り,弾き語り配信,2026/05/20,5,太陽の楽園～Promised Land～,神戸みゆき,https://youtu.be/gO4ctt-m3Pk?t=53m17s,TRUE,,
弾き語り,弾き語り配信,2026/05/20,6,残酷な天使のテーゼ,高橋洋子,https://youtu.be/gO4ctt-m3Pk?t=66m46s,TRUE,,
弾き語り,弾き語り配信,2026/06/12,1,才能が無いから何だ,甲斐田晴,https://youtu.be/b0dNzt9Fek8?t=7m12s,TRUE,,
弾き語り,弾き語り配信,2026/06/12,2,"rain stops, good-bye",におP,https://youtu.be/b0dNzt9Fek8?t=12m24s,TRUE,,
弾き語り,弾き語り配信,2026/06/12,3,アムリタ,牧野由依,https://youtu.be/b0dNzt9Fek8?t=20m48s,TRUE,,
弾き語り,弾き語り配信,2026/06/12,4,366日,HY,https://youtu.be/b0dNzt9Fek8?t=28m40s,TRUE,,
弾き語り,弾き語り配信,2026/06/12,5,宿命,Official髭男dism,https://youtu.be/b0dNzt9Fek8?t=44m,TRUE,,
弾き語り,弾き語り配信,2026/06/12,6,青いベンチ,サスケ,https://youtu.be/b0dNzt9Fek8?t=51m8s,TRUE,,
弾き語り,弾き語り配信,2026/06/12,7,小さきもの,林明日香,https://youtu.be/b0dNzt9Fek8?t=61m3s,TRUE,,
"歌唱のみ, 3D（オンライン）, コラボ",甲斐田晴3D新衣装お披露目,2026/06/28,1,お願い！ セニョリータ,ORANGE RANGE,https://youtu.be/P_h5TKjO_9k?t=3m1s,TRUE,,
"コラボ, 歌唱のみ, 3D（オンライン）",甲斐田晴3D新衣装お披露目,2026/06/28,2,ビビっとラブ,CHICO with HoneyWorks meets まふまふ,https://youtu.be/P_h5TKjO_9k?t=12m37s,TRUE,星川サラ,
"コラボ, 歌唱のみ, 3D（オンライン）",甲斐田晴3D新衣装お披露目,2026/06/28,3,ホシアイ,レフティーモンスターP,https://youtu.be/P_h5TKjO_9k?t=16m51s,TRUE,加賀美ハヤト,
"コラボ, 歌唱のみ, 3D（オンライン）",甲斐田晴3D新衣装お披露目,2026/06/28,4,月光花,Janne Da Arc,https://youtu.be/P_h5TKjO_9k?t=25m17s,TRUE,,
"コラボ, 歌唱のみ, 3D（オンライン）",甲斐田晴3D新衣装お披露目,2026/06/28,5,Snow halation,μ's,https://youtu.be/P_h5TKjO_9k?t=30m23s,TRUE,,
"コラボ, 3D（オンライン）, 弾き語り, アコギ以外",甲斐田晴3D新衣装お披露目,2026/06/28,6,愛迷エレジー,DECO*27,https://youtu.be/P_h5TKjO_9k?t=34m49s,TRUE,伊波ライ,甲斐田晴、伊波ライ、星導ショウ、魁星
"コラボ, 歌唱のみ, 3D（オンライン）",甲斐田晴3D新衣装お披露目,2026/06/28,7,ライラック,Mrs.GREEN APPLE,https://youtu.be/P_h5TKjO_9k?t=37m55s,TRUE,,
"コラボ, 歌唱のみ, 3D（オンライン）",甲斐田晴3D新衣装お披露目,2026/06/28,8,君の知らない物語,supercell,https://youtu.be/P_h5TKjO_9k?t=50m51s,TRUE,,
"コラボ, 歌唱のみ",皇れお誕生日歌枠,2026/07/02,1,ユニバース,夏代孝明,https://www.youtube.com/live/wo7UjtdXtZE?si=I1sS97q28rN7sW5K&t=838,TRUE,皇れお、伊波ライ,
"演奏のみ, コラボ, アコギ以外",ゆるゆるスタジオ練習の会,2026/07/14,1,栞,クリープハイプ,https://www.youtube.com/live/R8CP0-t2tHE?si=x29Hay5_bynwbJV_,FALSE,夢追翔、皇れお,甲斐田晴、花籠つばさ、伊波ライ、五木左京、皇れお
"演奏のみ, コラボ, アコギ以外",ゆるゆるスタジオ練習の会,2026/07/14,2,青と夏,Mrs.GREEN APPLE,https://www.youtube.com/live/R8CP0-t2tHE?si=x29Hay5_bynwbJV_,FALSE,皇れお、夢追翔,甲斐田晴、花籠つばさ、伊波ライ、五木左京
弾き語り,弾き語り配信,2026/07/18,1,青と夏,Mrs.GREEN APPLE,https://youtu.be/LoKpAJbZWaw?t=8m21s,TRUE,,
弾き語り,弾き語り配信,2026/07/18,2,ANIMA,ReoNa,https://youtu.be/LoKpAJbZWaw?t=18m33s,TRUE,,
弾き語り,弾き語り配信,2026/07/18,3,もう恋なんてしない,槇原敬之,https://youtu.be/LoKpAJbZWaw?t=26m6s,TRUE,,
弾き語り,弾き語り配信,2026/07/18,4,真夏の果実,サザンオールスターズ,https://youtu.be/LoKpAJbZWaw?t=33m14s,TRUE,,
弾き語り,弾き語り配信,2026/07/18,5,TSUNAMI,サザンオールスターズ,https://youtu.be/LoKpAJbZWaw?t=39m24s,TRUE,,
弾き語り,弾き語り配信,2026/07/18,6,晴れと褻,甲斐田晴,https://youtu.be/LoKpAJbZWaw?t=46m12s,TRUE,,
弾き語り,弾き語り配信,2026/07/18,7,水の記憶,甲斐田晴,https://youtu.be/LoKpAJbZWaw?t=60m51s,TRUE,,
有観客ライブ,甲斐田晴 1st One-Man Live -足跡-,2026/07/29,1,魔法について,甲斐田晴,https://www.youtube.com/live/rtbRd0LZ57c?si=quZ_akShX7T2lDuC&t=2307,TRUE,,
有観客ライブ,甲斐田晴 1st One-Man Live -足跡-,2026/07/29,2,声の旅,甲斐田晴,https://www.youtube.com/live/rtbRd0LZ57c?si=uPvdn11iaP9ABsMp&t=2396,TRUE,,
有観客ライブ,甲斐田晴 1st One-Man Live -足跡-,2026/07/29,3,STORM,甲斐田晴,https://www.youtube.com/live/rtbRd0LZ57c?si=AblbZ_bdwG0mACL-&t=2602,TRUE,,
有観客ライブ,甲斐田晴 1st One-Man Live -足跡-,2026/07/29,4,アイスブレイクブレイカー,甲斐田晴,https://www.youtube.com/live/rtbRd0LZ57c?si=7kdbV0T3bm_tE_mu&t=3080,TRUE,,
有観客ライブ,甲斐田晴 1st One-Man Live -足跡-,2026/07/29,5,トマトは愛を解さない,甲斐田晴,https://www.youtube.com/live/rtbRd0LZ57c?si=8vGGPRmKOT3Ldxsa&t=3446,TRUE,,
有観客ライブ,甲斐田晴 1st One-Man Live -足跡-,2026/07/29,6,パパンパ！Blue Summer Days,甲斐田晴,,TRUE,,
有観客ライブ,甲斐田晴 1st One-Man Live -足跡-,2026/07/29,7,雷命,甲斐田晴,,TRUE,,
有観客ライブ,甲斐田晴 1st One-Man Live -足跡-,2026/07/29,8,パラレルノー細胞,甲斐田晴,,TRUE,,
有観客ライブ,甲斐田晴 1st One-Man Live -足跡-,2026/07/29,9,-足跡- Special Medley,甲斐田晴,,TRUE,,
有観客ライブ,甲斐田晴 1st One-Man Live -足跡-,2026/07/29,10,青春応歌,VΔLZ,,TRUE,,
有観客ライブ,甲斐田晴 1st One-Man Live -足跡-,2026/07/29,11,フルカウント,ROF-MAO,,TRUE,,
有観客ライブ,甲斐田晴 1st One-Man Live -足跡-,2026/07/29,12,Rainy Days,甲斐田晴,,TRUE,,
有観客ライブ,甲斐田晴 1st One-Man Live -足跡-,2026/07/29,13,Shiny Sunny Step,甲斐田晴,,TRUE,,
有観客ライブ,甲斐田晴 1st One-Man Live -足跡-,2026/07/29,14,雪の降る日に,甲斐田晴,,TRUE,,
有観客ライブ,甲斐田晴 1st One-Man Live -足跡-,2026/07/29,15,されど星の輝きを知る,甲斐田晴,,TRUE,,
有観客ライブ,甲斐田晴 1st One-Man Live -足跡-,2026/07/29,16,茜色の歌,甲斐田晴,,TRUE,,
有観客ライブ,甲斐田晴 1st One-Man Live -足跡-,2026/07/29,17,何色,甲斐田晴,,TRUE,,
有観客ライブ,甲斐田晴 1st One-Man Live -足跡-,2026/07/29,18,CRACKS,甲斐田晴,,TRUE,,
有観客ライブ,甲斐田晴 1st One-Man Live -足跡-,2026/07/29,19,晴れと褻,甲斐田晴,,TRUE,,
有観客ライブ,甲斐田晴 1st One-Man Live -足跡-,2026/07/29,20,才能が無いから何だ,甲斐田晴,,TRUE,,
有観客ライブ,甲斐田晴 1st One-Man Live -足跡-,2026/07/29,21,始まりの理由を,甲斐田晴,,TRUE,,
有観客ライブ,甲斐田晴 1st One-Man Live -足跡-,2026/07/29,22,くれくれ！CRAZY,甲斐田晴,,TRUE,,
有観客ライブ,甲斐田晴 1st One-Man Live -足跡-,2026/07/29,23,透明な心臓が泣いていた,甲斐田晴,,TRUE,,
弾き語り,弾き語り配信,2026/08/03,1,パラレルノー細胞,甲斐田晴,https://youtu.be/F2yitIB1LfY?t=6m42s,TRUE,,
弾き語り,弾き語り配信,2026/08/03,2,敗北の少年,kemu,https://youtu.be/F2yitIB1LfY?t=12m38s,TRUE,,
弾き語り,弾き語り配信,2026/08/03,3,終点,甲斐田晴,https://youtu.be/F2yitIB1LfY?t=20m29s,TRUE,,
弾き語り,弾き語り配信,2026/08/03,4,この場所で,甲斐田晴,https://youtu.be/F2yitIB1LfY?t=26m20s,TRUE,,
弾き語り,弾き語り配信,2026/08/03,5,カブトムシ,aiko,https://youtu.be/F2yitIB1LfY?t=33m31s,TRUE,,
弾き語り,弾き語り配信,2026/08/03,6,ガーネット,奥華子,https://youtu.be/F2yitIB1LfY?t=43m39s,TRUE,,
弾き語り,弾き語り配信,2026/08/03,7,睡蓮花,湘南乃風,https://youtu.be/F2yitIB1LfY?t=56m24s,TRUE,,
弾き語り,弾き語り配信,2026/08/03,8,何色,甲斐田晴,https://youtu.be/F2yitIB1LfY?t=67m54s,TRUE,,
弾き語り,弾き語り配信,2026/08/23,1,ホシアイ,レフティーモンスターＰ,https://youtu.be/yiljvbct5yQ?t=8m59s,TRUE,,
弾き語り,弾き語り配信,2026/08/23,2,星が瞬くこんな夜に,supercell,https://youtu.be/yiljvbct5yQ?t=18m4s,TRUE,,
弾き語り,弾き語り配信,2026/08/23,3,変わらないもの,奥華子,https://youtu.be/yiljvbct5yQ?t=27m25s,TRUE,,
弾き語り,弾き語り配信,2026/08/23,4,となりのトトロ,井上あずみ,https://youtu.be/yiljvbct5yQ?t=36m17s,TRUE,,
弾き語り,弾き語り配信,2026/08/23,5,ポケットにファンタジー,さち＆じゅり,https://youtu.be/yiljvbct5yQ?t=42m43s,TRUE,,
弾き語り,弾き語り配信,2026/08/23,6,夏夕空,中孝介,https://youtu.be/yiljvbct5yQ?t=53m59s,TRUE,,
弾き語り,弾き語り配信,2026/08/23,7,道しるべ,夏川りみ,https://youtu.be/yiljvbct5yQ?t=61m32s,TRUE,,
弾き語り,弾き語り配信,2026/08/23,8,少年時代,井上陽水,https://youtu.be/yiljvbct5yQ?t=65m26s,TRUE,,
弾き語り,弾き語り配信,2026/09/07,1,ピエロ,KEI,https://youtu.be/pudZHJMxINU?t=8m10s,TRUE,,
弾き語り,弾き語り配信,2026/09/07,2,Good-bye days,YUI,https://youtu.be/pudZHJMxINU?t=17m40s,TRUE,,
弾き語り,弾き語り配信,2026/09/07,3,タイヨウのうた,Kaoru Amane,https://youtu.be/pudZHJMxINU?t=25m20s,TRUE,,
弾き語り,弾き語り配信,2026/09/07,4,いのちの名前,木村弓,https://youtu.be/pudZHJMxINU?t=34m6s,TRUE,,
弾き語り,弾き語り配信,2026/09/07,5,Ghost of a smile,EGOIST,https://youtu.be/pudZHJMxINU?t=43m8s,TRUE,,
弾き語り,弾き語り配信,2026/09/07,6,花に亡霊,ヨルシカ,https://youtu.be/pudZHJMxINU?t=52m41s,TRUE,,
弾き語り,弾き語り配信,2026/09/07,7,ぼくのヒーロー,甲斐田晴,https://youtu.be/pudZHJMxINU?t=65m19s,TRUE,,