分類,配信内容,配信日,曲名,歌手名,リンク,甲斐田歌唱,コラボライバー,演奏
弾き語り,弾き語り配信,2020/04/22,カサブタ,千綿ヒデノリ,https://youtu.be/WJnaO0YQhiM?t=161,TRUE,,
弾き語り,弾き語り配信,2020/04/22,世界は恋に落ちている,CHiCO with HoneyWorks,https://youtu.be/WJnaO0YQhiM?t=385,TRUE,,
弾き語り,弾き語り配信,2020/04/22,気まぐれロマンティック,いきものがかり,https://youtu.be/WJnaO0YQhiM?t=556,TRUE,,
弾き語り,弾き語り配信,2020/04/22,カブトムシ,Aiko,https://youtu.be/WJnaO0YQhiM?t=711,TRUE,,
弾き語り,弾き語り配信,2020/04/22,Hello Goodbye&Hello,熊田杏里,https://youtu.be/WJnaO0YQhiM?t=1085,TRUE,,
弾き語り,弾き語り配信,2020/04/22,Catch the Moment,LiSA,https://youtu.be/WJnaO0YQhiM?t=1275,TRUE,,
弾き語り,弾き語り配信,2020/04/22,ハナミズキ,一青窈,https://youtu.be/WJnaO0YQhiM?t=1540,TRUE,,
弾き語り,弾き語り配信,2020/04/22,オリオンをなぞる,UNISON SQUARE GARDEN,https://youtu.be/WJnaO0YQhiM?t=1922,TRUE,,
弾き語り,弾き語り配信,2020/04/22,青いベンチ,サスケ,https://youtu.be/WJnaO0YQhiM?t=2080,TRUE,,
弾き語り,弾き語り配信,2020/04/22,浮世の演舞,VΔLZ,https://youtu.be/WJnaO0YQhiM?t=2462,TRUE,,
弾き語り,弾き語り配信,2020/04/22,First love,宇多田ヒカル,https://youtu.be/WJnaO0YQhiM?t=2560,TRUE,,
弾き語り,弾き語り配信,2020/04/22,小さきもの,林明日香,https://youtu.be/WJnaO0YQhiM?t=2770,TRUE,,
弾き語り,弾き語り配信,2020/04/22,決意の朝に,Aqua Timez,https://youtu.be/WJnaO0YQhiM?t=2926,TRUE,,
弾き語り,弾き語り配信,2020/04/22,Butter-Fly,和田光司,https://youtu.be/WJnaO0YQhiM?t=3330,TRUE,,
弾き語り,弾き語り配信,2020/04/26,真夏の果実,サザンオールスターズ,https://youtu.be/qjGzKuf3sE4?t=292,TRUE,,
弾き語り,弾き語り配信,2020/04/26,白日,King Gnu,https://youtu.be/qjGzKuf3sE4?t=715,TRUE,,
弾き語り,弾き語り配信,2020/04/26,瞬き,back number,https://youtu.be/qjGzKuf3sE4?t=1190,TRUE,,
弾き語り,弾き語り配信,2020/04/26,風が吹く街,ラックライフ,https://youtu.be/qjGzKuf3sE4?t=1625,TRUE,,
弾き語り,弾き語り配信,2020/04/26,Departures ~あなたに贈るアイの歌 ~,EGOIST,https://youtu.be/qjGzKuf3sE4?t=1962,TRUE,,
弾き語り,弾き語り配信,2020/04/26,らいおんハート,SMAP,https://youtu.be/qjGzKuf3sE4?t=2180,TRUE,,
弾き語り,弾き語り配信,2020/04/26,シルシ,LiSA,https://youtu.be/qjGzKuf3sE4?t=2410,TRUE,,
弾き語り,弾き語り配信,2020/04/26,こいのうた,戸松遥,https://youtu.be/qjGzKuf3sE4?t=2900,TRUE,,
弾き語り,弾き語り配信,2020/04/26,恋愛サーキュレーション,花澤香菜,https://youtu.be/qjGzKuf3sE4?t=3030,TRUE,,
音源協力,ギター音源協力,2020/04/30,チチをもげ！,パルコ・フォルゴレ(高橋広樹),https://www.youtube.com/live/e-JjJecRblU?si=q4ax7e4mR29BXqNS&t=1361,FALSE,メリッサ・キンレンカ,
弾き語り,弾き語り配信,2020/05/03,ミカヅキ,酸欠少女さユり,https://youtu.be/4LQJ7thFLrc?t=220,TRUE,,
弾き語り,弾き語り配信,2020/05/03,アゲハ蝶,ポルノグラフィティ,https://youtu.be/4LQJ7thFLrc?t=395,TRUE,,
弾き語り,弾き語り配信,2020/05/03,Legend of Marmaid,中田あすみ・寺門仁美・浅野まゆみ,https://youtu.be/4LQJ7thFLrc?t=870,TRUE,,
弾き語り,弾き語り配信,2020/05/03,太陽の楽園 ~Promised Land ~,神戸みゆき,https://youtu.be/4LQJ7thFLrc?t=1203,TRUE,,
弾き語り,弾き語り配信,2020/05/03,こころのたまご,Buono!,https://youtu.be/4LQJ7thFLrc?t=1353,TRUE,,
弾き語り,弾き語り配信,2020/05/03,Wishing,水瀬いのり,https://youtu.be/4LQJ7thFLrc?t=1520,TRUE,,
弾き語り,弾き語り配信,2020/05/03,ファンサ,mona,https://youtu.be/4LQJ7thFLrc?t=1863,TRUE,,
弾き語り,弾き語り配信,2020/05/03,SHAMLOCK,UVERworld,https://youtu.be/4LQJ7thFLrc?t=2445,TRUE,,
弾き語り,弾き語り配信,2020/05/03,変わらないもの,奥華子,https://youtu.be/4LQJ7thFLrc?t=2950,TRUE,,
弾き語り,弾き語り配信,2020/05/03,七色のコンパス,一ノ瀬トキヤ,https://youtu.be/4LQJ7thFLrc?t=3382,TRUE,,
弾き語り,弾き語り配信,2020/05/03,桃色片思い,松浦亜弥,https://youtu.be/4LQJ7thFLrc?t=3620,TRUE,,
弾き語り,弾き語り配信,2020/05/03,恋するフォーチュンクッキー,AKB48,https://youtu.be/4LQJ7thFLrc?t=3810,TRUE,,
弾き語り,弾き語り配信,2020/05/03,空色デイズ,中川翔子,https://youtu.be/4LQJ7thFLrc?t=4000,TRUE,,
弾き語り,弾き語り配信,2020/05/03,TSUNAMI,サザンオールスターズ,https://youtu.be/4LQJ7thFLrc?t=4313,TRUE,,
弾き語り,弾き語り配信,2020/05/06,Rain,秦基博,https://youtu.be/4QjGOfeflGs?t=285,TRUE,,
弾き語り,弾き語り配信,2020/05/06,きらきら武士,レキシ,https://youtu.be/4QjGOfeflGs?t=544,TRUE,,
弾き語り,弾き語り配信,2020/05/06,Rolling star,YUI,https://youtu.be/4QjGOfeflGs?t=810,TRUE,,
弾き語り,弾き語り配信,2020/05/06,スクランブル,SPYAIR,https://youtu.be/4QjGOfeflGs?t=1070,TRUE,,
弾き語り,弾き語り配信,2020/05/06,生きてこそ,Kiroro,https://youtu.be/4QjGOfeflGs?t=1445,TRUE,,
弾き語り,弾き語り配信,2020/05/06,君の知らない物語,Supercell,https://youtu.be/4QjGOfeflGs?t=2363,TRUE,,
弾き語り,弾き語り配信,2020/05/06,フィクション,sumika,https://youtu.be/4QjGOfeflGs?t=2522,TRUE,,
弾き語り,弾き語り配信,2020/05/06,亜麻色の髪の乙女,島谷ひとみ,https://youtu.be/4QjGOfeflGs?t=2643,TRUE,,
弾き語り,弾き語り配信,2020/05/06,赤いやねの家,ー,https://youtu.be/4QjGOfeflGs?t=2985,TRUE,,
弾き語り,弾き語り配信,2020/05/06,ニア,夏代孝明,https://youtu.be/4QjGOfeflGs?t=3220,TRUE,,
弾き語り,弾き語り配信,2020/05/06,366日,HY,https://youtu.be/4QjGOfeflGs?t=3505,TRUE,,
弾き語り,弾き語り配信,2020/05/06,涙そうそう,夏川りみ,https://youtu.be/4QjGOfeflGs?t=3915,TRUE,,
弾き語り,弾き語り配信,2020/05/08,お願いマッスル,紗倉ひびき(ファイルーズあい)＆街雄鳴造(石川界人),https://youtu.be/uuMhJBBZOU0?t=440,TRUE,レヴィ・エリファ,
弾き語り,弾き語り配信,2020/05/08,ひまわりの約束,秦基博,https://www.youtube.com/live/uuMhJBBZOU0?si=1wSNFn5wawBR5bSC&t=938,FALSE,レヴィ・エリファ,
弾き語り,弾き語り配信,2020/05/08,別の人の彼女になったよ,Wacci,https://www.youtube.com/live/uuMhJBBZOU0?si=zGVfPa9QE-za-Wu3&t=1450,FALSE,レヴィ・エリファ,
弾き語り,弾き語り配信,2020/05/08,青いベンチ,サスケ,https://www.youtube.com/live/uuMhJBBZOU0?si=SxKCg71hoo1vfBNN&t=1989,TRUE,レヴィ・エリファ,
弾き語り,弾き語り配信,2020/05/08,メリッサ,ポルノグラフィティ,https://youtu.be/uuMhJBBZOU0?t=2604,TRUE,レヴィ・エリファ,
弾き語り,弾き語り配信,2020/05/08,ようこそジャパリパークへ,どうぶつビスケッツ×PPP,https://www.youtube.com/live/uuMhJBBZOU0?si=MMJzbk6PyFNfabkJ&t=3594,FALSE,レヴィ・エリファ,
弾き語り,弾き語り配信,2020/05/11,星の唄,buzzG,https://youtu.be/qxU7b1mSwKE?t=318,TRUE,,
弾き語り,弾き語り配信,2020/05/11,夜もすがら君想う,TOKOTOKO(西沢さんP),https://youtu.be/qxU7b1mSwKE?t=680,TRUE,,
弾き語り,弾き語り配信,2020/05/11,恋空予報,電ポルP,https://youtu.be/qxU7b1mSwKE?t=1072,TRUE,,
弾き語り,弾き語り配信,2020/05/11,シャルル,バルーン,https://youtu.be/qxU7b1mSwKE?t=1466,TRUE,,
弾き語り,弾き語り配信,2020/05/11,からくりピエロ,40mP,https://youtu.be/qxU7b1mSwKE?t=1766,TRUE,,
弾き語り,弾き語り配信,2020/05/11,砂の惑星,ハチ,https://youtu.be/qxU7b1mSwKE?t=2697,TRUE,,
弾き語り,弾き語り配信,2020/05/11,GAJLOWS BELL,buzzG,https://youtu.be/qxU7b1mSwKE?t=2983,TRUE,,
弾き語り,弾き語り配信,2020/05/11,ワールド・ランプシェード,buzzG,https://youtu.be/qxU7b1mSwKE?t=3479,TRUE,,
弾き語り,弾き語り配信,2020/05/11,ヒバナ,DECO*27,https://youtu.be/qxU7b1mSwKE?t=3646,TRUE,,
弾き語り,弾き語り配信,2020/05/11,アヤノの幸福理論,じん,https://youtu.be/qxU7b1mSwKE?t=3804,TRUE,,
弾き語り,弾き語り配信,2020/05/11,想像フォレスト,じん,https://youtu.be/qxU7b1mSwKE?t=3994,TRUE,,
弾き語り,弾き語り配信,2020/05/11,如月アテンション,じん,https://youtu.be/qxU7b1mSwKE?t=4150,TRUE,,
弾き語り,弾き語り配信,2020/05/11,ハロハワユ,ナノウ,https://youtu.be/qxU7b1mSwKE?t=4282,TRUE,,
弾き語り,弾き語り配信,2020/05/11,心做し,蝶々P,https://youtu.be/qxU7b1mSwKE?t=4708,TRUE,,
弾き語り,弾き語り配信,2020/05/11,地球最後の告白を,kemu,https://youtu.be/qxU7b1mSwKE?t=5129,TRUE,,
弾き語り,弾き語り配信,2020/05/11,ピエロ,KEI,https://youtu.be/qxU7b1mSwKE?t=5290,TRUE,,
弾き語り,弾き語り配信,2020/05/12,プラネタリウム,大塚愛, https://youtu.be/by1ELpQq6LA?t=374,TRUE,,
弾き語り,弾き語り配信,2020/05/12,硝子の少年,KinKi Kids, https://youtu.be/by1ELpQq6LA?t=663,TRUE,,
弾き語り,弾き語り配信,2020/05/12,光るなら,Goosehouse, https://youtu.be/by1ELpQq6LA?t=1074,TRUE,,
弾き語り,弾き語り配信,2020/05/12,カワキヲアメク,美波, https://youtu.be/by1ELpQq6LA?t=1449,TRUE,,
弾き語り,弾き語り配信,2020/05/12,ここにしか咲かない花,コブクロ, https://youtu.be/by1ELpQq6LA?t=1677,TRUE,,
弾き語り,弾き語り配信,2020/05/12,CHANGE THE WORLD,V6, https://youtu.be/by1ELpQq6LA?t=2282,TRUE,,
弾き語り,弾き語り配信,2020/05/12,ひまわりの約束,秦基博, https://youtu.be/by1ELpQq6LA?t=2787,TRUE,,
弾き語り,弾き語り配信,2020/05/12,その未来へ,RIRIKO, https://youtu.be/by1ELpQq6LA?t=3296,TRUE,,
弾き語り,弾き語り配信,2020/05/12,カタオモイ,Aimer, https://youtu.be/by1ELpQq6LA?t=3624,TRUE,,
弾き語り,弾き語り配信,2020/05/12,星間飛行,中島愛, https://youtu.be/by1ELpQq6LA?t=3988,TRUE,,
弾き語り,弾き語り配信,2020/05/15,シャボン玉Days,Aqua Timez,https://youtu.be/rChRFr0_pDs?t=918,TRUE,,
弾き語り,弾き語り配信,2020/05/15,ハレ晴レユカイ,涼宮ハルヒ 長門有希 朝比奈みくる,https://youtu.be/rChRFr0_pDs?t=1266,TRUE,,
弾き語り,弾き語り配信,2020/05/15,Rainbow,ROUND TABLE feat.Nino,https://youtu.be/rChRFr0_pDs?t=2005,TRUE,,
弾き語り,弾き語り配信,2020/05/15,プラチナ,坂本真綾,https://youtu.be/rChRFr0_pDs?t=2339,TRUE,,
弾き語り,弾き語り配信,2020/05/15,BLAZE,キンヤ,https://youtu.be/rChRFr0_pDs?t=2494,TRUE,,
弾き語り,弾き語り配信,2020/05/15,Cagayake!GIRLS,放課後ティータイム,https://youtu.be/rChRFr0_pDs?t=2962,TRUE,,
弾き語り,弾き語り配信,2020/05/15,staple stable,斎藤千和,https://youtu.be/rChRFr0_pDs?t=3709,TRUE,,
弾き語り,弾き語り配信,2020/05/15,片翼のイカロス,榊原ゆい,https://youtu.be/rChRFr0_pDs?t=4197,TRUE,,
弾き語り,弾き語り配信,2020/05/15,経験値上昇中☆,みなみけ,https://youtu.be/rChRFr0_pDs?t=4526,TRUE,,
弾き語り,弾き語り配信,2020/05/15,可愛くなりたい,HoneyWorks,https://youtu.be/rChRFr0_pDs?t=3664,TRUE,,
弾き語り,弾き語り配信,2020/05/20,Butter-Fly,和田光司,https://youtu.be/6ug4MxhOLsE?t=367,TRUE,,
弾き語り,弾き語り配信,2020/05/20,ルパン三世のテーマ(口笛トランペット),大野雄二,https://youtu.be/6ug4MxhOLsE?t=742,TRUE,,
弾き語り,弾き語り配信,2020/05/20,ハナミズキ,一青窈,https://youtu.be/6ug4MxhOLsE?t=947,TRUE,,
弾き語り,弾き語り配信,2020/05/20,虹,Aqua Timez,https://youtu.be/6ug4MxhOLsE?t=1469,TRUE,,
弾き語り,弾き語り配信,2020/05/20,Let Me Be With You,ROUND TABLE,https://youtu.be/6ug4MxhOLsE?t=1995,TRUE,,
弾き語り,弾き語り配信,2020/05/20,キラメキ,wacci,https://youtu.be/6ug4MxhOLsE?t=2160,TRUE,,
弾き語り,弾き語り配信,2020/05/20,secret base〜君がくれたもの〜,ZONE,https://youtu.be/6ug4MxhOLsE?t=2597,TRUE,,
弾き語り,弾き語り配信,2020/05/20,アイのシナリオ,CHiCO with HoneyWorks,https://youtu.be/6ug4MxhOLsE?t=3147,TRUE,,
弾き語り,弾き語り配信,2020/05/20,プライド革命,"HoneyWorks feat.sana,CHICO",https://youtu.be/6ug4MxhOLsE?t=3590,TRUE,,
弾き語り,弾き語り配信,2020/05/20,シルエット,KANA-BOON,https://youtu.be/6ug4MxhOLsE?t=4048,TRUE,,
弾き語り,弾き語り配信,2020/05/20,紅蓮華,LiSA,https://youtu.be/6ug4MxhOLsE?t=4383,TRUE,,
弾き語り,弾き語り配信,2020/05/25,想像フォレスト,じん,https://youtu.be/Xw0kRcwqvC0?t=408,TRUE,,
弾き語り,弾き語り配信,2020/05/25,"rain stops, good-bye",におP,https://youtu.be/Xw0kRcwqvC0?t=820,TRUE,,
弾き語り,弾き語り配信,2020/05/25,エンヴィキャットウォーク,トーマ,https://youtu.be/Xw0kRcwqvC0?t=1245,TRUE,,
弾き語り,弾き語り配信,2020/05/25,少年と魔法のロボット,40mP,https://youtu.be/Xw0kRcwqvC0?t=1630,TRUE,,
弾き語り,弾き語り配信,2020/05/25,心拍数#0822,蝶々P,https://youtu.be/Xw0kRcwqvC0?t=2056,TRUE,,
弾き語り,弾き語り配信,2020/05/25,メランコリック,Junky,https://youtu.be/Xw0kRcwqvC0?t=2662,TRUE,,
弾き語り,弾き語り配信,2020/05/25,神のまにまに,れるりり,https://youtu.be/Xw0kRcwqvC0?t=3011,TRUE,,
弾き語り,弾き語り配信,2020/05/25,命に嫌われている。,カンザキイオリ,https://youtu.be/Xw0kRcwqvC0?t=3365,TRUE,,
弾き語り,弾き語り配信,2020/05/25,小夜子,みきとP,https://youtu.be/Xw0kRcwqvC0?t=3559,TRUE,,
弾き語り,弾き語り配信,2020/05/25,"Hello,Worker",KEI,https://youtu.be/Xw0kRcwqvC0?t=3885,TRUE,,
弾き語り,弾き語り配信,2020/05/28,WISH,嵐,https://youtu.be/lGgYrydEoYo?t=102,TRUE,,
弾き語り,弾き語り配信,2020/05/28,虹,二宮和也,https://youtu.be/lGgYrydEoYo?t=452,TRUE,,
弾き語り,弾き語り配信,2020/05/28,ボクノート,スキマスイッチ,https://youtu.be/lGgYrydEoYo?t=829,TRUE,,
弾き語り,弾き語り配信,2020/05/28,三日月,絢香,https://youtu.be/lGgYrydEoYo?t=1558,TRUE,,
弾き語り,弾き語り配信,2020/05/28,となりのトトロ,井上あずみ,https://youtu.be/lGgYrydEoYo?t=1935,TRUE,,
弾き語り,弾き語り配信,2020/05/28,いのちの名前,木村弓,https://youtu.be/lGgYrydEoYo?t=2224,TRUE,,
弾き語り,弾き語り配信,2020/05/28,ぼうやの夢よ,エミリア,https://youtu.be/lGgYrydEoYo?t=2792,TRUE,,
弾き語り,弾き語り配信,2020/05/28,MANKAI☆開花宣言,A3ders!,https://youtu.be/lGgYrydEoYo?t=3104,TRUE,,
弾き語り,弾き語り配信,2020/05/28,ホウキ雲,RYTHEM,https://youtu.be/lGgYrydEoYo?t=3618,TRUE,,
弾き語り,弾き語り配信,2020/05/28,ほうき星,ユンナ,https://youtu.be/lGgYrydEoYo?t=4000,TRUE,,
弾き語り,弾き語り配信,2020/05/28,きみにとどけ,タニザワトモフミ,https://youtu.be/lGgYrydEoYo?t=4734,TRUE,,
弾き語り,弾き語り配信,2020/05/28,ぼなぺてぃーと♡S,ブレンド・A,https://youtu.be/lGgYrydEoYo?t=5140,TRUE,,
弾き語り,弾き語り配信,2020/05/28,Pretender,official髭男dism,https://youtu.be/lGgYrydEoYo?t=5659,TRUE,,
弾き語り,弾き語り配信,2020/06/01,バラライカ,月島きらり,https://youtu.be/srvKq_OYCQU?t=304,TRUE,,
弾き語り,弾き語り配信,2020/06/01,恋☆カナ,月島きらりstarring久住小春,https://youtu.be/srvKq_OYCQU?t=575,TRUE,,
弾き語り,弾き語り配信,2020/06/01,Ghost of a smile,EGOIST,https://youtu.be/srvKq_OYCQU?t=1083,TRUE,,
弾き語り,弾き語り配信,2020/06/01,創聖のアクエリオン,AKINO,https://youtu.be/srvKq_OYCQU?t=1723,TRUE,,
弾き語り,弾き語り配信,2020/06/01,カルマ,BUMP OF CHICKEN,https://youtu.be/srvKq_OYCQU?t=2240,TRUE,,
弾き語り,弾き語り配信,2020/06/01,irony,ClariS,https://youtu.be/srvKq_OYCQU?t=2720,TRUE,,
弾き語り,弾き語り配信,2020/06/01,D-tecnoLife,UVERworld,https://youtu.be/srvKq_OYCQU?t=3220,TRUE,,
弾き語り,弾き語り配信,2020/06/01,君じゃなきゃダメみたい,オーイシマサヨシ,https://youtu.be/srvKq_OYCQU?t=3900,TRUE,,
弾き語り,弾き語り配信,2020/06/01,ヒカリ,樹海,https://youtu.be/srvKq_OYCQU?t=4440,TRUE,,
弾き語り,弾き語り配信,2020/06/01,フローリア,佐香智久,https://youtu.be/srvKq_OYCQU?t=4936,TRUE,,
弾き語り,弾き語り配信,2020/06/01,僕の流れ星,佐香智久,https://youtu.be/srvKq_OYCQU?t=5243,TRUE,,
弾き語り,弾き語り配信,2020/06/01,一滴の影響,UVERworld,https://youtu.be/srvKq_OYCQU?t=5613,TRUE,,
弾き語り,弾き語り配信,2020/06/01,小さきもの,林明日香,https://youtu.be/srvKq_OYCQU?t=6492,TRUE,,
弾き語り,弾き語り配信,2020/06/03,白金ディスコ,井口裕香,https://youtu.be/Lq_gsNfB4tE?t=372,TRUE,,
弾き語り,弾き語り配信,2020/06/03,Love so sweet,嵐,https://youtu.be/Lq_gsNfB4tE?t=750,TRUE,,
弾き語り,弾き語り配信,2020/06/03,瞳をとじて,平井堅,https://youtu.be/Lq_gsNfB4tE?t=1177,TRUE,,
弾き語り,弾き語り配信,2020/06/03,My Dearest,supercell,https://youtu.be/Lq_gsNfB4tE?t=1610,TRUE,,
弾き語り,弾き語り配信,2020/06/03,キミソラキセキ,EGOIST,https://youtu.be/Lq_gsNfB4tE?t=2287,TRUE,,
弾き語り,弾き語り配信,2020/06/03,Perfect Day,supercell,https://youtu.be/Lq_gsNfB4tE?t=2613,TRUE,,
弾き語り,弾き語り配信,2020/06/03,The Over,UVERworld,https://youtu.be/Lq_gsNfB4tE?t=3170,TRUE,,
弾き語り,弾き語り配信,2020/06/03,七色シンフォニー,コアラモード.,https://youtu.be/Lq_gsNfB4tE?t=4224,TRUE,,
弾き語り,弾き語り配信,2020/06/03,エガオノキミヘ,三森すずこ,https://youtu.be/Lq_gsNfB4tE?t=4659,TRUE,,
弾き語り,弾き語り配信,2020/06/03,変わらないもの,奥華子,https://youtu.be/Lq_gsNfB4tE?t=5132,TRUE,,
弾き語り,弾き語り配信,2020/06/06,RAINBOW GIRL,となさ,https://youtu.be/wLRRvU94akM?t=313,TRUE,,
弾き語り,弾き語り配信,2020/06/06,SPiCa,とくP,https://youtu.be/wLRRvU94akM?t=546,TRUE,,
弾き語り,弾き語り配信,2020/06/06,サマータイムレコード,じん,https://youtu.be/wLRRvU94akM?t=1042,TRUE,,
弾き語り,弾き語り配信,2020/06/06,Fire◎Flower,halyosy,https://youtu.be/wLRRvU94akM?t=1425,TRUE,,
弾き語り,弾き語り配信,2020/06/06,夏の終わり、恋の始まり,すこっぷ,https://youtu.be/wLRRvU94akM?t=1803,TRUE,,
弾き語り,弾き語り配信,2020/06/06,Booo!,TOKOTOKO(西沢さんＰ),https://youtu.be/wLRRvU94akM?t=2224,TRUE,,
弾き語り,弾き語り配信,2020/06/06,フタリボシ,40mP,https://youtu.be/wLRRvU94akM?t=2440,TRUE,,
弾き語り,弾き語り配信,2020/06/06,（即興メドレー）,,https://youtu.be/wLRRvU94akM?t=2905,TRUE,,
弾き語り,弾き語り配信,2020/06/06,幽霊東京,Ayase,https://youtu.be/wLRRvU94akM?t=4027,TRUE,,
弾き語り,弾き語り配信,2020/06/06,Just a game,takamatt,https://youtu.be/wLRRvU94akM?t=4304,TRUE,,
弾き語り,弾き語り配信,2020/06/06,敗北の少年,kemu,https://youtu.be/wLRRvU94akM?t=4840,TRUE,,
"コラボ, カラオケ",公式番組,2020/06/09,YUME日和,島谷ひとみ,https://www.nicovideo.jp/watch/so37300790?from=2714,TRUE,,
"コラボ, カラオケ",公式番組,2020/06/09,小さきもの,林明日香,https://www.nicovideo.jp/watch/so37300790?from=3624,TRUE,,
弾き語り,弾き語り配信,2020/06/10,しおり,Aquq Timez,https://youtu.be/qn_tXrRH0LU?t=305,TRUE,,
弾き語り,弾き語り配信,2020/06/10,シンフォニー,牧野由依,https://youtu.be/qn_tXrRH0LU?t=1348,TRUE,,
弾き語り,弾き語り配信,2020/06/10,火炎,女王蜂,https://youtu.be/qn_tXrRH0LU?t=1730,TRUE,,
弾き語り,弾き語り配信,2020/06/10,らしさ,SUPER BEAVER,https://youtu.be/qn_tXrRH0LU?t=2214,TRUE,,
弾き語り,弾き語り配信,2020/06/10,イマジネーション,SPYAIR,https://youtu.be/qn_tXrRH0LU?t=2801,TRUE,,
弾き語り,弾き語り配信,2020/06/10,God knows...,涼宮ハルヒ,https://youtu.be/qn_tXrRH0LU?t=3297,TRUE,,
弾き語り,弾き語り配信,2020/06/10,オトモダチフィルム,オーイシマサヨシ,https://youtu.be/qn_tXrRH0LU?t=4098,TRUE,,
弾き語り,弾き語り配信,2020/06/10,All Alone With You,EGOIST,https://youtu.be/qn_tXrRH0LU?t=4283,TRUE,,
弾き語り,弾き語り配信,2020/06/10,ユメセカイ,戸松遥,https://youtu.be/qn_tXrRH0LU?t=4624,TRUE,,
弾き語り,弾き語り配信,2020/06/10,エウテルペ,EGOIST,https://youtu.be/qn_tXrRH0LU?t=5208,TRUE,,
弾き語り,弾き語り配信,2020/06/11,（即興メドレー）,,https://youtu.be/QenfuS3XzNE,TRUE,,
弾き語り,弾き語り配信,2020/06/14,君じゃなきゃダメみたい,オーイシマサヨシ,https://youtu.be/1uZsn_iutSw?t=94,TRUE,レヴィ・エリファ,
弾き語り,弾き語り配信,2020/06/14,青いベンチ,サスケ,https://youtu.be/1uZsn_iutSw?t=479,TRUE,レヴィ・エリファ,
弾き語り,弾き語り配信,2020/06/14,白日,King Gnu,https://youtu.be/1uZsn_iutSw?t=782,TRUE,レヴィ・エリファ,
弾き語り,弾き語り配信,2020/06/14,英雄,doa,https://www.youtube.com/live/1uZsn_iutSw?si=PxOgQTs21hZ_liSp&t=1295,FALSE,レヴィ・エリファ,
弾き語り,弾き語り配信,2020/06/14,CHANGE THE WORLD,V6,https://youtu.be/1uZsn_iutSw?t=1681,TRUE,レヴィ・エリファ,
弾き語り,弾き語り配信,2020/06/14,Pretender,Official髭男Dism,https://youtu.be/1uZsn_iutSw?t=2068,TRUE,レヴィ・エリファ,
弾き語り,弾き語り配信,2020/06/14,メリッサ,ポルノグラフィティ,https://youtu.be/1uZsn_iutSw?t=2954,TRUE,レヴィ・エリファ,
弾き語り,弾き語り配信,2020/06/14,僕が死のうと思ったのは,中島美嘉,https://www.youtube.com/live/1uZsn_iutSw?si=Qs_cScpwyXT_PueH&t=3297,FALSE,レヴィ・エリファ,
弾き語り,弾き語り配信,2020/06/14,火炎,女王蜂,https://www.youtube.com/live/1uZsn_iutSw?si=dft-BKuma4q490O5&t=3820,FALSE,レヴィ・エリファ,
弾き語り,弾き語り配信,2020/06/14,チチをもげ！,パルコ・フォルゴレ(高橋広樹),https://youtu.be/1uZsn_iutSw?t=4532,TRUE,レヴィ・エリファ,
弾き語り,弾き語り配信,2020/06/14,トイレの神様,植村花菜,https://www.youtube.com/live/1uZsn_iutSw?si=NM2znyoDku-M8PDB&t=4959,FALSE,レヴィ・エリファ,
弾き語り,弾き語り配信,2020/06/14,光るなら,Goose house,https://youtu.be/1uZsn_iutSw?t=5221,TRUE,レヴィ・エリファ,
弾き語り,弾き語り配信,2020/06/14,とびら開けて,神田沙也加、津田英佑,https://www.youtube.com/live/1uZsn_iutSw?si=0IOL-HqRFCRas3V3&t=5688,TRUE,レヴィ・エリファ,
弾き語り,弾き語り配信,2020/06/14,君の知らない物語,supercell,https://www.youtube.com/live/1uZsn_iutSw?si=pk8u1k6tdbQSubKi&t=6139,FALSE,レヴィ・エリファ,
弾き語り,弾き語り配信,2020/06/14,Butter-Fly,和田光司,https://youtu.be/1uZsn_iutSw?t=6729,TRUE,レヴィ・エリファ,
弾き語り,弾き語り配信,2020/06/17,いつも何度でも,木村弓,https://youtu.be/mLxchYqT5zc?t=305,TRUE,,
弾き語り,弾き語り配信,2020/06/17,タイヨウのうた,Kaoru Amane,https://youtu.be/mLxchYqT5zc?t=660,TRUE,,
弾き語り,弾き語り配信,2020/06/17,雪の華,中島美嘉,https://youtu.be/mLxchYqT5zc?t=1019,TRUE,,
弾き語り,弾き語り配信,2020/06/17,粉雪,レミオロメン,https://youtu.be/mLxchYqT5zc?t=1535,TRUE,,
弾き語り,弾き語り配信,2020/06/17,涙そうそう,夏川りみ,https://youtu.be/mLxchYqT5zc?t=1963,TRUE,,
弾き語り,弾き語り配信,2020/06/17,少年時代,井上陽水,https://youtu.be/mLxchYqT5zc?t=2242,TRUE,,
弾き語り,弾き語り配信,2020/06/17,大きな古時計,平井堅,https://youtu.be/mLxchYqT5zc?t=2597,TRUE,,
弾き語り,弾き語り配信,2020/06/17,ポケットにファンタジー,さち＆じゅり,https://youtu.be/mLxchYqT5zc?t=3070,TRUE,,
弾き語り,弾き語り配信,2020/06/17,ひとりぼっちじゃない,coba&宮沢和史,https://youtu.be/mLxchYqT5zc?t=3288,TRUE,,
弾き語り,弾き語り配信,2020/06/17,うたかた花火,supercell,https://youtu.be/mLxchYqT5zc?t=3532,TRUE,,
弾き語り,弾き語り配信,2020/06/17,シルシ,LiSA,https://youtu.be/mLxchYqT5zc?t=3970,TRUE,,
弾き語り,弾き語り配信,2020/06/29,月光花,Janne Da Arc,https://youtu.be/mFcBjVVf8D4?t=1298,TRUE,,
弾き語り,弾き語り配信,2020/06/29,楽園都市,オーイシマサヨシ,https://youtu.be/mFcBjVVf8D4?t=1781,TRUE,,
弾き語り,弾き語り配信,2020/06/29,Snow halation,μ's,https://youtu.be/mFcBjVVf8D4?t=2131,TRUE,,
弾き語り,弾き語り配信,2020/06/29,ロメオ,LIP×LIP,https://youtu.be/mFcBjVVf8D4?t=2669,TRUE,,
弾き語り,弾き語り配信,2020/06/29,Cross Over,9nine,https://youtu.be/mFcBjVVf8D4?t=3039,TRUE,,
弾き語り,弾き語り配信,2020/06/29,カタオモイ,Aimer,https://youtu.be/mFcBjVVf8D4?t=3468,TRUE,,
弾き語り,弾き語り配信,2020/06/29,ファンサ,mona,https://youtu.be/mFcBjVVf8D4?t=3652,TRUE,,
弾き語り,弾き語り配信,2020/06/29,桜のあと,UNISON SQUARE GARDEN,https://youtu.be/mFcBjVVf8D4?t=4073,TRUE,,
弾き語り,弾き語り配信,2020/06/29,ガーネット,奥華子,https://youtu.be/mFcBjVVf8D4?t=4739,TRUE,,
弾き語り,弾き語り配信,2020/06/29,涙のキッス,サザンオールスターズ,https://youtu.be/mFcBjVVf8D4?t=5157,TRUE,,
弾き語り,弾き語り配信,2020/06/30,ワールドランプシェード,buzzG,https://youtu.be/MQtHvQNPr64?t=519,TRUE,,
弾き語り,弾き語り配信,2020/06/30,花に亡霊,ヨルシカ,https://youtu.be/MQtHvQNPr64?t=1074,TRUE,,
弾き語り,弾き語り配信,2020/06/30,だから僕は音楽をやめた,ヨルシカ,https://youtu.be/MQtHvQNPr64?t=1368,TRUE,,
弾き語り,弾き語り配信,2020/06/30,二息歩行,DECO*27,https://youtu.be/MQtHvQNPr64?t=1920,TRUE,,
弾き語り,弾き語り配信,2020/06/30,ヒバナ,DECO*27,https://youtu.be/MQtHvQNPr64?t=2154,TRUE,,
弾き語り,弾き語り配信,2020/06/30,君色に染まる,TOKOTOKO(西沢さんP),https://youtu.be/MQtHvQNPr64?t=2533,TRUE,,
弾き語り,弾き語り配信,2020/06/30,"One More Time,One More Chance",山崎まさよし,https://youtu.be/MQtHvQNPr64?t=3586,TRUE,,
弾き語り,弾き語り配信,2020/06/30,眠り姫,SEKAI NO OWARI,https://youtu.be/MQtHvQNPr64?t=3986,TRUE,,
弾き語り,弾き語り配信,2020/06/30,奏,スキマスイッチ,https://youtu.be/MQtHvQNPr64?t=4394,TRUE,,
弾き語り,弾き語り配信,2020/06/30,Just Be Friends,Dixie Flatline,https://youtu.be/MQtHvQNPr64?t=5074,TRUE,,
弾き語り,弾き語り配信,2020/06/30,ペダルハート,DECO*27,https://youtu.be/MQtHvQNPr64?t=5956,TRUE,,
弾き語り,弾き語り配信,2020/06/30,夢地図,40mP,https://youtu.be/MQtHvQNPr64?t=6743,TRUE,,
弾き語り,弾き語り配信,2020/06/30,U&I,放課後ティータイム,https://youtu.be/MQtHvQNPr64?t=7046,TRUE,,
弾き語り,弾き語り配信,2020/06/30,やらないか(バラライカ),いさじ,https://youtu.be/MQtHvQNPr64?t=7501,TRUE,,
弾き語り,弾き語り配信,2020/07/02,only my railgun,fripSide,https://youtu.be/lPtQqF3onf4?t=472,TRUE,,
弾き語り,弾き語り配信,2020/07/02,宿命,Official髭男dism,https://youtu.be/lPtQqF3onf4?t=895,TRUE,,
弾き語り,弾き語り配信,2020/07/02,Teenager Forever,King Gnu,https://youtu.be/lPtQqF3onf4?t=1261,TRUE,,
弾き語り,弾き語り配信,2020/07/02,COLORS,FIOW,https://youtu.be/lPtQqF3onf4?t=1465,TRUE,,
弾き語り,弾き語り配信,2020/07/02,Colors of the Heart,UVERworld,https://youtu.be/lPtQqF3onf4?t=1763,TRUE,,
弾き語り,弾き語り配信,2020/07/02,裏切りの夕焼け,THEATER BROOK,https://youtu.be/lPtQqF3onf4?t=2235,TRUE,,
弾き語り,弾き語り配信,2020/07/02,（即興メドレー）,,https://youtu.be/lPtQqF3onf4?t=2686,TRUE,,
弾き語り,弾き語り配信,2020/07/02,アムリタ,牧野由依,https://youtu.be/lPtQqF3onf4?t=4186,TRUE,,
弾き語り,弾き語り配信,2020/07/02,カサブタ,千綿ヒデノリ,https://youtu.be/lPtQqF3onf4?t=4580,TRUE,,
弾き語り,弾き語り配信,2020/07/02,The Biggest Dreamer,和田光司,https://youtu.be/lPtQqF3onf4?t=4835,TRUE,,
弾き語り,弾き語り配信,2020/07/02,そばかす,JUDY AND MARY,https://youtu.be/lPtQqF3onf4?t=5322,TRUE,,
弾き語り,弾き語り配信,2020/07/02,アドバンス・アドベンチャー,GARDEN,https://youtu.be/lPtQqF3onf4?t=5711,TRUE,,
弾き語り,弾き語り配信,2020/07/02,Together,あきよしふみえ,https://youtu.be/lPtQqF3onf4?t=6029,TRUE,,
弾き語り,弾き語り配信,2020/07/02,ポケットにファンタジー,さち&じゅり,https://youtu.be/lPtQqF3onf4?t=6306,TRUE,,
弾き語り,弾き語り配信,2020/07/02,夏夕空,中孝介,https://youtu.be/lPtQqF3onf4?t=7229,TRUE,,
弾き語り,弾き語り配信,2020/07/02,ウィーアー！,きただにひろし,https://youtu.be/lPtQqF3onf4?t=7772,TRUE,,
弾き語り,弾き語り配信,2020/07/02,真赤な誓い,福山芳樹,https://youtu.be/lPtQqF3onf4?t=8417,TRUE,,
弾き語り,弾き語り配信,2020/07/04,キューティーハニー,前川陽子,https://youtu.be/1RsodbFU7Fw?t=357,TRUE,,
弾き語り,弾き語り配信,2020/07/04,シリウス,藍井エイル,https://youtu.be/1RsodbFU7Fw?t=562,TRUE,,
弾き語り,弾き語り配信,2020/07/04,空色デイズ,中川翔子,https://youtu.be/1RsodbFU7Fw?t=980,TRUE,,
弾き語り,弾き語り配信,2020/07/04,あんなに一緒だったのに,See-Saw,https://youtu.be/1RsodbFU7Fw?t=1601,TRUE,,
弾き語り,弾き語り配信,2020/07/04,unravel,TK from 凛として時雨,https://youtu.be/1RsodbFU7Fw?t=2313,TRUE,,
弾き語り,弾き語り配信,2020/07/04,フリージア,Uru,https://youtu.be/1RsodbFU7Fw?t=2592,TRUE,,
弾き語り,弾き語り配信,2020/07/04,創傷イノセンス,内田真礼,https://youtu.be/1RsodbFU7Fw?t=2928,TRUE,,
弾き語り,弾き語り配信,2020/07/04,コネクト,ClariS,https://youtu.be/1RsodbFU7Fw?t=3518,TRUE,,
弾き語り,弾き語り配信,2020/07/04,oath sign,LiSA,https://youtu.be/1RsodbFU7Fw?t=3893,TRUE,,
弾き語り,弾き語り配信,2020/07/04,Catch the Moment,LiSA,https://youtu.be/1RsodbFU7Fw?t=4238,TRUE,,
弾き語り,弾き語り配信,2020/07/04,ずっと,佐香智久,https://youtu.be/1RsodbFU7Fw?t=4674,TRUE,,
弾き語り,弾き語り配信,2020/07/04,シュガーソングとビターステップ,UNISON SQUARE GARDEN,https://youtu.be/1RsodbFU7Fw?t=5377,TRUE,,
弾き語り,弾き語り配信,2020/07/04,Q&Aリサイタル,戸松遥,https://youtu.be/1RsodbFU7Fw?t=5806,TRUE,,
弾き語り,弾き語り配信,2020/07/04,境界の彼方,茅原実里,https://youtu.be/1RsodbFU7Fw?t=6140,TRUE,,
弾き語り,弾き語り配信,2020/07/04,小さきもの,林明日香,https://youtu.be/1RsodbFU7Fw?t=6504,TRUE,,
弾き語り,弾き語り配信,2020/07/07,君の知らない物語,supercell,https://youtu.be/eiJXPpW0cjY?t=428,TRUE,,
弾き語り,弾き語り配信,2020/07/07,ホシアイ,レフティモンスターP,https://youtu.be/eiJXPpW0cjY?t=874,TRUE,,
弾き語り,弾き語り配信,2020/07/07,ほうき星,ユンナ,https://youtu.be/eiJXPpW0cjY?t=1334,TRUE,,
弾き語り,弾き語り配信,2020/07/07,オリオンをなぞる,UNISON SQUARE GAREN,https://youtu.be/eiJXPpW0cjY?t=1620,TRUE,,
弾き語り,弾き語り配信,2020/07/07,プラネタリウム,大塚愛,https://youtu.be/eiJXPpW0cjY?t=2042,TRUE,,
弾き語り,弾き語り配信,2020/07/07,東京サマーセッション,HoneyWorks,https://youtu.be/eiJXPpW0cjY?t=2528,TRUE,,
弾き語り,弾き語り配信,2020/07/07,星屑のインターリュード,fhana,https://youtu.be/eiJXPpW0cjY?t=2948,TRUE,,
弾き語り,弾き語り配信,2020/07/07,天体観測,BUMP OF CHICKEN,https://youtu.be/eiJXPpW0cjY?t=3422,TRUE,,
弾き語り,弾き語り配信,2020/07/07,オツキミリサイタル,じん,https://youtu.be/eiJXPpW0cjY?t=3801,TRUE,,
弾き語り,弾き語り配信,2020/07/07,星が瞬くこんな夜に,supercell,https://youtu.be/eiJXPpW0cjY?t=4232,TRUE,,
弾き語り,弾き語り配信,2020/07/07,風になる,つじあやの,https://youtu.be/eiJXPpW0cjY?t=5505,TRUE,,
弾き語り,弾き語り配信,2020/07/07,決意の朝に,Aqua Timez,https://youtu.be/eiJXPpW0cjY?t=6206,TRUE,,
弾き語り,弾き語り配信,2020/07/09,世界は恋に落ちている,CHiCO with HoneyWorks,https://youtu.be/Udz-pfPN7GE?t=409,TRUE,,
弾き語り,弾き語り配信,2020/07/09,帰り道,八九寺真宵,https://youtu.be/Udz-pfPN7GE?t=824,TRUE,,
弾き語り,弾き語り配信,2020/07/09,staple stable,戦場ヶ原ひたぎ,https://youtu.be/Udz-pfPN7GE?t=1183,TRUE,,
弾き語り,弾き語り配信,2020/07/09,白金ディスコ,阿良々木月火,https://youtu.be/Udz-pfPN7GE?t=1981,TRUE,,
弾き語り,弾き語り配信,2020/07/09,深愛,水樹奈々,https://youtu.be/Udz-pfPN7GE?t=2826,TRUE,,
弾き語り,弾き語り配信,2020/07/09,PHANTOM MINDS,水樹奈々,https://youtu.be/Udz-pfPN7GE?t=3297,TRUE,,
弾き語り,弾き語り配信,2020/07/09,ETERNAL BLAZE,水樹奈々,https://youtu.be/Udz-pfPN7GE?t=3546,TRUE,,
弾き語り,弾き語り配信,2020/07/09,innocent starter,水樹奈々,https://youtu.be/Udz-pfPN7GE?t=3740,TRUE,,
弾き語り,弾き語り配信,2020/07/09,ピースサイン,米津玄師,https://youtu.be/Udz-pfPN7GE?t=3923,TRUE,,
弾き語り,弾き語り配信,2020/07/09,ハートリアライズ,Tia,https://youtu.be/Udz-pfPN7GE?t=4250,TRUE,,
弾き語り,弾き語り配信,2020/07/09,No More Time Machine,LiSA,https://youtu.be/Udz-pfPN7GE?t=4615,TRUE,,
弾き語り,弾き語り配信,2020/07/09,未来地図,ST☆RISH,https://youtu.be/Udz-pfPN7GE?t=5238,TRUE,,
弾き語り,弾き語り配信,2020/07/09,フラワー,KinKi Kids,https://youtu.be/Udz-pfPN7GE?t=5566,TRUE,,
弾き語り,弾き語り配信,2020/07/11,丸の内サディスティック,椎名林檎,https://youtu.be/CFLr0zU4exo?t=364,TRUE,,
弾き語り,弾き語り配信,2020/07/11,盲目の宇宙飛行士,yukkedoluce(黒髪ストロングP),https://youtu.be/CFLr0zU4exo?t=696,TRUE,,
弾き語り,弾き語り配信,2020/07/11,天ノ弱,164,https://youtu.be/CFLr0zU4exo?t=1202,TRUE,,
弾き語り,弾き語り配信,2020/07/11,恋愛裁判,40mP,https://youtu.be/CFLr0zU4exo?t=1519,TRUE,,
弾き語り,弾き語り配信,2020/07/11,夢灯籠,RADWIMPS,https://youtu.be/CFLr0zU4exo?t=1867,TRUE,,
弾き語り,弾き語り配信,2020/07/11,前前前世,RADWIMPS,https://youtu.be/CFLr0zU4exo?t=2026,TRUE,,
弾き語り,弾き語り配信,2020/07/11,なんでもないや,RADWIMPS,https://youtu.be/CFLr0zU4exo?t=2384,TRUE,,
弾き語り,弾き語り配信,2020/07/11,祝祭,RADWIMPS,https://youtu.be/CFLr0zU4exo?t=2778,TRUE,,
弾き語り,弾き語り配信,2020/07/11,グランドエスケープ,RADWIMPS,https://youtu.be/CFLr0zU4exo?t=2971,TRUE,,
弾き語り,弾き語り配信,2020/07/11,"One more time,One more chance",山崎まさよし,https://youtu.be/CFLr0zU4exo?t=3673,TRUE,,
弾き語り,弾き語り配信,2020/07/11,Hello Goodbye&Hello,熊木杏里,https://youtu.be/CFLr0zU4exo?t=4083,TRUE,,
弾き語り,弾き語り配信,2020/07/11,てあらいうがいの歌,名取さな、健屋花那,https://youtu.be/CFLr0zU4exo?t=4941,TRUE,,
弾き語り,弾き語り配信,2020/07/11,さなのおうた。,名取さな,https://youtu.be/CFLr0zU4exo?t=5353,TRUE,,
弾き語り,弾き語り配信,2020/07/11,愛言葉,DECO*27,https://youtu.be/CFLr0zU4exo?t=5815,TRUE,,
音源協力,音源提供・MIX,2020/07/12,milk boy,SILENT SIREN,https://x.com/FumiVirtual/status/1282214628831846401,FALSE,フミ,
音源協力,音源提供・MIX,2020/07/12,milk boy,SILENT SIREN,https://x.com/Sara_Hoshikawa/status/1282214690693672960,FALSE,星川サラ,
音源協力,音源提供,2020/07/12,milk boy,SILENT SIREN,https://x.com/Karuta_Yamagami/status/1282214635366539266,FALSE,山神カルタ,
弾き語り,,,God knows...,涼宮ハルヒ,https://youtu.be/jveTu2YvXIM?t=4415,,,
弾き語り,,,Pretender,official髭男dism,https://youtu.be/jveTu2YvXIM?t=5068,,,
弾き語り,,,青いベンチ,サスケ,https://youtu.be/jveTu2YvXIM?t=5635,,,
弾き語り,,,Butter-Fly,和田光司,https://youtu.be/jveTu2YvXIM?t=6038,,,
弾き語り,,,火炎,女王蜂,https://youtu.be/jveTu2YvXIM?t=6503,,,
弾き語り,,,青春アミーゴ,修二と彰,https://youtu.be/jveTu2YvXIM?t=7086,,,
弾き語り,,,GO!!!,FLOW,https://youtu.be/jveTu2YvXIM?t=7539,,,
弾き語り,VΔLZオフ歌枠,2020/07/12,☆勇気100%,光GENGI,https://youtu.be/5UJcAmXxKG8?t=41,,,
弾き語り,,,群青日和,東京事変,https://youtu.be/5UJcAmXxKG8?t=659,,,
弾き語り,VΔLZオフ歌枠,2020/07/12,プライド革命,"HoneyWorks feat.sana,CHICO",https://youtu.be/5UJcAmXxKG8?t=1110,,,
弾き語り,,,カタオモイ,Aimer,https://youtu.be/5UJcAmXxKG8?t=1525,,,
弾き語り,VΔLZオフ歌枠,2020/07/12,☆secret base〜君がくれたもの〜,ZONE,https://youtu.be/5UJcAmXxKG8?t=1946,,,
弾き語り,VΔLZオフ歌枠,2020/07/12,地球最後の告白を,kemu,https://youtu.be/5UJcAmXxKG8?t=2419,,,
弾き語り,VΔLZオフ歌枠,2020/07/12,☆カサブタ,千綿ヒデノリ,https://youtu.be/5UJcAmXxKG8?t=2875,,,
弾き語り,,,歌うたいのバラッド,斎藤和義,https://youtu.be/5UJcAmXxKG8?t=3221,,,
弾き語り,,,いいんですか,RADWIMPS,https://youtu.be/5UJcAmXxKG8?t=3855,,,
弾き語り,VΔLZオフ歌枠,2020/07/12,スパークル,RADWIMPS,https://youtu.be/5UJcAmXxKG8?t=4218,,,
弾き語り,VΔLZオフ歌枠,2020/07/12,☆ハレ晴レユカイ,涼宮ハルヒ 長門有希 朝比奈みくる,https://youtu.be/5UJcAmXxKG8?t=5105,,,
弾き語り,VΔLZオフ歌枠,2020/07/12,☆WINDING ROAD,絢香×コブクロ,https://youtu.be/5UJcAmXxKG8?t=5672,,,
弾き語り,VΔLZオフ歌枠,2020/07/12,硝子の少年,KinKi Kids,https://youtu.be/5UJcAmXxKG8?t=6078,,,
弾き語り,VΔLZオフ歌枠,2020/07/12,☆世界に一つだけの花,SMAP,https://youtu.be/5UJcAmXxKG8?t=6441,,,
弾き語り,,,花の名,BUMP OF CHICKEN,https://youtu.be/5UJcAmXxKG8?t=7023,,,
弾き語り,VΔLZオフ歌枠,2020/07/12,☆君の知らない物語,supercell,https://youtu.be/5UJcAmXxKG8?t=7420,,,
弾き語り,VΔLZオフ歌枠,2020/07/12,☆天使にふれたよ！,放課後ティータイム,https://youtu.be/5UJcAmXxKG8?t=7960,,,
弾き語り,弾き語り配信,2020/07/14,葛飾ラプソディー,堂島孝平,https://youtu.be/h3kAee-lr-Y?t=1145,TRUE,,
弾き語り,弾き語り配信,2020/07/14,花,ORANGERANGE,https://youtu.be/h3kAee-lr-Y?t=1422,TRUE,,
弾き語り,弾き語り配信,2020/07/14,ラヴ・パレード,ORANGERANGE,https://youtu.be/h3kAee-lr-Y?t=2045,TRUE,,
弾き語り,弾き語り配信,2020/07/14,お願いセニョリータ,ORANGERANGE,https://youtu.be/h3kAee-lr-Y?t=2205,TRUE,,
弾き語り,弾き語り配信,2020/07/14,抱いてセニョリータ,山下智久,https://youtu.be/h3kAee-lr-Y?t=2547,TRUE,,
弾き語り,弾き語り配信,2020/07/14,ビロードの闇,KinKi Kids,https://youtu.be/h3kAee-lr-Y?t=3481,TRUE,,
弾き語り,弾き語り配信,2020/07/14,Real Face,KAT-TUN,https://youtu.be/h3kAee-lr-Y?t=3860,TRUE,,
弾き語り,弾き語り配信,2020/07/14,僕のキモチ,WaT,https://youtu.be/h3kAee-lr-Y?t=4147,TRUE,,
弾き語り,弾き語り配信,2020/07/14,5センチ。,WaT,https://youtu.be/h3kAee-lr-Y?t=4285,TRUE,,
弾き語り,弾き語り配信,2020/07/14,My Generation,YUI,https://youtu.be/h3kAee-lr-Y?t=4528,TRUE,,
弾き語り,弾き語り配信,2020/07/14,newsong,Tacica,https://youtu.be/h3kAee-lr-Y?t=4986,TRUE,,
弾き語り,弾き語り配信,2020/07/14,明日への扉,I WiSH,https://youtu.be/h3kAee-lr-Y?t=5236,TRUE,,
弾き語り,その他配信,2020/07/16,やらないか(バラライカ),いさじ,https://youtu.be/QYyVjILHInU?t=20475,TRUE,,
弾き語り,弾き語り配信,2020/07/21,I am,hitomi,https://youtu.be/vrx3Q_GPsog?t=191,TRUE,,
弾き語り,弾き語り配信,2020/07/21,願い星,Snow*,https://youtu.be/vrx3Q_GPsog?t=921,TRUE,,
弾き語り,弾き語り配信,2020/07/21,First kiss,ICHIKO,https://youtu.be/vrx3Q_GPsog?t=1211,TRUE,,
弾き語り,弾き語り配信,2020/07/21,夏祭り,Whiteberry,https://youtu.be/vrx3Q_GPsog?t=1415,TRUE,,
弾き語り,弾き語り配信,2020/07/21,Crosswalk,鈴木みのり,https://youtu.be/vrx3Q_GPsog?t=1927,TRUE,,
弾き語り,弾き語り配信,2020/07/21,恋! ハレイション THE WAR,ワルキューレ,https://youtu.be/vrx3Q_GPsog?t=2415,TRUE,,
弾き語り,弾き語り配信,2020/07/21,GIRAFFE BLUES,ワルキューレ,https://youtu.be/vrx3Q_GPsog?t=2676,TRUE,,
弾き語り,弾き語り配信,2020/07/21,ダイアモンド クレバス,May'n,https://youtu.be/vrx3Q_GPsog?t=3829,TRUE,,
弾き語り,弾き語り配信,2020/07/21,はじまりの日,みなを,https://youtu.be/vrx3Q_GPsog?t=4056,TRUE,,
弾き語り,弾き語り配信,2020/07/21,白夜～True Light～,宮本駿一,https://youtu.be/vrx3Q_GPsog?t=4451,TRUE,,
弾き語り,弾き語り配信,2020/07/21,瞳をとじて,平井堅,https://youtu.be/vrx3Q_GPsog?t=5371,TRUE,,
弾き語り,弾き語り配信,2020/07/23,高嶺の花子さん,backnumber,https://youtu.be/NxuPTvbTJ04?t=2753,TRUE,,
弾き語り,弾き語り配信,2020/07/23,瞬き,backnumber,https://youtu.be/NxuPTvbTJ04?t=3120,TRUE,,
弾き語り,弾き語り配信,2020/07/23,Precious,伊藤由奈,https://youtu.be/NxuPTvbTJ04?t=3836,TRUE,,
弾き語り,弾き語り配信,2020/07/23,別の人の彼女になったよ,wacci,https://youtu.be/NxuPTvbTJ04?t=4398,TRUE,,
弾き語り,弾き語り配信,2020/07/23,恋,星野源,https://youtu.be/NxuPTvbTJ04?t=4792,TRUE,,
弾き語り,弾き語り配信,2020/07/23,島唄,THE BOOM,https://youtu.be/NxuPTvbTJ04?t=5357,TRUE,,
弾き語り,,,光,宇多田ヒカル,https://youtu.be/1h_GzdgyOOA?t=300,,,
弾き語り,,,Answer,FLOW,https://youtu.be/1h_GzdgyOOA?t=859,,,
弾き語り,,,Hey Jude,ビートルズ,https://youtu.be/1h_GzdgyOOA?t=1429,,,
弾き語り,,,サムライハート,SPYAIR,https://youtu.be/1h_GzdgyOOA?t=1993,,,
弾き語り,,,バクチ・ダンサー,DOES,https://youtu.be/1h_GzdgyOOA?t=2313,,,
弾き語り,,,ひとりぼっちじゃない,coba&宮沢和史,https://youtu.be/1h_GzdgyOOA?t=2753,,,
弾き語り,,,愛のかたまり,KinKi Kids,https://youtu.be/1h_GzdgyOOA?t=3912,,,
弾き語り,,,サイレントマジョリティー,欅坂46,https://youtu.be/1h_GzdgyOOA?t=4642,,,
弾き語り,,,God knows...,涼宮ハルヒ,https://youtu.be/1h_GzdgyOOA?t=4930,,,
弾き語り,弾き語り配信,2020/07/25,GO MY WAY!!,天海春香(中村繪里子),https://youtu.be/wKG_yHwsCQk?t=259,TRUE,,
弾き語り,弾き語り配信,2020/07/25,エヴリデイドリーム,佐久間まゆ(牧野由依),https://youtu.be/wKG_yHwsCQk?t=650,TRUE,,
弾き語り,弾き語り配信,2020/07/25,キラメキラリ,高槻やよい(仁後真耶子),https://youtu.be/wKG_yHwsCQk?t=829,TRUE,,
弾き語り,弾き語り配信,2020/07/25,空,音無小鳥(滝田樹里),https://youtu.be/wKG_yHwsCQk?t=1061,TRUE,,
弾き語り,弾き語り配信,2020/07/25,READY!!,765PRO ALLSTARS,https://youtu.be/wKG_yHwsCQk?t=1615,TRUE,,
弾き語り,弾き語り配信,2020/07/25,恋色エナジー,中野有香(下地紫野),https://youtu.be/wKG_yHwsCQk?t=2162,TRUE,,
弾き語り,弾き語り配信,2020/07/25,アイドル活動!,わか・ふうり・すなお from STAR☆ANIS,https://youtu.be/wKG_yHwsCQk?t=3118,TRUE,,
弾き語り,弾き語り配信,2020/07/25,シュガーソングとビターステップ,UNISON SQUARE GARADEN,https://youtu.be/wKG_yHwsCQk?t=3981,TRUE,,
弾き語り,弾き語り配信,2020/07/25,マジLOVE1000%,STA☆RISH,https://youtu.be/wKG_yHwsCQk?t=4377,TRUE,,
弾き語り,弾き語り配信,2020/07/25,MANKAI☆開花宣言,A3ders!,https://youtu.be/wKG_yHwsCQk?t=4510,TRUE,,
弾き語り,弾き語り配信,2020/07/25,言わないけどね。,大原ゆい子,https://youtu.be/wKG_yHwsCQk?t=4882,TRUE,,
弾き語り,弾き語り配信,2020/07/25,女の子になりたい,まふまふ,https://youtu.be/wKG_yHwsCQk?t=5120,TRUE,,
弾き語り,弾き語り配信,2020/07/25,香水,瑛人,https://youtu.be/wKG_yHwsCQk?t=5285,TRUE,,
弾き語り,弾き語り配信,2020/07/25,さよならメモリーズ,supercell,https://youtu.be/wKG_yHwsCQk?t=6465,TRUE,,
弾き語り,弾き語り配信,2020/07/25,しわ,buzzG,https://youtu.be/wKG_yHwsCQk?t=6945,TRUE,,
弾き語り,弾き語り配信,2020/07/25,S(mile)ING,島村卯月(大橋彩香),https://youtu.be/wKG_yHwsCQk?t=7452,TRUE,,
弾き語り,弾き語り配信,2020/08/01,千の夜をこえて,Aqua Timez,https://youtu.be/rItn1KOz5Fs?t=284,TRUE,,
弾き語り,弾き語り配信,2020/08/01,花に亡霊,ヨルシカ,https://youtu.be/rItn1KOz5Fs?t=893,TRUE,,
弾き語り,弾き語り配信,2020/08/01,小さきもの,林明日香,https://youtu.be/rItn1KOz5Fs?t=1283,TRUE,,
弾き語り,弾き語り配信,2020/08/01,耳の聞こえなくなった恋人とそのうたうたい,大石昌良,https://youtu.be/rItn1KOz5Fs?t=1802,TRUE,,
弾き語り,弾き語り配信,2020/08/01,カブトムシ,Aiko,https://youtu.be/rItn1KOz5Fs?t=2239,TRUE,,
弾き語り,弾き語り配信,2020/08/01,生きてこそ,Kiroro,https://youtu.be/rItn1KOz5Fs?t=2832,TRUE,,
弾き語り,弾き語り配信,2020/08/01,ENDLESS STORY,REIRA starring YUNA ITO,https://youtu.be/rItn1KOz5Fs?t=3187,TRUE,,
弾き語り,弾き語り配信,2020/08/01,真夏の果実,サザンオールスターズ,https://youtu.be/rItn1KOz5Fs?t=4044,TRUE,,
弾き語り,弾き語り配信,2020/08/01,Pretender,Official髭男dism,https://youtu.be/rItn1KOz5Fs?t=5401,TRUE,,
弾き語り,弾き語り配信,2020/08/01,完熟ソクラテス,甲斐田晴 feat.リスナー,https://youtu.be/rItn1KOz5Fs?t=5969,TRUE,,
弾き語り,VΔLZオフ歌枠,2020/08/02,ウィーアー!,きただにひろし,https://youtu.be/7md7v9hG61o?t=73,,,
弾き語り,VΔLZオフ歌枠,2020/08/02,夏祭り,Whiteberry,https://youtu.be/7md7v9hG61o?t=543,,,
弾き語り,,,ヒーロー,supercell,https://youtu.be/7md7v9hG61o?t=1242,,,
弾き語り,,,キューティーハニー,前川陽子,https://youtu.be/7md7v9hG61o?t=1824,,,
弾き語り,VΔLZオフ歌枠,2020/08/02,決意の朝に,Aqua Timez,https://youtu.be/7md7v9hG61o?t=2292,,,
弾き語り,VΔLZオフ歌枠,2020/08/02,☆アドバンス・アドベンチャー,GARDEN,https://youtu.be/7md7v9hG61o?t=2964,,,
弾き語り,,,修羅,DOES,https://youtu.be/7md7v9hG61o?t=3508,,,
弾き語り,VΔLZオフ歌枠,2020/08/02,☆TRAIN-TRAIN,THE BLUE HEARTS,https://youtu.be/7md7v9hG61o?t=5323,,,
弾き語り,VΔLZオフ歌枠,2020/08/02,My Dearest,supercell,https://youtu.be/7md7v9hG61o?t=5827,,,
弾き語り,,,完全感覚Dreamer,ONE OK LOCK,https://youtu.be/7md7v9hG61o?t=6364,,,
弾き語り,VΔLZオフ歌枠,2020/08/02,シルシ,LiSA,https://youtu.be/7md7v9hG61o?t=6715,,,
弾き語り,VΔLZオフ歌枠,2020/08/02,完熟ソクラテス,甲斐田晴 feat.リスナー,https://youtu.be/7md7v9hG61o?t=7140,,,
弾き語り,VΔLZオフ歌枠,2020/08/02,☆天体観測,BUMP OF CHICKEN,https://youtu.be/7md7v9hG61o?t=7469,,,
弾き語り,VΔLZオフ歌枠,2020/08/02,ピースサイン,米津玄師,https://youtu.be/7md7v9hG61o?t=8013,,,
弾き語り,弾き語り配信,2020/08/04,フィクション,sumika,https://youtu.be/EuOTNjRpRtA?t=380,TRUE,,
弾き語り,弾き語り配信,2020/08/04,かくしん的☆めたもるふぉ～ぜっ！,土間うまる(田中あいみ),https://youtu.be/EuOTNjRpRtA?t=850,TRUE,,
弾き語り,弾き語り配信,2020/08/04,Lost my music,涼宮ハルヒ(平野綾),https://youtu.be/EuOTNjRpRtA?t=1159,TRUE,,
弾き語り,弾き語り配信,2020/08/04,青空のナミダ,高橋瞳,https://youtu.be/EuOTNjRpRtA?t=1608,TRUE,,
弾き語り,弾き語り配信,2020/08/04,僕たちの行方,高橋瞳,https://youtu.be/EuOTNjRpRtA?t=2053,TRUE,,
弾き語り,弾き語り配信,2020/08/04,ユキトキ,やなぎなぎ,https://youtu.be/EuOTNjRpRtA?t=2240,TRUE,,
弾き語り,弾き語り配信,2020/08/04,ゴールデンタイムラバー,スキマスイッチ,https://youtu.be/EuOTNjRpRtA?t=2582,TRUE,,
弾き語り,弾き語り配信,2020/08/04,レイメイ,さユり×MY FIRST STORY,https://youtu.be/EuOTNjRpRtA?t=2882,TRUE,,
弾き語り,弾き語り配信,2020/08/04,Catch the Moment,LiSA,https://youtu.be/EuOTNjRpRtA?t=3709,TRUE,,
弾き語り,弾き語り配信,2020/08/04,檄！帝国華撃団,真宮寺さくら(横山智佐)＆帝国歌劇団,https://youtu.be/EuOTNjRpRtA?t=4160,TRUE,,
弾き語り,弾き語り配信,2020/08/04,コンプレックス・イマージュ,彩音,https://youtu.be/EuOTNjRpRtA?t=4555,TRUE,,
弾き語り,弾き語り配信,2020/08/04,ガチャガチャきゅ～と・ふぃぎゅ＠メイト,MOSAIC.WAV,https://youtu.be/EuOTNjRpRtA?t=5019,TRUE,,
弾き語り,弾き語り配信,2020/08/04,撲殺天使ドクロちゃん,ドクロちゃん(千葉紗子),https://youtu.be/EuOTNjRpRtA?t=5397,TRUE,,
弾き語り,弾き語り配信,2020/08/04,寝・逃・げでリセット！,柊つかさ(福原香織),https://youtu.be/EuOTNjRpRtA?t=5561,TRUE,,
弾き語り,弾き語り配信,2020/08/04,ふわふわ時間,放課後ティータイム,https://youtu.be/EuOTNjRpRtA?t=5987,TRUE,,
弾き語り,メン限弾き語り,2020/08/11,（メン限）,,https://youtu.be/htV9nDgYNNk,TRUE,,
弾き語り,弾き語り配信,2020/08/15,First Love,宇多田ヒカル,https://youtu.be/lSHLgUYISbs?t=378,TRUE,,
弾き語り,弾き語り配信,2020/08/15,悲しみをやさしさに,little by little,https://youtu.be/lSHLgUYISbs?t=736,TRUE,,
弾き語り,弾き語り配信,2020/08/15,Little Wish ～lyrical step～,田村ゆかり,https://youtu.be/lSHLgUYISbs?t=988,TRUE,,
弾き語り,弾き語り配信,2020/08/15,瞬き,back number,https://youtu.be/lSHLgUYISbs?t=1362,TRUE,,
弾き語り,弾き語り配信,2020/08/15,THE OVER,UVERworld,https://youtu.be/lSHLgUYISbs?t=1785,TRUE,,
弾き語り,弾き語り配信,2020/08/15,ここにしか咲かない花,コブクロ,https://youtu.be/lSHLgUYISbs?t=2479,TRUE,,
弾き語り,弾き語り配信,2020/08/15,Stay Alive,エミリア(高橋李依),https://youtu.be/lSHLgUYISbs?t=2954,TRUE,,
弾き語り,弾き語り配信,2020/08/15,ぼうやの夢よ,エミリア(高橋李依),https://youtu.be/lSHLgUYISbs?t=3303,TRUE,,
弾き語り,弾き語り配信,2020/08/15,ナガレボシ,ROUND TABLE feat.Nino,https://youtu.be/lSHLgUYISbs?t=3596,TRUE,,
弾き語り,弾き語り配信,2020/08/15,恋,奥華子,https://youtu.be/lSHLgUYISbs?t=4023,TRUE,,
弾き語り,弾き語り配信,2020/08/15,小さな掌,Aqua Timez,https://youtu.be/lSHLgUYISbs?t=4630,TRUE,,
弾き語り,弾き語り配信,2020/08/15,Ghost of a smile,EGOIST,https://youtu.be/lSHLgUYISbs?t=5036,TRUE,,
弾き語り,弾き語り配信,2020/08/22,"夏色えがおで1,2,Jump!",μ's,https://youtu.be/ucukIt91Nxw?t=338,TRUE,,
弾き語り,弾き語り配信,2020/08/22,ヒャダインのカカカタ☆カタオモイ-C,ヒャダイン,https://youtu.be/ucukIt91Nxw?t=741,TRUE,,
弾き語り,弾き語り配信,2020/08/22,secret base～君がくれたもの～,ZONE,https://youtu.be/ucukIt91Nxw?t=840,TRUE,,
弾き語り,弾き語り配信,2020/08/22,ガーネット,奥華子,https://youtu.be/ucukIt91Nxw?t=1624,TRUE,,
弾き語り,弾き語り配信,2020/08/22,イマジネーション,SPYAIR,https://youtu.be/ucukIt91Nxw?t=2018,TRUE,,
弾き語り,弾き語り配信,2020/08/22,少年時代,井上陽水,https://youtu.be/ucukIt91Nxw?t=2322,TRUE,,
弾き語り,弾き語り配信,2020/08/22,ハナミズキ,一青窈,https://youtu.be/ucukIt91Nxw?t=2954,TRUE,,
弾き語り,弾き語り配信,2020/08/22,さくらんぼ,大塚愛,https://youtu.be/ucukIt91Nxw?t=3386,TRUE,,
弾き語り,弾き語り配信,2020/08/22,紅蓮華,LiSA,https://youtu.be/ucukIt91Nxw?t=3732,TRUE,,
弾き語り,弾き語り配信,2020/08/22,天使にふれたよ！,放課後ティータイム,https://youtu.be/ucukIt91Nxw?t=4091,TRUE,,
弾き語り,その他配信,2020/08/31,COSMOS,ミマス,https://youtu.be/_XlYa4NN8qU?t=4580,TRUE,,
弾き語り,弾き語り配信,2020/09/01,サマータイムレコード,じん,https://youtu.be/T4Ag23Xrei8?t=2102,TRUE,,
弾き語り,弾き語り配信,2020/09/01,キセキ,GreeeeN,https://youtu.be/T4Ag23Xrei8?t=2696,TRUE,,
弾き語り,歌枠,2020/09/07,完全感覚Dreamer,ONE OK ROCK,https://youtu.be/yd3Tt8T8nNA?t=108,TRUE,,
弾き語り,歌枠,2020/09/07,Real Face,KAT-TUN,https://youtu.be/yd3Tt8T8nNA?t=487,TRUE,,
弾き語り,歌枠,2020/09/07,メリッサ,ポルノグラフィティ,https://youtu.be/yd3Tt8T8nNA?t=806,TRUE,,
弾き語り,歌枠,2020/09/07,残酷な天使のテーゼ,高橋洋子,https://youtu.be/yd3Tt8T8nNA?t=1298,TRUE,,
弾き語り,歌枠,2020/09/07,プライド革命,CHiCO wirh HoneyWorks,https://youtu.be/yd3Tt8T8nNA?t=1550,TRUE,,
弾き語り,歌枠,2020/09/07,Love so sweet,嵐,https://youtu.be/yd3Tt8T8nNA?t=2031,TRUE,,
弾き語り,歌枠,2020/09/07,First Love,宇多田ヒカル,https://youtu.be/yd3Tt8T8nNA?t=2447,TRUE,,
弾き語り,歌枠,2020/09/07,瞳をとじて,平井堅,https://youtu.be/yd3Tt8T8nNA?t=2835,TRUE,,
弾き語り,歌枠,2020/09/07,God knows…,涼宮ハルヒ(平野綾),https://youtu.be/yd3Tt8T8nNA?t=3284,TRUE,,
弾き語り,歌枠,2020/09/07,Butter-Fly,和田光司,https://youtu.be/yd3Tt8T8nNA?t=3575,TRUE,,
弾き語り,歌枠,2020/09/07,風になる,つじあやの,https://youtu.be/yd3Tt8T8nNA?t=4006,TRUE,,
弾き語り,歌枠,2020/09/07,ハナミズキ,一青窈,https://youtu.be/yd3Tt8T8nNA?t=4309,TRUE,,
弾き語り,歌枠,2020/09/07,星間飛行,ランカ・リー(中島愛),https://youtu.be/yd3Tt8T8nNA?t=4756,TRUE,,
弾き語り,歌枠,2020/09/07,シュガーソングとビターステップ,UNISON SQUARE GARDEN,https://youtu.be/yd3Tt8T8nNA?t=5140,TRUE,,
弾き語り,歌枠,2020/09/07,君の知らない物語,supercell,https://youtu.be/yd3Tt8T8nNA?t=5631,TRUE,,
弾き語り,ツイキャス,2020/09/16,花に亡霊,ヨルシカ,https://twitcasting.tv/kaida_haru/movie/640973065,TRUE,,
弾き語り,ツイキャス,2020/09/16,小夜子,みきとP,https://twitcasting.tv/kaida_haru/movie/640973065,TRUE,,
弾き語り,ツイキャス,2020/09/16,幽霊東京,Ayase,https://twitcasting.tv/kaida_haru/movie/640973065,TRUE,,
弾き語り,ツイキャス,2020/09/16,夜に駆ける,YOASOBI,https://twitcasting.tv/kaida_haru/movie/640973065,TRUE,,
弾き語り,ツイキャス,2020/09/16,マリーゴールド,あいみょん,https://twitcasting.tv/kaida_haru/movie/640973065,TRUE,,
弾き語り,ツイキャス,2020/09/16,パンダヒーロー,ハチ,https://twitcasting.tv/kaida_haru/movie/640973065,TRUE,,
弾き語り,ツイキャス,2020/09/16,十面相,YM,https://twitcasting.tv/kaida_haru/movie/640973065,TRUE,,
弾き語り,ツイキャス,2020/09/16,STEP TO YOU,40mP,https://twitcasting.tv/kaida_haru/movie/640973065,TRUE,,
弾き語り,ツイキャス,2020/09/16,フタリボシ,40mP,https://twitcasting.tv/kaida_haru/movie/640973065,TRUE,,
弾き語り,ツイキャス,2020/09/16,スパークル,RADWIMPS,https://twitcasting.tv/kaida_haru/movie/640973065,TRUE,,
弾き語り,ツイキャス,2020/09/16,READY STEADY GO,rlL'Arc~en~Ciel,https://twitcasting.tv/kaida_haru/movie/640973065,TRUE,,
弾き語り,ツイキャス,2020/09/16,チューリングラブ,ナナヲアカリ,https://twitcasting.tv/kaida_haru/movie/640973065,TRUE,,
弾き語り,ツイキャス,2020/09/16,RAIN,SEKAI NO OWARI,https://twitcasting.tv/kaida_haru/movie/640973065,TRUE,,
弾き語り,弾き語り配信,2020/09/26,カサブタ,千綿ヒデノリ,https://youtu.be/CIHYiJPmaZQ?t=251,TRUE,,
弾き語り,弾き語り配信,2020/09/26,366日,HY,https://youtu.be/CIHYiJPmaZQ?t=538,TRUE,,
弾き語り,弾き語り配信,2020/09/26,気まぐれロマンティック,いきものがかり,https://youtu.be/CIHYiJPmaZQ?t=991,TRUE,,
弾き語り,弾き語り配信,2020/09/26,Departures～あなたにおくるアイの歌～,EGOIST,https://youtu.be/CIHYiJPmaZQ?t=1553,TRUE,,
弾き語り,弾き語り配信,2020/09/26,Brave Shine,Aimer,https://youtu.be/CIHYiJPmaZQ?t=1935,TRUE,,
弾き語り,弾き語り配信,2020/09/26,月光花,Janne Da Arc,https://youtu.be/CIHYiJPmaZQ?t=2473,TRUE,,
弾き語り,弾き語り配信,2020/09/26,ALONES,Aqua Timez,https://youtu.be/CIHYiJPmaZQ?t=3411,TRUE,,
弾き語り,弾き語り配信,2020/09/26,青と夏,Mrs.GREEN APPLE,https://youtu.be/CIHYiJPmaZQ?t=3801,TRUE,,
弾き語り,弾き語り配信,2020/09/26,ファンファーレ,sumika,https://youtu.be/CIHYiJPmaZQ?t=4316,TRUE,,
弾き語り,弾き語り配信,2020/09/26,シルエット,KANA-BOON,https://youtu.be/CIHYiJPmaZQ?t=4572,TRUE,,
弾き語り,弾き語り配信,2020/09/26,Sincerely,TRUE,https://youtu.be/CIHYiJPmaZQ?t=5274,TRUE,,
弾き語り,歌枠,2020/09/27,一滴の影響,UVERworld,https://youtu.be/8d0AXAoSXcM?t=56,TRUE,,
弾き語り,歌枠,2020/09/27,限界突破×サバイバー,氷川きよし,https://youtu.be/8d0AXAoSXcM?t=373,TRUE,,
弾き語り,,2020/09/27,リリリリ★バーニングナイト,samfree,,TRUE,,
弾き語り,歌枠,2020/09/27,海色,AKINA from bless4,https://youtu.be/8d0AXAoSXcM?t=750,TRUE,,
弾き語り,歌枠,2020/09/27,紅蓮華,LiSA,https://youtu.be/8d0AXAoSXcM?t=1021,TRUE,,
弾き語り,歌枠,2020/09/27,イマジネーション,SPYAIR,https://youtu.be/8d0AXAoSXcM?t=1345,TRUE,,
弾き語り,弾き語り配信,2020/09/30,ガーネット,奥華子,https://youtu.be/X94JvvdQqOc?t=347,TRUE,,
弾き語り,弾き語り配信,2020/09/30,らいおんハート,SMAP,https://youtu.be/X94JvvdQqOc?t=770,TRUE,,
弾き語り,弾き語り配信,2020/09/30,インフェルノ,Mrs.GREEN APPLE,https://youtu.be/X94JvvdQqOc?t=1068,TRUE,,
弾き語り,弾き語り配信,2020/09/30,アムリタ,牧野由依,https://youtu.be/X94JvvdQqOc?t=1249,TRUE,,
弾き語り,弾き語り配信,2020/09/30,ひまわりの約束,秦基博,https://youtu.be/X94JvvdQqOc?t=2879,TRUE,,
弾き語り,弾き語り配信,2020/09/30,Rain,秦基博,https://youtu.be/X94JvvdQqOc?t=2162,TRUE,,
弾き語り,弾き語り配信,2020/09/30,虹,二宮和也,https://youtu.be/X94JvvdQqOc?t=2454,TRUE,,
弾き語り,弾き語り配信,2020/09/30,風が吹く街,ラックライフ,https://youtu.be/X94JvvdQqOc?t=2909,TRUE,,
弾き語り,弾き語り配信,2020/09/30,サニーデイ,ラックライフ,https://youtu.be/X94JvvdQqOc?t=3459,TRUE,,
弾き語り,弾き語り配信,2020/09/30,金曜日のおはよう,HoneyWorks,https://youtu.be/X94JvvdQqOc?t=4051,TRUE,,
弾き語り,弾き語り配信,2020/10/01,君じゃなきゃダメみたい,オーイシマサヨシ,https://youtu.be/UO8X3bhDvGs?t=259,TRUE,,
弾き語り,弾き語り配信,2020/10/01,ヒトリゴト,ClariS,https://youtu.be/UO8X3bhDvGs?t=770,TRUE,,
弾き語り,弾き語り配信,2020/10/01,ブルーバード,いきものがかり,https://youtu.be/UO8X3bhDvGs?t=1345,TRUE,,
弾き語り,弾き語り配信,2020/10/01,カタオモイ,Aimer,https://youtu.be/UO8X3bhDvGs?t=1847,TRUE,,
弾き語り,弾き語り配信,2020/10/01,Pretender,Official髭男dism,https://youtu.be/UO8X3bhDvGs?t=2151,TRUE,,
弾き語り,弾き語り配信,2020/10/01,オトモダチフィルム,オーイシマサヨシ,https://youtu.be/UO8X3bhDvGs?t=2681,TRUE,,
弾き語り,弾き語り配信,2020/10/01,"No,Thank You!",放課後ティータイム,https://youtu.be/UO8X3bhDvGs?t=3173,TRUE,,
弾き語り,弾き語り配信,2020/10/01,（即興メドレー）,,https://youtu.be/UO8X3bhDvGs?t=3813,TRUE,,
弾き語り,ツイキャス,2020/10/05,道しるべ,夏川りみ,https://twitcasting.tv/kaida_haru/movie/644335292,TRUE,,
弾き語り,ツイキャス,2020/10/05,I LOVE…,Official髭男dism,https://twitcasting.tv/kaida_haru/movie/644335292,TRUE,,
弾き語り,ツイキャス,2020/10/05,ニア,夏代孝明,https://twitcasting.tv/kaida_haru/movie/644335292,TRUE,,
弾き語り,ツイキャス,2020/10/05,いつも何度でも,木村弓,https://twitcasting.tv/kaida_haru/movie/644335292,TRUE,,
弾き語り,ツイキャス,2020/10/05,"rain stops, good-bye",におP,https://twitcasting.tv/kaida_haru/movie/644335292,TRUE,,
弾き語り,ツイキャス,2020/10/05,想像フォレスト,じん,https://twitcasting.tv/kaida_haru/movie/644335292,TRUE,,
弾き語り,ツイキャス,2020/10/05,GALLOWS BELL,buzzG,https://twitcasting.tv/kaida_haru/movie/644335292,TRUE,,
弾き語り,ツイキャス,2020/10/05,夢地図,40mP,https://twitcasting.tv/kaida_haru/movie/644335292,TRUE,,
弾き語り,ツイキャス,2020/10/05,Wishing,水瀬いのり,https://twitcasting.tv/kaida_haru/movie/644335292,TRUE,,
弾き語り,ツイキャス,2020/10/05,スパークル,RADWIMPS,https://twitcasting.tv/kaida_haru/movie/644335292,TRUE,,
弾き語り,弾き語り配信,2020/10/10,虹,Aqua Timez,https://youtu.be/2RfwdPYNfUE?t=354,TRUE,,
弾き語り,弾き語り配信,2020/10/10,Hello Goodbye＆Hello,熊田杏里,https://youtu.be/2RfwdPYNfUE?t=753,TRUE,,
弾き語り,弾き語り配信,2020/10/10,エガオノキミヘ,三森すずこ,https://youtu.be/2RfwdPYNfUE?t=1140,TRUE,,
弾き語り,弾き語り配信,2020/10/10,風になる,つじあやの,https://youtu.be/2RfwdPYNfUE?t=1397,TRUE,,
弾き語り,弾き語り配信,2020/10/10,Good-bye days,YUI,https://youtu.be/2RfwdPYNfUE?t=1750,TRUE,,
弾き語り,弾き語り配信,2020/10/10,GLAMOROUS SKY,中島美嘉,https://youtu.be/2RfwdPYNfUE?t=2068,TRUE,,
弾き語り,弾き語り配信,2020/10/10,シルシ,LiSA,https://youtu.be/2RfwdPYNfUE?t=2528,TRUE,,
弾き語り,弾き語り配信,2020/10/10,糸,中島みゆき,https://youtu.be/2RfwdPYNfUE?t=2977,TRUE,,
弾き語り,弾き語り配信,2020/10/10,サウダージ,ポルノグラフィティ,https://youtu.be/2RfwdPYNfUE?t=3237,TRUE,,
弾き語り,弾き語り配信,2020/10/10,瞬き,back number,https://youtu.be/2RfwdPYNfUE?t=3489,TRUE,,
弾き語り,弾き語り配信,2020/10/10,真夏の果実,サザンオールスターズ,https://youtu.be/2RfwdPYNfUE?t=3869,TRUE,,
弾き語り,VΔLZオフ歌枠,2020/10/18,シュガーソングとビターステップ,UNISON SQUARE GARDEN,https://youtu.be/c8d3W9nnWfc?t=43,,,
弾き語り,,,ロストマン,BUMP OF CHICKEN,https://youtu.be/c8d3W9nnWfc?t=483,,,
弾き語り,VΔLZオフ歌枠,2020/10/18,☆トゥインクル,Junky,https://youtu.be/c8d3W9nnWfc?t=961,,,
弾き語り,VΔLZオフ歌枠,2020/10/18,☆君の名は。メドレー,RADWIMPS,https://youtu.be/c8d3W9nnWfc?t=1266,,,
弾き語り,VΔLZオフ歌枠,2020/10/18,しわ,buzzG,https://youtu.be/c8d3W9nnWfc?t=2809,,,
弾き語り,,,only my railgun,fripSide,https://youtu.be/c8d3W9nnWfc?t=3810,,,
弾き語り,,,夜に駆ける,YOASOBI,https://youtu.be/c8d3W9nnWfc?t=4136,,,
弾き語り,VΔLZオフ歌枠,2020/10/18,☆ここにしか咲かない花,コブクロ,https://youtu.be/c8d3W9nnWfc?t=5238,,,
弾き語り,,,ラフ・メイカー,BUMP OF CHICKEN,https://youtu.be/c8d3W9nnWfc?t=5713,,,
弾き語り,VΔLZオフ歌枠,2020/10/18,インフェルノ,Mrs.GREEN APPLE,https://youtu.be/c8d3W9nnWfc?t=6230,,,
弾き語り,VΔLZオフ歌枠,2020/10/18,葛飾ラプソディー,堂島孝平,https://youtu.be/c8d3W9nnWfc?t=6596,,,
弾き語り,VΔLZオフ歌枠,2020/10/18,千本桜,黒うさP,https://youtu.be/c8d3W9nnWfc?t=7131,,,
弾き語り,弾き語り配信,2020/10/20,カブトムシ,aiko,https://youtu.be/4RbXLOyP7gE?t=602,TRUE,,
弾き語り,弾き語り配信,2020/10/20,雪の華,中島美嘉,https://youtu.be/4RbXLOyP7gE?t=961,TRUE,,
弾き語り,弾き語り配信,2020/10/20,粉雪,レミオロメン,https://youtu.be/4RbXLOyP7gE?t=1526,TRUE,,
弾き語り,弾き語り配信,2020/10/20,星の唄,buzzG,https://youtu.be/4RbXLOyP7gE?t=2062,TRUE,,
弾き語り,弾き語り配信,2020/10/20,心做し,蝶々P,https://youtu.be/4RbXLOyP7gE?t=2814,TRUE,,
弾き語り,弾き語り配信,2020/10/20,さくら,森山直太朗,https://youtu.be/4RbXLOyP7gE?t=3461,TRUE,,
弾き語り,弾き語り配信,2020/10/20,Best Friend,Kiroro,https://youtu.be/4RbXLOyP7gE?t=3833,TRUE,,
弾き語り,弾き語り配信,2020/10/20,香水,瑛人,https://youtu.be/4RbXLOyP7gE?t=3962,TRUE,,
弾き語り,弾き語り配信,2020/10/20,アンパンマンのマーチ,島本須美,https://youtu.be/4RbXLOyP7gE?t=4585,TRUE,,
弾き語り,弾き語り配信,2020/10/20,モノクロのキス,シド,https://youtu.be/4RbXLOyP7gE?t=4952,TRUE,,
弾き語り,弾き語り配信,2020/10/20,夜もすがら君想う,TOKOTOKO(西沢さんP),https://youtu.be/4RbXLOyP7gE?t=5357,TRUE,,
音源協力,MIX協力,2020/10/27,moreきゅん奴隷,戦慄かなの,https://x.com/Sara_Hoshikawa/status/1321102817491210244,FALSE,星川サラ,
弾き語り,弾き語り配信,2020/10/28,幽霊東京,Ayase,https://youtu.be/kpujT2ZTfQg?t=429,TRUE,,
弾き語り,弾き語り配信,2020/10/28,エンヴィキャットウォーク,トーマ,https://youtu.be/kpujT2ZTfQg?t=730,TRUE,,
弾き語り,弾き語り配信,2020/10/28,猫,DISH//,https://youtu.be/kpujT2ZTfQg?t=1078,TRUE,,
弾き語り,弾き語り配信,2020/10/28,打上花火,DAOKO×米津玄師,https://youtu.be/kpujT2ZTfQg?t=1873,TRUE,,
弾き語り,弾き語り配信,2020/10/28,115万キロのフィルム,Official髭男dism,https://youtu.be/kpujT2ZTfQg?t=2296,TRUE,,
弾き語り,弾き語り配信,2020/10/28,君に届け,flumpool,https://youtu.be/kpujT2ZTfQg?t=2419,TRUE,,
弾き語り,弾き語り配信,2020/10/28,CHANGE THE WORLD,V6,https://youtu.be/kpujT2ZTfQg?t=2888,TRUE,,
弾き語り,弾き語り配信,2020/10/28,丸の内サディスティック,椎名林檎,https://youtu.be/kpujT2ZTfQg?t=3389,TRUE,,
弾き語り,弾き語り配信,2020/10/28,プライド革命,"HoneyWorks feat.sana,CHICO",https://youtu.be/kpujT2ZTfQg?t=3895,TRUE,,
弾き語り,弾き語り配信,2020/10/28,Virtual to LIVE,にじさんじ,https://youtu.be/kpujT2ZTfQg?t=4723,TRUE,,
弾き語り,弾き語り配信,2020/10/28,3月9日,レミオロメン,https://youtu.be/kpujT2ZTfQg?t=4954,TRUE,,
弾き語り,弾き語り配信,2020/10/28,from Y to Y,ジミーサムP,https://youtu.be/kpujT2ZTfQg?t=5226,TRUE,,
弾き語り,弾き語り配信,2020/11/01,115万キロのフィルム,Official髭男dism,https://youtu.be/kug9WX8IfqI?t=265,TRUE,,
弾き語り,弾き語り配信,2020/11/01,そばかす,JUDY AND MARY,https://youtu.be/kug9WX8IfqI?t=761,TRUE,,
弾き語り,弾き語り配信,2020/11/01,くちづけDiamond,WEAVER,https://youtu.be/kug9WX8IfqI?t=1136,TRUE,,
弾き語り,弾き語り配信,2020/11/01,グランドエスケープ,RADWIMPS,https://youtu.be/kug9WX8IfqI?t=1530,TRUE,,
弾き語り,弾き語り配信,2020/11/01,夢灯籠,RADWIMPS,https://youtu.be/kug9WX8IfqI?t=1745,TRUE,,
弾き語り,弾き語り配信,2020/11/01,名前のない怪物,EGOIST,https://youtu.be/kug9WX8IfqI?t=1997,TRUE,,
弾き語り,弾き語り配信,2020/11/01,WHITE ALBUM,森川由綺(平野綾),https://youtu.be/kug9WX8IfqI?t=2304,TRUE,,
弾き語り,弾き語り配信,2020/11/01,君のままで,azusa,https://youtu.be/kug9WX8IfqI?t=2682,TRUE,,
弾き語り,弾き語り配信,2020/11/01,清廉なるHeretics,毛蟹 feat.DracoVirgo,https://youtu.be/kug9WX8IfqI?t=3109,TRUE,,
弾き語り,弾き語り配信,2020/11/01,乙女解剖,DECO*27,https://youtu.be/kug9WX8IfqI?t=3767,TRUE,,
弾き語り,弾き語り配信,2020/11/01,白日,King Gnu,https://youtu.be/kug9WX8IfqI?t=3966,TRUE,,
弾き語り,弾き語り配信,2020/11/01,ギミー！レボリューション,内田真礼,https://youtu.be/kug9WX8IfqI?t=4589,TRUE,,
弾き語り,弾き語り配信,2020/11/01,愛のうた,ストロベリー・フラワー,https://youtu.be/kug9WX8IfqI?t=4854,TRUE,,
弾き語り,弾き語り配信,2020/11/01,ワールド・ランプシェード,buzzG,https://youtu.be/kug9WX8IfqI?t=5393,TRUE,,
弾き語り,弾き語り配信,2020/11/01,耳の聞こえなくなった恋人とそのうたうたい,大石昌良,https://youtu.be/kug9WX8IfqI?t=5769,TRUE,,
弾き語り,弾き語り配信,2020/11/01,Perfect Day,supercell,https://youtu.be/kug9WX8IfqI?t=6239,TRUE,,
弾き語り,弾き語り配信,2020/11/01,さよならのかわりに,レフティーモンスターP,https://youtu.be/kug9WX8IfqI?t=6698,TRUE,,
弾き語り,弾き語り配信,2020/11/05,青と夏,Mrs.GREEN APPLE,https://youtu.be/0gcSFNEgpoA?t=270,TRUE,,
弾き語り,弾き語り配信,2020/11/05,ガーネット,奥華子,https://youtu.be/0gcSFNEgpoA?t=683,TRUE,,
弾き語り,弾き語り配信,2020/11/05,別の人の彼女になったよ,wacci,https://youtu.be/0gcSFNEgpoA?t=1077,TRUE,,
弾き語り,弾き語り配信,2020/11/05,RAIN,SEKAI NO OWARI,https://youtu.be/0gcSFNEgpoA?t=1452,TRUE,,
弾き語り,弾き語り配信,2020/11/05,ETERNAL BLAZE,水樹奈々,https://youtu.be/0gcSFNEgpoA?t=2002,TRUE,,
弾き語り,弾き語り配信,2020/11/05,星が瞬くこんな夜に,Supercell,https://youtu.be/0gcSFNEgpoA?t=2207,TRUE,,
弾き語り,弾き語り配信,2020/11/05,カワキヲアメク,美波,https://youtu.be/0gcSFNEgpoA?t=2692,TRUE,,
弾き語り,弾き語り配信,2020/11/05,しおり,Aqua Timez,https://youtu.be/0gcSFNEgpoA?t=2821,TRUE,,
弾き語り,弾き語り配信,2020/11/05,儚くも永久のカナシ,UVERworld,https://youtu.be/0gcSFNEgpoA?t=3457,TRUE,,
弾き語り,弾き語り配信,2020/11/05,いのちの名前,木村弓,https://youtu.be/0gcSFNEgpoA?t=3861,TRUE,,
弾き語り,弾き語り配信,2020/11/05,世界は恋に落ちている,CHiCO with HoneyWorks,https://youtu.be/0gcSFNEgpoA?t=4141,TRUE,,
弾き語り,弾き語り配信,2020/11/05,プラチナ,坂本真綾,https://youtu.be/0gcSFNEgpoA?t=5389,TRUE,,
弾き語り,弾き語り配信,2020/11/11,ハロ／ハワユ,ナノウ,https://youtu.be/2Wx2TOBs9yA?t=217,TRUE,,
弾き語り,弾き語り配信,2020/11/11,ニア,夏代孝明,https://youtu.be/2Wx2TOBs9yA?t=625,TRUE,,
弾き語り,弾き語り配信,2020/11/11,カブトムシ,aiko,https://youtu.be/2Wx2TOBs9yA?t=995,TRUE,,
弾き語り,弾き語り配信,2020/11/11,奏,スキマスイッチ,https://youtu.be/2Wx2TOBs9yA?t=1365,TRUE,,
弾き語り,弾き語り配信,2020/11/11,タッチ,岩崎良美,https://youtu.be/2Wx2TOBs9yA?t=1801,TRUE,,
弾き語り,弾き語り配信,2020/11/11,亜麻色の髪の乙女,島谷ひとみ,https://youtu.be/2Wx2TOBs9yA?t=2149,TRUE,,
弾き語り,弾き語り配信,2020/11/11,君じゃなきゃダメみたい,オーイシマサヨシ,https://youtu.be/2Wx2TOBs9yA?t=2529,TRUE,,
弾き語り,弾き語り配信,2020/11/11,夜もすがら君想ふ,TOKOTOKO(西沢さんＰ),https://youtu.be/2Wx2TOBs9yA?t=2886,TRUE,,
弾き語り,弾き語り配信,2020/11/11,だから僕は音楽を辞めた,ヨルシカ,https://youtu.be/2Wx2TOBs9yA?t=3185,TRUE,,
弾き語り,弾き語り配信,2020/11/11,猫,DISH//,https://youtu.be/2Wx2TOBs9yA?t=3388,TRUE,,
弾き語り,弾き語り配信,2020/11/11,SHINING LINE*,わか・ふうり・ゆな from STAR ANIS,https://youtu.be/2Wx2TOBs9yA?t=4035,TRUE,,
弾き語り,弾き語り配信,2020/11/11,My Dearest,supercell,https://youtu.be/2Wx2TOBs9yA?t=4871,TRUE,,
弾き語り,弾き語り配信,2020/11/11,Departures ～あなたにおくるアイの歌～,EGOIST,https://youtu.be/2Wx2TOBs9yA?t=5465,TRUE,,
弾き語り,弾き語り配信,2020/11/11,Sincerely,TRUE,https://youtu.be/2Wx2TOBs9yA?t=5824,TRUE,,
弾き語り,弾き語り配信,2020/11/11,Catch the Moment,LiSA,https://youtu.be/2Wx2TOBs9yA?t=6963,TRUE,,
弾き語り,弾き語り配信,2020/11/11,"One more time,One more chance",山崎まさよし,https://youtu.be/2Wx2TOBs9yA?t=7471,TRUE,,
弾き語り,弾き語り配信,2020/11/12,炎,LiSA,https://youtu.be/G48DBMAZJdk?t=930,TRUE,,
弾き語り,弾き語り配信,2020/11/12,ぎゅっと。,もさを。,https://youtu.be/G48DBMAZJdk?t=1226,TRUE,,
弾き語り,弾き語り配信,2020/11/12,小さきもの,林明日香,https://youtu.be/G48DBMAZJdk?t=1394,TRUE,,
弾き語り,弾き語り配信,2020/11/12,ひとりぼっちじゃない,coba＆宮沢和史,https://youtu.be/G48DBMAZJdk?t=1793,TRUE,,
弾き語り,弾き語り配信,2020/11/12,月光花,Janne Da Arc,https://youtu.be/G48DBMAZJdk?t=2234,TRUE,,
弾き語り,弾き語り配信,2020/11/12,ぼなぺてぃーと♡S,ブレンド・A,https://youtu.be/G48DBMAZJdk?t=2667,TRUE,,
弾き語り,弾き語り配信,2020/11/12,ハートリアライズ,Tia,https://youtu.be/G48DBMAZJdk?t=3064,TRUE,,
弾き語り,弾き語り配信,2020/11/12,courage,戸松遥,https://youtu.be/G48DBMAZJdk?t=3442,TRUE,,
弾き語り,弾き語り配信,2020/11/12,ジェットロケット,LiSA,https://youtu.be/G48DBMAZJdk?t=3642,TRUE,,
弾き語り,弾き語り配信,2020/11/12,恋！ハレイション THE WAR,ワルキューレ,https://youtu.be/G48DBMAZJdk?t=4346,TRUE,,
弾き語り,弾き語り配信,2020/11/12,いけないボーダーライン,ワルキューレ,https://youtu.be/G48DBMAZJdk?t=4462,TRUE,,
弾き語り,弾き語り配信,2020/11/12,お願いマッスル,紗倉ひびき(ファイルーズあい)、街雄鳴造(石川界人)   ,https://youtu.be/G48DBMAZJdk?t=5066,TRUE,,
弾き語り,弾き語り配信,2020/11/12,火炎,女王蜂,https://youtu.be/G48DBMAZJdk?t=5445,TRUE,,
弾き語り,弾き語り配信,2020/11/12,newsong,tacica,https://youtu.be/G48DBMAZJdk?t=6174,TRUE,,
弾き語り,弾き語り配信,2020/11/12,ハルモニア,RYTHEM,https://youtu.be/G48DBMAZJdk?t=6411,TRUE,,
弾き語り,弾き語り配信,2020/11/12,花,ORANGERANGE,https://youtu.be/G48DBMAZJdk?t=6677,TRUE,,
弾き語り,弾き語り配信,2020/11/12,カタオモイ,Aimer,https://youtu.be/G48DBMAZJdk?t=7221,TRUE,,
弾き語り,その他配信,2020/11/20,雪の華,中島美嘉,https://youtu.be/YkBxC3ea58Q?t=1899,TRUE,,
弾き語り,その他配信,2020/11/20,君の知らない物語,supercell,https://youtu.be/YkBxC3ea58Q?t=2306,TRUE,,
弾き語り,その他配信,2020/11/20,シュガーソングとビターステップ,UNISON SQUARE GARDEN,https://youtu.be/YkBxC3ea58Q?t=2884,TRUE,,
弾き語り,弾き語り配信,2020/11/21,ボクノート,スキマスイッチ,https://youtu.be/2TLKdRgqRbw?t=283,TRUE,,
弾き語り,弾き語り配信,2020/11/21,桃色片想い,松浦亜弥,https://youtu.be/2TLKdRgqRbw?t=667,TRUE,,
弾き語り,弾き語り配信,2020/11/21,チューリングラブ,ナナヲアカリ,https://youtu.be/2TLKdRgqRbw?t=990,TRUE,,
弾き語り,弾き語り配信,2020/11/21,KING,Kanaria,https://youtu.be/2TLKdRgqRbw?t=1312,TRUE,,
弾き語り,弾き語り配信,2020/11/21,猫,DISH//,https://youtu.be/2TLKdRgqRbw?t=1531,TRUE,,
弾き語り,弾き語り配信,2020/11/21,Snow halation,μ's,https://youtu.be/2TLKdRgqRbw?t=1890,TRUE,,
弾き語り,弾き語り配信,2020/11/21,津軽海峡冬景色,石川さゆり,https://youtu.be/2TLKdRgqRbw?t=2289,TRUE,,
弾き語り,弾き語り配信,2020/11/21,115万キロのフィルム,Official髭男dism,https://youtu.be/2TLKdRgqRbw?t=2658,TRUE,,
弾き語り,弾き語り配信,2020/11/21,アスノヨゾラ哨戒班,Orangestar,https://youtu.be/2TLKdRgqRbw?t=3165,TRUE,,
弾き語り,弾き語り配信,2020/11/21,シャルル,バルーン,https://youtu.be/2TLKdRgqRbw?t=3646,TRUE,,
弾き語り,弾き語り配信,2020/11/21,インフェルノ,Mrs.GREEN APPLE,https://youtu.be/2TLKdRgqRbw?t=4129,TRUE,,
弾き語り,弾き語り配信,2020/11/21,5センチ。,WaT,https://youtu.be/2TLKdRgqRbw?t=4637,TRUE,,
弾き語り,弾き語り配信,2020/11/21,炎,LiSA,https://youtu.be/2TLKdRgqRbw?t=4851,TRUE,,
弾き語り,弾き語り配信,2020/11/21,丸の内サディスティック,椎名林檎,https://youtu.be/2TLKdRgqRbw?t=5523,TRUE,,
弾き語り,弾き語り配信,2020/11/21,ラプンツェル,n-buna,https://youtu.be/2TLKdRgqRbw?t=5766,TRUE,,
弾き語り,弾き語り配信,2020/11/21,ピエロ,KEI,https://youtu.be/2TLKdRgqRbw?t=6071,TRUE,,
"音源協力, 演奏のみ",ギター演奏,2020/11/23,Thank you My teens,YUI,https://youtu.be/hL_5iDkEKfA,FALSE,相羽ういは,
弾き語り,弾き語り配信,2020/11/26,CHE.R.RY,YUI,https://youtu.be/Ugxi8mY8EcM?t=2085,TRUE,,
弾き語り,弾き語り配信,2020/11/26,ロマンスの神様,広瀬香美,https://youtu.be/Ugxi8mY8EcM?t=2420,TRUE,,
弾き語り,弾き語り配信,2020/11/26,紅蓮の弓矢,Linked Horizon,https://youtu.be/Ugxi8mY8EcM?t=2919,TRUE,,
弾き語り,弾き語り配信,2020/11/26,Q&Aリサイタル！,戸松遥,https://youtu.be/Ugxi8mY8EcM?t=3165,TRUE,,
弾き語り,弾き語り配信,2020/11/26,フィクション,sumika,https://youtu.be/Ugxi8mY8EcM?t=3623,TRUE,,
弾き語り,弾き語り配信,2020/11/26,ラピスラズリ,藍井エイル,https://youtu.be/Ugxi8mY8EcM?t=4157,TRUE,,
弾き語り,弾き語り配信,2020/11/26,UNION,OxT,https://youtu.be/Ugxi8mY8EcM?t=4584,TRUE,,
弾き語り,弾き語り配信,2020/11/26,TSUNAMI,サザンオールスターズ,https://youtu.be/Ugxi8mY8EcM?t=4868,TRUE,,
弾き語り,弾き語り配信,2020/11/26,もののけ姫,米良美一,https://youtu.be/Ugxi8mY8EcM?t=5471,TRUE,,
弾き語り,弾き語り配信,2020/11/26,となりのトトロ,井上あずみ,https://youtu.be/Ugxi8mY8EcM?t=5690,TRUE,,
弾き語り,弾き語り配信,2020/11/26,ポケットにファンタジー,さち＆じゅり,https://youtu.be/Ugxi8mY8EcM?t=6130,TRUE,,
弾き語り,弾き語り配信,2020/11/26,少年時代,井上陽水,https://youtu.be/Ugxi8mY8EcM?t=6362,TRUE,,
弾き語り,弾き語り配信,2020/11/29,Mela!,緑黄色社会,https://youtu.be/iIAs8Jkj2Fw?t=3757,TRUE,,
弾き語り,弾き語り配信,2020/12/03,Lost my music,涼宮ハルヒ(平野綾),https://youtu.be/95-UG3sROVI?t=540,TRUE,,
弾き語り,弾き語り配信,2020/12/03,はじめてのチュウ,あんしんパパ,https://youtu.be/95-UG3sROVI?t=1050,TRUE,,
弾き語り,弾き語り配信,2020/12/03,可愛くなりたい,HoneyWorks,https://youtu.be/95-UG3sROVI?t=1484,TRUE,,
弾き語り,弾き語り配信,2020/12/03,Wherever you are,ONE OK ROCK,https://youtu.be/95-UG3sROVI?t=1948,TRUE,,
弾き語り,弾き語り配信,2020/12/03,I LOVE…,Official髭男dism,https://youtu.be/95-UG3sROVI?t=2361,TRUE,,
弾き語り,弾き語り配信,2020/12/03,irony,ClariS,https://youtu.be/95-UG3sROVI?t=2579,TRUE,,
弾き語り,弾き語り配信,2020/12/03,シルシ,LiSA,https://youtu.be/95-UG3sROVI?t=3694,TRUE,,
弾き語り,弾き語り配信,2020/12/03,Happy Happy Greeting,KinKi Kids,https://youtu.be/95-UG3sROVI?t=4126,TRUE,,
弾き語り,弾き語り配信,2020/12/03,夜咄ディセイブ,じん,https://youtu.be/95-UG3sROVI?t=4661,TRUE,,
弾き語り,弾き語り配信,2020/12/03,magnet,minato(流星P),https://youtu.be/95-UG3sROVI?t=5167,TRUE,,
弾き語り,弾き語り配信,2020/12/03,いろは唄,銀サク,https://youtu.be/95-UG3sROVI?t=5502,TRUE,,
弾き語り,弾き語り配信,2020/12/03,ネトゲ廃人シュプレヒコール,さつきがてんこもり,https://youtu.be/95-UG3sROVI?t=5847,TRUE,,
弾き語り,弾き語り配信,2020/12/03,粘着系男子の15年ネチネチ,家の裏でマンボウが死んでるP,https://youtu.be/95-UG3sROVI?t=6240,TRUE,,
音源協力,MIX協力,2020/12/07,ジャンキーナイトタウンオーケストラ,すりぃ,https://x.com/furen_2434/status/1335887065230135297,FALSE,フレン・Ｅ・ルスタリオ,
弾き語り,弾き語り配信,2020/12/07,紅蓮華,LiSA,https://youtu.be/L7SdZVfE4ng?t=321,TRUE,,
弾き語り,弾き語り配信,2020/12/07,オリオンをなぞる,UNISON SQUARE GARDEN,https://youtu.be/L7SdZVfE4ng?t=754,TRUE,,
弾き語り,弾き語り配信,2020/12/07,only my railgun,frip Side,https://youtu.be/L7SdZVfE4ng?t=1154,TRUE,,
弾き語り,弾き語り配信,2020/12/07,Butter-Fly,和田光司,https://youtu.be/L7SdZVfE4ng?t=1589,TRUE,,
弾き語り,弾き語り配信,2020/12/07,*～アスタリスク～,ORANGE RANGE,https://youtu.be/L7SdZVfE4ng?t=2018,TRUE,,
弾き語り,弾き語り配信,2020/12/07,D-tecnoLife,UVERworld,https://youtu.be/L7SdZVfE4ng?t=2419,TRUE,,
弾き語り,弾き語り配信,2020/12/07,Wishing,水瀬いのり,https://youtu.be/L7SdZVfE4ng?t=3078,TRUE,,
弾き語り,弾き語り配信,2020/12/07,カルマ,BUMP OF CHICKEN,https://youtu.be/L7SdZVfE4ng?t=3588,TRUE,,
弾き語り,弾き語り配信,2020/12/07,水色メロディ,月島きらり starring 久住小春,https://youtu.be/L7SdZVfE4ng?t=3893,TRUE,,
弾き語り,,,やさしさに包まれたなら,松任谷由実,https://youtu.be/jBlfM6jBve4?t=229,,,
弾き語り,,,カタオモイ,Aimer,https://youtu.be/jBlfM6jBve4?t=2806,,,
弾き語り,,,KING(アコギアレンジ),Kanaria,https://youtu.be/jBlfM6jBve4?t=3329,,,
弾き語り,,,丸の内サディスティック,椎名林檎,https://youtu.be/kPWxODmNwWw?t=263,,,
弾き語り,VΔLZオフ歌枠,2020/12/08,☆浮世の演舞,VΔLZ,https://youtu.be/kPWxODmNwWw?t=861,,,
音源協力,音源制作・MIX,2020/12/10,ブリ(ﾟ∀ﾟ)ハマチ,,https://youtu.be/KBs83OdAYPs?si=8M8535fr_TFRze7N,FALSE,本間ひまわり,
弾き語り,ツイキャス,2020/12/14,そばかす,JUDY AND MARY,https://twitcasting.tv/kaida_haru/movie/656387201,TRUE,,
弾き語り,ツイキャス,2020/12/14,1%の恋人,HoneyWorks feat.南(豊永利行),https://twitcasting.tv/kaida_haru/movie/656387201,TRUE,,
弾き語り,ツイキャス,2020/12/14,アゲハ蝶,ポルノグラフィティ,https://twitcasting.tv/kaida_haru/movie/656394713,TRUE,,
弾き語り,ツイキャス,2020/12/14,初恋の絵本,HoneyWorks,https://twitcasting.tv/kaida_haru/movie/656394713,TRUE,,
弾き語り,ツイキャス,2020/12/14,小夜子,みきとP,https://twitcasting.tv/kaida_haru/movie/656394713,TRUE,,
弾き語り,ツイキャス,2020/12/14,地球最後の告白を,kemu,https://twitcasting.tv/kaida_haru/movie/656394713,TRUE,,
弾き語り,ツイキャス,2020/12/14,グランドエスケープ,RADWIMPS,https://twitcasting.tv/kaida_haru/movie/656394713,TRUE,,
弾き語り,ツイキャス,2020/12/14,ピエロ,KEI,https://twitcasting.tv/kaida_haru/movie/656394713,TRUE,,
弾き語り,ツイキャス,2020/12/14,KING,Kanaria,https://twitcasting.tv/kaida_haru/movie/656394713,TRUE,,
弾き語り,ツイキャス,2020/12/14,Falco -ファルコ-,島谷ひとみ,https://twitcasting.tv/kaida_haru/movie/656394713,TRUE,,
弾き語り,ツイキャス,2020/12/14,カブトムシ,aiko,https://twitcasting.tv/kaida_haru/movie/656394713,TRUE,,
弾き語り,弾き語り配信,2020/12/20,Butter-Fly,和田光司,https://youtu.be/j3XT_ft2DWc?t=274,TRUE,,
弾き語り,弾き語り配信,2020/12/20,カサブタ,千綿ヒデノリ,https://youtu.be/j3XT_ft2DWc?t=442,TRUE,,
弾き語り,弾き語り配信,2020/12/20,青いベンチ,サスケ,https://youtu.be/j3XT_ft2DWc?t=582,TRUE,,
弾き語り,弾き語り配信,2020/12/20,高嶺の花子さん,back number,https://youtu.be/j3XT_ft2DWc?t=765,TRUE,,
弾き語り,弾き語り配信,2020/12/20,チカっとチカ千花っ,藤原千花(小原好美),https://youtu.be/j3XT_ft2DWc?t=941,TRUE,,
弾き語り,弾き語り配信,2020/12/20,炎,LiSA,https://youtu.be/j3XT_ft2DWc?t=1092,TRUE,,
弾き語り,弾き語り配信,2020/12/20,やさしさに包まれたなら,松任谷由実,https://youtu.be/j3XT_ft2DWc?t=1308,TRUE,,
弾き語り,弾き語り配信,2020/12/20,優しさの理由,ChouCho,https://youtu.be/j3XT_ft2DWc?t=1450,TRUE,,
弾き語り,弾き語り配信,2020/12/20,ユキトキ,やなぎなぎ,https://youtu.be/j3XT_ft2DWc?t=1636,TRUE,,
弾き語り,弾き語り配信,2020/12/20,一滴の影響,UVERworld,https://youtu.be/j3XT_ft2DWc?t=1857,TRUE,,
弾き語り,弾き語り配信,2020/12/20,浮世CROSSING,UVERworld,https://youtu.be/j3XT_ft2DWc?t=2038,TRUE,,
弾き語り,弾き語り配信,2020/12/20,シャカビーチ～Laka Laka La～,UVERworld,https://youtu.be/j3XT_ft2DWc?t=2193,TRUE,,
弾き語り,弾き語り配信,2020/12/20,カワキヲアメク,美波,https://youtu.be/j3XT_ft2DWc?t=2408,TRUE,,
弾き語り,弾き語り配信,2020/12/20,津軽海峡冬景色,石川さゆり,https://youtu.be/j3XT_ft2DWc?t=2596,TRUE,,
弾き語り,弾き語り配信,2020/12/20,お願いマッスル,紗倉ひびき(ファイルーズあい)＆街雄鳴造(石川界人),https://youtu.be/j3XT_ft2DWc?t=2790,TRUE,,
弾き語り,弾き語り配信,2020/12/20,別の人の彼女になったよ,wacci,https://youtu.be/j3XT_ft2DWc?t=2992,TRUE,,
弾き語り,弾き語り配信,2020/12/20,Catch the Moment,LiSA,https://youtu.be/j3XT_ft2DWc?t=3170,TRUE,,
弾き語り,弾き語り配信,2020/12/20,海色,AKINA from bless4,https://youtu.be/j3XT_ft2DWc?t=3413,TRUE,,
弾き語り,弾き語り配信,2020/12/20,READY!!,765PRO ALLSTARS,https://youtu.be/j3XT_ft2DWc?t=3791,TRUE,,
弾き語り,弾き語り配信,2020/12/20,決意の朝に,Aqua Timez,https://youtu.be/j3XT_ft2DWc?t=4004,TRUE,,
弾き語り,弾き語り配信,2020/12/20,等身大のラブソング,Aqua Timez,https://youtu.be/j3XT_ft2DWc?t=4235,TRUE,,
弾き語り,弾き語り配信,2020/12/20,プラチナ,坂本真綾,https://youtu.be/j3XT_ft2DWc?t=4460,TRUE,,
弾き語り,弾き語り配信,2020/12/20,ファンサ,mona,https://youtu.be/j3XT_ft2DWc?t=4643,TRUE,,
弾き語り,弾き語り配信,2020/12/20,今好きになる。,HoneyWorks,https://youtu.be/j3XT_ft2DWc?t=4804,TRUE,,
弾き語り,弾き語り配信,2020/12/20,可愛くなりたい,HoneyWorks,https://youtu.be/j3XT_ft2DWc?t=4980,TRUE,,
弾き語り,弾き語り配信,2020/12/20,Mela!,緑黄色社会,https://youtu.be/j3XT_ft2DWc?t=5180,TRUE,,
弾き語り,弾き語り配信,2020/12/20,ブルーバード,いきものがかり,https://youtu.be/j3XT_ft2DWc?t=5379,TRUE,,
弾き語り,弾き語り配信,2020/12/20,気まぐれロマンティック,いきものがかり,https://youtu.be/j3XT_ft2DWc?t=5478,TRUE,,
弾き語り,弾き語り配信,2020/12/20,メリッサ,ポルノグラフィティ,https://youtu.be/j3XT_ft2DWc?t=5664,TRUE,,
弾き語り,弾き語り配信,2020/12/20,インフェルノ,Mrs.GREEN APPLE,https://youtu.be/j3XT_ft2DWc?t=5806,TRUE,,
弾き語り,弾き語り配信,2020/12/20,青と夏,Mrs.GREEN APPLE,https://youtu.be/j3XT_ft2DWc?t=5941,TRUE,,
弾き語り,弾き語り配信,2020/12/20,その未来へ,RIRIKO,https://youtu.be/j3XT_ft2DWc?t=6100,TRUE,,
弾き語り,弾き語り配信,2020/12/20,God knows…,涼宮ハルヒ(平野綾),https://youtu.be/j3XT_ft2DWc?t=6305,TRUE,,
弾き語り,弾き語り配信,2020/12/20,オリオンをなぞる,UNISON SQUARE GARDEN,https://youtu.be/j3XT_ft2DWc?t=6460,TRUE,,
弾き語り,弾き語り配信,2020/12/20,桜のあと,UNISON SQUARE GARDEN,https://youtu.be/j3XT_ft2DWc?t=6681,TRUE,,
弾き語り,弾き語り配信,2020/12/20,シュガーソングとビターステップ,UNISON SQUARE GARDEN,https://youtu.be/j3XT_ft2DWc?t=6824,TRUE,,
弾き語り,弾き語り配信,2020/12/20,366日,HY,https://youtu.be/j3XT_ft2DWc?t=6980,TRUE,,
弾き語り,弾き語り配信,2020/12/20,カブトムシ,aiko,https://youtu.be/j3XT_ft2DWc?t=7209,TRUE,,
弾き語り,弾き語り配信,2020/12/20,変わらないもの,奥華子,https://youtu.be/j3XT_ft2DWc?t=7411,TRUE,,
弾き語り,弾き語り配信,2020/12/20,ガーネット,奥華子,https://youtu.be/j3XT_ft2DWc?t=7628,TRUE,,
弾き語り,弾き語り配信,2020/12/20,恋,奥華子,https://youtu.be/j3XT_ft2DWc?t=7824,TRUE,,
弾き語り,弾き語り配信,2020/12/20,瞳をとじて,平井堅,https://youtu.be/j3XT_ft2DWc?t=8020,TRUE,,
弾き語り,弾き語り配信,2020/12/20,風になる,つじあやの,https://youtu.be/j3XT_ft2DWc?t=8215,TRUE,,
弾き語り,弾き語り配信,2020/12/20,明日への扉,I WiSH,https://youtu.be/j3XT_ft2DWc?t=8411,TRUE,,
弾き語り,弾き語り配信,2020/12/20,紅蓮の弓矢,Linked Horizon,https://youtu.be/j3XT_ft2DWc?t=8591,TRUE,,
弾き語り,弾き語り配信,2020/12/20,Q＆Aリサイタル！,戸松遥,https://youtu.be/j3XT_ft2DWc?t=8856,TRUE,,
弾き語り,弾き語り配信,2020/12/20,ウィーアー！,きただにひろし,https://youtu.be/j3XT_ft2DWc?t=8996,TRUE,,
弾き語り,弾き語り配信,2020/12/20,アドバンス・アドベンチャー,GARDEN,https://youtu.be/j3XT_ft2DWc?t=9125,TRUE,,
弾き語り,弾き語り配信,2020/12/20,OK!,松本梨香,https://youtu.be/j3XT_ft2DWc?t=9332,TRUE,,
弾き語り,弾き語り配信,2020/12/20,バトルフロンティア,高屋亜希那,https://youtu.be/j3XT_ft2DWc?t=9536,TRUE,,
弾き語り,弾き語り配信,2020/12/20,ゲッタバンバン,佐香智久,https://youtu.be/j3XT_ft2DWc?t=9686,TRUE,,
弾き語り,弾き語り配信,2020/12/20,Together,あきよしふみえ,https://youtu.be/j3XT_ft2DWc?t=9823,TRUE,,
弾き語り,弾き語り配信,2020/12/20,天体観測,BUMP OF CHICKEN,https://youtu.be/j3XT_ft2DWc?t=10255,TRUE,,
弾き語り,弾き語り配信,2020/12/20,YUME日和,島谷ひとみ,https://youtu.be/j3XT_ft2DWc?t=10380,TRUE,,
弾き語り,弾き語り配信,2020/12/20,キセキ,GreeeeN,https://youtu.be/j3XT_ft2DWc?t=10506,TRUE,,
弾き語り,弾き語り配信,2020/12/20,風が吹く街,ラックライフ,https://youtu.be/j3XT_ft2DWc?t=10666,TRUE,,
弾き語り,弾き語り配信,2020/12/20,天使に触れたよ！,放課後ティータイム,https://youtu.be/j3XT_ft2DWc?t=10794,TRUE,,
弾き語り,弾き語り配信,2020/12/20,恋愛サーキュレーション,千石撫子(花澤香菜),https://youtu.be/j3XT_ft2DWc?t=10913,TRUE,,
弾き語り,弾き語り配信,2020/12/20,白金ディスコ,阿良々木月火(井口裕香),https://youtu.be/j3XT_ft2DWc?t=11057,TRUE,,
弾き語り,弾き語り配信,2020/12/20,staple stable,戦場ヶ原ひたぎ(斎藤千和),https://youtu.be/j3XT_ft2DWc?t=11185,TRUE,,
弾き語り,弾き語り配信,2020/12/20,帰り道,八九寺真宵(加藤英美里),https://youtu.be/j3XT_ft2DWc?t=11341,TRUE,,
弾き語り,弾き語り配信,2020/12/20,ambivalent world,神原駿河(沢城みゆき),https://youtu.be/j3XT_ft2DWc?t=11450,TRUE,,
弾き語り,弾き語り配信,2020/12/20,空色デイズ,中川翔子,https://youtu.be/j3XT_ft2DWc?t=11613,TRUE,,
弾き語り,弾き語り配信,2020/12/20,耳の聞こえなくなった恋人とそのうたうたい,大石昌良,https://youtu.be/j3XT_ft2DWc?t=11761,TRUE,,
弾き語り,弾き語り配信,2020/12/20,一度だけの恋なら,ワルキューレ,https://youtu.be/j3XT_ft2DWc?t=12039,TRUE,,
弾き語り,弾き語り配信,2020/12/20,恋! ハレイション THE WAR,ワルキューレ,https://youtu.be/j3XT_ft2DWc?t=12183,TRUE,,
弾き語り,弾き語り配信,2020/12/20,オトモダチフィルム,オーイシマサヨシ,https://youtu.be/j3XT_ft2DWc?t=12327,TRUE,,
弾き語り,弾き語り配信,2020/12/20,夜空ノムコウ,SMAP,https://youtu.be/j3XT_ft2DWc?t=12523,TRUE,,
弾き語り,弾き語り配信,2020/12/20,innocent starter,水樹奈々,https://youtu.be/j3XT_ft2DWc?t=12724,TRUE,,
弾き語り,弾き語り配信,2020/12/20,Little Wish ～Lyrical step～,田村ゆかり,https://youtu.be/j3XT_ft2DWc?t=12863,TRUE,,
弾き語り,弾き語り配信,2020/12/20,fancy baby doll,田村ゆかり,https://youtu.be/j3XT_ft2DWc?t=13060,TRUE,,
弾き語り,弾き語り配信,2020/12/20,もう恋なんてしない,槇原敬之,https://youtu.be/j3XT_ft2DWc?t=13449,TRUE,,
弾き語り,弾き語り配信,2020/12/20,赤いスイートピー,松田聖子,https://youtu.be/j3XT_ft2DWc?t=13698,TRUE,,
弾き語り,弾き語り配信,2020/12/20,The Biggest Dreamer,和田光司,https://youtu.be/j3XT_ft2DWc?t=13857,TRUE,,
弾き語り,弾き語り配信,2020/12/20,勇気100%,光GENGI,https://youtu.be/j3XT_ft2DWc?t=14095,TRUE,,
弾き語り,弾き語り配信,2020/12/20,secret base～君がくれたもの～,ZONE,https://youtu.be/j3XT_ft2DWc?t=14242,TRUE,,
弾き語り,弾き語り配信,2020/12/20,もののけ姫,米良美一,https://youtu.be/j3XT_ft2DWc?t=14696,TRUE,,
弾き語り,弾き語り配信,2020/12/20,ぶる～べりぃ♡とれいん,南ことり(内田彩),https://youtu.be/j3XT_ft2DWc?t=14919,TRUE,,
弾き語り,弾き語り配信,2020/12/20,僕らは今のなかで,μ's,https://youtu.be/j3XT_ft2DWc?t=15134,TRUE,,
弾き語り,弾き語り配信,2020/12/20,こころのたまご,Buono!,https://youtu.be/j3XT_ft2DWc?t=15600,TRUE,,
弾き語り,弾き語り配信,2020/12/20,M♭,加藤恵(安野希世乃),https://youtu.be/j3XT_ft2DWc?t=16001,TRUE,,
弾き語り,弾き語り配信,2020/12/20,もってけ！セーラーふく,泉こなた(平野綾)、柊かがみ(加藤英美里)、柊つかさ(福原香織)、高良みゆき(遠藤綾),https://youtu.be/j3XT_ft2DWc?t=16178,TRUE,,
弾き語り,弾き語り配信,2020/12/20,寝・逃・げでリセット！,柊つかさ(福原香織),https://youtu.be/j3XT_ft2DWc?t=16294,TRUE,,
弾き語り,弾き語り配信,2020/12/20,太陽の楽園 ~Promised Land~,神戸みゆき,https://youtu.be/j3XT_ft2DWc?t=16446,TRUE,,
弾き語り,弾き語り配信,2020/12/20,Legend of Marmaid,中田あすみ、寺門仁美、浅野まゆみ,https://youtu.be/j3XT_ft2DWc?t=16605,TRUE,,
弾き語り,弾き語り配信,2020/12/20,紅蓮華,LiSA,https://youtu.be/j3XT_ft2DWc?t=17130,TRUE,,
弾き語り,弾き語り配信,2020/12/20,ぼなぺてぃーと♡S,ブレンド・A,https://youtu.be/j3XT_ft2DWc?t=17322,TRUE,,
弾き語り,弾き語り配信,2020/12/20,経験値上昇中☆,みなみけ,https://youtu.be/j3XT_ft2DWc?t=17507,TRUE,,
弾き語り,弾き語り配信,2020/12/20,1000%SPARKING!,ネギ・スプリングフィールド(佐藤利奈)、神楽坂明日菜(神田朱未)、近衛木乃香(野中藍)、桜咲刹那(小林ゆう),https://youtu.be/j3XT_ft2DWc?t=17766,TRUE,,
弾き語り,弾き語り配信,2020/12/20,青空のラプソディ,fhana,https://youtu.be/j3XT_ft2DWc?t=18048,TRUE,,
弾き語り,弾き語り配信,2020/12/20,Departures ~あなたにおくるアイの歌~,EGOIST,https://youtu.be/j3XT_ft2DWc?t=18234,TRUE,,
弾き語り,弾き語り配信,2020/12/20,All Alone With You,EGOIST,https://youtu.be/j3XT_ft2DWc?t=18443,TRUE,,
弾き語り,弾き語り配信,2020/12/20,月光花,Janne Da Arc,https://youtu.be/j3XT_ft2DWc?t=18644,TRUE,,
弾き語り,弾き語り配信,2020/12/20,フリージア,Uru,https://youtu.be/j3XT_ft2DWc?t=18784,TRUE,,
弾き語り,弾き語り配信,2020/12/20,シルシ,LiSA,https://youtu.be/j3XT_ft2DWc?t=18963,TRUE,,
弾き語り,弾き語り配信,2020/12/20,限界突破×サバイバー,氷川きよし,https://youtu.be/j3XT_ft2DWc?t=19168,TRUE,,
弾き語り,弾き語り配信,2020/12/20,小さきもの,林明日香,https://youtu.be/j3XT_ft2DWc?t=19346,TRUE,,
弾き語り,弾き語り配信,2020/12/20,白日,King Gnu,https://youtu.be/j3XT_ft2DWc?t=19517,TRUE,,
弾き語り,弾き語り配信,2020/12/20,真っ赤な誓い,福山芳樹,https://youtu.be/j3XT_ft2DWc?t=19744,TRUE,,
弾き語り,弾き語り配信,2020/12/20,君の知らない物語,supercell,https://youtu.be/j3XT_ft2DWc?t=20040,TRUE,,
弾き語り,弾き語り配信,2020/12/28,猫,DISH//,https://youtu.be/1umV2ZK64Jo?t=316,TRUE,,
弾き語り,弾き語り配信,2020/12/28,"One More Time, One More Chance",山崎まさよし,https://youtu.be/1umV2ZK64Jo?t=675,TRUE,,
弾き語り,弾き語り配信,2020/12/28,夜に駆ける,YOASOBI,https://youtu.be/1umV2ZK64Jo?t=1142,TRUE,,
弾き語り,弾き語り配信,2020/12/28,クリスマスソング,back number,https://youtu.be/1umV2ZK64Jo?t=1539,TRUE,,
弾き語り,弾き語り配信,2020/12/28,今好きになる。,HoneyWorks,https://youtu.be/1umV2ZK64Jo?t=2298,TRUE,,
弾き語り,弾き語り配信,2020/12/28,クワガタにチョップしたらタイムスリップした,家の裏でマンボウが死んでるP,https://youtu.be/1umV2ZK64Jo?t=2777,TRUE,,
弾き語り,弾き語り配信,2020/12/28,初めての恋が終わる時,ryo(supercell),https://youtu.be/1umV2ZK64Jo?t=3264,TRUE,,
弾き語り,弾き語り配信,2020/12/28,初音ミクの消失,cosMo@暴走P,https://youtu.be/1umV2ZK64Jo?t=3862,TRUE,,
弾き語り,弾き語り配信,2020/12/28,Lemon,米津玄師,https://youtu.be/1umV2ZK64Jo?t=4439,TRUE,,
弾き語り,弾き語り配信,2020/12/28,デリヘル呼んだら君が来た,ナナホシ管弦楽団,https://youtu.be/1umV2ZK64Jo?t=4754,TRUE,,
弾き語り,弾き語り配信,2020/12/28,夕景イエスタデイ,じん,https://youtu.be/1umV2ZK64Jo?t=5101,TRUE,,
弾き語り,弾き語り配信,2020/12/28,君じゃなきゃダメみたい,オーイシマサヨシ,https://youtu.be/1umV2ZK64Jo?t=5513,TRUE,,
弾き語り,弾き語り配信,2020/12/28,Virtual to LIVE,にじさんじ,https://youtu.be/1umV2ZK64Jo?t=5796,TRUE,,
弾き語り,弾き語り配信,2021/01/08,青いベンチ,サスケ,https://youtu.be/ghE8mZ_ZVgk?t=228,TRUE,,
弾き語り,弾き語り配信,2021/01/08,ここにしか咲かない花,コブクロ,https://youtu.be/ghE8mZ_ZVgk?t=601,TRUE,,
弾き語り,弾き語り配信,2021/01/08,マリーゴールド,あいみょん,https://youtu.be/ghE8mZ_ZVgk?t=1096,TRUE,,
弾き語り,弾き語り配信,2021/01/08,フリージア,Uru,https://youtu.be/ghE8mZ_ZVgk?t=1484,TRUE,,
弾き語り,弾き語り配信,2021/01/08,1925,冨田悠斗(とみー/T-POCKET),https://youtu.be/ghE8mZ_ZVgk?t=1749,TRUE,,
弾き語り,弾き語り配信,2021/01/08,No Logic,ジミーサムP,https://youtu.be/ghE8mZ_ZVgk?t=2119,TRUE,,
弾き語り,弾き語り配信,2021/01/08,想像フォレスト,じん,https://youtu.be/ghE8mZ_ZVgk?t=2709,TRUE,,
弾き語り,弾き語り配信,2021/01/08,チルドレンレコード,じん,https://youtu.be/ghE8mZ_ZVgk?t=3061,TRUE,,
弾き語り,弾き語り配信,2021/01/08,ロミオとシンデレラ,doriko,https://youtu.be/ghE8mZ_ZVgk?t=3317,TRUE,,
弾き語り,弾き語り配信,2021/01/08,ニホンノミカタ -ネバダカラキマシタ-,矢島美容室,https://youtu.be/ghE8mZ_ZVgk?t=3783,TRUE,,
弾き語り,弾き語り配信,2021/01/08,約束,如月千早(今井麻美),https://youtu.be/ghE8mZ_ZVgk?t=4599,TRUE,,
弾き語り,弾き語り配信,2021/01/08,虹,二宮和也,https://youtu.be/ghE8mZ_ZVgk?t=5155,TRUE,,
弾き語り,弾き語り配信,2021/01/08,炎,LiSA,https://youtu.be/ghE8mZ_ZVgk?t=5514,TRUE,,
弾き語り,弾き語り配信,2021/01/08,sweets parade,髏々宮カルタ(花澤香菜),https://youtu.be/ghE8mZ_ZVgk?t=6503,TRUE,,
弾き語り,弾き語り配信,2021/01/08,メルト,ryo(supercell),https://youtu.be/ghE8mZ_ZVgk?t=6659,TRUE,,
弾き語り,弾き語り配信,2021/01/08,涙そうそう,夏川りみ,https://youtu.be/ghE8mZ_ZVgk?t=7038,TRUE,,
弾き語り,弾き語り配信,2021/01/12,"Hello, Worker",KEI,https://youtu.be/uBLZ_SCeS0g?t=353,TRUE,,
弾き語り,弾き語り配信,2021/01/12,花に亡霊,ヨルシカ,https://youtu.be/uBLZ_SCeS0g?t=669,TRUE,,
弾き語り,弾き語り配信,2021/01/12,366日,HY,https://youtu.be/uBLZ_SCeS0g?t=1134,TRUE,,
弾き語り,弾き語り配信,2021/01/12,心做し,蝶々P,https://youtu.be/uBLZ_SCeS0g?t=1620,TRUE,,
弾き語り,弾き語り配信,2021/01/12,かくれんぼ,buzzG,https://youtu.be/uBLZ_SCeS0g?t=2049,TRUE,,
弾き語り,弾き語り配信,2021/01/12,星の唄,buzzG,https://youtu.be/uBLZ_SCeS0g?t=2386,TRUE,,
弾き語り,弾き語り配信,2021/01/12,らいおんハート,SMAP,https://youtu.be/uBLZ_SCeS0g?t=2807,TRUE,,
弾き語り,弾き語り配信,2021/01/12,Good-bye days,YUI,https://youtu.be/uBLZ_SCeS0g?t=3220,TRUE,,
弾き語り,弾き語り配信,2021/01/12,My Generation,YUI,https://youtu.be/uBLZ_SCeS0g?t=3485,TRUE,,
弾き語り,弾き語り配信,2021/01/12,深愛,水樹奈々,https://youtu.be/uBLZ_SCeS0g?t=3812,TRUE,,
弾き語り,弾き語り配信,2021/01/12,SUPER GENERATION,水樹奈々,https://youtu.be/uBLZ_SCeS0g?t=4176,TRUE,,
弾き語り,弾き語り配信,2021/01/12,Rain,秦基博,https://youtu.be/uBLZ_SCeS0g?t=4383,TRUE,,
弾き語り,弾き語り配信,2021/01/12,Snow halation,μ's,https://youtu.be/uBLZ_SCeS0g?t=4740,TRUE,,
弾き語り,弾き語り配信,2021/01/12,1%の恋人,HoneyWorks feat.南(豊永利行),https://youtu.be/uBLZ_SCeS0g?t=5325,TRUE,,
弾き語り,弾き語り配信,2021/01/12,君はともだち,ダイアモンド☆ユカイ,https://youtu.be/uBLZ_SCeS0g?t=5872,TRUE,,
弾き語り,弾き語り配信,2021/01/12,A Whole New World,石井一孝、麻生かほ里,https://youtu.be/uBLZ_SCeS0g?t=6647,TRUE,,
弾き語り,弾き語り配信,2021/01/12,とびら開けて,神田沙也加、津田英佑,https://youtu.be/uBLZ_SCeS0g?t=6327,TRUE,,
弾き語り,弾き語り配信,2021/01/12,バレンタイン・キッス,国生さゆり,https://youtu.be/uBLZ_SCeS0g?t=6528,TRUE,,
弾き語り,弾き語り配信,2021/01/12,別の人の彼女になったよ,wacci,https://youtu.be/uBLZ_SCeS0g?t=6760,TRUE,,
弾き語り,弾き語り配信,2021/01/12,風になる,つじあやの,https://youtu.be/uBLZ_SCeS0g?t=7679,TRUE,,
弾き語り,弾き語り配信,2021/01/16,睡蓮花,湘南乃風,https://youtu.be/1tVGjV_v9Ow?t=545,TRUE,,
弾き語り,弾き語り配信,2021/01/16,風になる,つじあやの,https://youtu.be/1tVGjV_v9Ow?t=884,TRUE,,
弾き語り,弾き語り配信,2021/01/16,いつも何度でも,木村弓,https://youtu.be/1tVGjV_v9Ow?t=1184,TRUE,,
弾き語り,弾き語り配信,2021/01/16,猫,DISH//,https://youtu.be/1tVGjV_v9Ow?t=1451,TRUE,,
弾き語り,弾き語り配信,2021/01/16,Love so sweet,嵐,https://youtu.be/1tVGjV_v9Ow?t=1628,TRUE,,
弾き語り,弾き語り配信,2021/01/16,葛飾ラプソディ,堂島孝平,https://youtu.be/1tVGjV_v9Ow?t=1775,TRUE,,
弾き語り,弾き語り配信,2021/01/16,やさしさに包まれたなら,松任谷由実,https://youtu.be/1tVGjV_v9Ow?t=1996,TRUE,,
弾き語り,弾き語り配信,2021/01/16,さくらんぼ,大塚愛,https://youtu.be/1tVGjV_v9Ow?t=2124,TRUE,,
弾き語り,弾き語り配信,2021/01/16,おジャ魔女カーニバル!!,MAHO堂,https://youtu.be/1tVGjV_v9Ow?t=2326,TRUE,,
弾き語り,弾き語り配信,2021/01/16,亜麻色の髪の乙女,島谷ひとみ,https://youtu.be/1tVGjV_v9Ow?t=2521,TRUE,,
弾き語り,弾き語り配信,2021/01/16,ぼうやの夢よ,エミリア(高橋李依),https://youtu.be/1tVGjV_v9Ow?t=2689,TRUE,,
弾き語り,弾き語り配信,2021/01/16,ちいさな冒険者,アクア(雨宮天)、めぐみん(高橋李依)、ダクネス(茅野愛衣),https://youtu.be/1tVGjV_v9Ow?t=2814,TRUE,,
弾き語り,弾き語り配信,2021/01/16,恋するフォーチュンクッキー,AKB48,https://youtu.be/1tVGjV_v9Ow?t=2944,TRUE,,
弾き語り,弾き語り配信,2021/01/16,ピエロ,KEI,https://youtu.be/1tVGjV_v9Ow?t=3145,TRUE,,
弾き語り,弾き語り配信,2021/01/16,115万キロのフィルム,Official髭男Dism,https://youtu.be/1tVGjV_v9Ow?t=3675,TRUE,,
弾き語り,弾き語り配信,2021/01/16,Rainbow,ROUND TABLE feat.Nino,https://youtu.be/1tVGjV_v9Ow?t=4006,TRUE,,
弾き語り,弾き語り配信,2021/01/16,カブトムシ,aiko,https://youtu.be/1tVGjV_v9Ow?t=4803,TRUE,,
弾き語り,弾き語り配信,2021/01/16,Little Traveler,ジミーサムP,https://youtu.be/1tVGjV_v9Ow?t=5054,TRUE,,
弾き語り,弾き語り配信,2021/01/21,少年ブレイヴ,じん,https://youtu.be/W4L6uxcV4zw?t=360,TRUE,,
弾き語り,弾き語り配信,2021/01/21,決意の朝に,Aqua Timez,https://youtu.be/W4L6uxcV4zw?t=912,TRUE,,
弾き語り,弾き語り配信,2021/01/21,Pretender,Official髭男dism,https://youtu.be/W4L6uxcV4zw?t=1354,TRUE,,
弾き語り,弾き語り配信,2021/01/21,Ghost of a smile,EGOIST,https://youtu.be/W4L6uxcV4zw?t=1799,TRUE,,
弾き語り,弾き語り配信,2021/01/21,いけないボーダーライン,ワルキューレ,https://youtu.be/W4L6uxcV4zw?t=2178,TRUE,,
弾き語り,弾き語り配信,2021/01/21,ダイアモンド クレバス,シェリル・ノーム starring May'n,https://youtu.be/W4L6uxcV4zw?t=2458,TRUE,,
弾き語り,弾き語り配信,2021/01/21,ふたたび,平原綾香,https://youtu.be/W4L6uxcV4zw?t=2966,TRUE,,
弾き語り,弾き語り配信,2021/01/21,サリシノハラ,みきとP,https://youtu.be/W4L6uxcV4zw?t=3137,TRUE,,
弾き語り,弾き語り配信,2021/01/21,愛にできることはまだあるかい,RADWIMPS,https://youtu.be/W4L6uxcV4zw?t=3290,TRUE,,
弾き語り,弾き語り配信,2021/01/21,祝祭,RADWIMPS,https://youtu.be/W4L6uxcV4zw?t=3461,TRUE,,
弾き語り,弾き語り配信,2021/01/21,UNION,OxT,https://youtu.be/W4L6uxcV4zw?t=4022,TRUE,,
弾き語り,弾き語り配信,2021/01/21,God knows…,涼宮ハルヒ(平野綾),https://youtu.be/W4L6uxcV4zw?t=4492,TRUE,,
弾き語り,弾き語り配信,2021/01/21,溝ノ口太陽族,manzo,https://youtu.be/W4L6uxcV4zw?t=4891,TRUE,,
弾き語り,弾き語り配信,2021/01/21,RAINBOW GIRL,となさ,https://youtu.be/W4L6uxcV4zw?t=6493,TRUE,,
弾き語り,メン限弾き語り,2021/01/25,（メン限）,,https://youtu.be/ttzWv6KAMJE,TRUE,,
弾き語り,弾き語り配信,2021/01/29,ほうき星,ユンナ,https://youtu.be/OBQ9nHCtvYU?t=309,TRUE,,
弾き語り,弾き語り配信,2021/01/29,残酷な天使のテーゼ,高橋洋子,https://youtu.be/OBQ9nHCtvYU?t=596,TRUE,,
弾き語り,弾き語り配信,2021/01/29,夜空ノムコウ,SMAP,https://youtu.be/OBQ9nHCtvYU?t=1053,TRUE,,
弾き語り,弾き語り配信,2021/01/29,Progress,スガシカオ,https://youtu.be/OBQ9nHCtvYU?t=1504,TRUE,,
弾き語り,弾き語り配信,2021/01/29,アスノヨゾラ哨戒班,Orangestar,https://youtu.be/OBQ9nHCtvYU?t=1643,TRUE,,
弾き語り,弾き語り配信,2021/01/29,全部君がいたから知ったんだ,鈴木このみ,https://youtu.be/OBQ9nHCtvYU?t=1999,TRUE,,
弾き語り,弾き語り配信,2021/01/29,When You Wish Upon A Star,Cliff Edwards,https://youtu.be/OBQ9nHCtvYU?t=2348,TRUE,,
弾き語り,弾き語り配信,2021/01/29,となりのトトロ,井上あずみ,https://youtu.be/OBQ9nHCtvYU?t=2661,TRUE,,
弾き語り,弾き語り配信,2021/01/29,カントリーロード,本名陽子,https://youtu.be/OBQ9nHCtvYU?t=3051,TRUE,,
弾き語り,弾き語り配信,2021/01/29,いのちの名前,木村弓,https://youtu.be/OBQ9nHCtvYU?t=3252,TRUE,,
弾き語り,弾き語り配信,2021/01/29,さくら,森山直太朗,https://youtu.be/OBQ9nHCtvYU?t=3793,TRUE,,
弾き語り,弾き語り配信,2021/01/29,白夜～True Light～,宮本駿一,https://youtu.be/OBQ9nHCtvYU?t=4175,TRUE,,
弾き語り,弾き語り配信,2021/01/29,ねぇ,藤田麻衣子,https://youtu.be/OBQ9nHCtvYU?t=4888,TRUE,,
弾き語り,弾き語り配信,2021/01/29,キラメキ,wacci,https://youtu.be/OBQ9nHCtvYU?t=5673,TRUE,,
弾き語り,弾き語り配信,2021/01/29,七色シンフォニー,コアラモード.,https://youtu.be/OBQ9nHCtvYU?t=6088,TRUE,,
弾き語り,弾き語り配信,2021/01/29,恋,奥華子,https://youtu.be/OBQ9nHCtvYU?t=6489,TRUE,,
弾き語り,弾き語り配信,2021/01/29,涙そうそう,夏川りみ,https://youtu.be/OBQ9nHCtvYU?t=7564,TRUE,,
弾き語り,弾き語り配信,2021/02/05,RAIN,SEKAI NO OWARI,https://youtu.be/RAh5zCvb_yc?t=392,TRUE,,
弾き語り,弾き語り配信,2021/02/05,一斉の声,喜多修平,https://youtu.be/RAh5zCvb_yc?t=832,TRUE,,
弾き語り,弾き語り配信,2021/02/05,Let Me Be With You,ROUND TABLE feat.Nino,https://youtu.be/RAh5zCvb_yc?t=1757,TRUE,,
弾き語り,弾き語り配信,2021/02/05,アンパンマンのマーチ,島本須美,https://youtu.be/RAh5zCvb_yc?t=2193,TRUE,,
弾き語り,弾き語り配信,2021/02/05,リニアブルーを聴きながら,UNISON SQUARE GARDEN,https://youtu.be/RAh5zCvb_yc?t=2596,TRUE,,
弾き語り,弾き語り配信,2021/02/05,All Alone With You,EGOIST,https://youtu.be/RAh5zCvb_yc?t=3083,TRUE,,
弾き語り,弾き語り配信,2021/02/05,変わらないもの,奥華子,https://youtu.be/RAh5zCvb_yc?t=3686,TRUE,,
弾き語り,弾き語り配信,2021/02/05,幸せ願う彼方から,泉かなた(島本須美),https://youtu.be/RAh5zCvb_yc?t=4058,TRUE,,
弾き語り,弾き語り配信,2021/02/05,"Don't say ""lazy""",放課後ティータイム(桜高軽音部),https://youtu.be/RAh5zCvb_yc?t=4548,TRUE,,
弾き語り,弾き語り配信,2021/02/05,境界の彼方,茅原美里,https://youtu.be/RAh5zCvb_yc?t=5218,TRUE,,
弾き語り,弾き語り配信,2021/02/05,もう恋なんてしない,槇原敬之,https://youtu.be/RAh5zCvb_yc?t=6525,TRUE,,
弾き語り,弾き語り配信,2021/02/05,Hungry Spider,槇原敬之,https://youtu.be/RAh5zCvb_yc?t=6792,TRUE,,
弾き語り,弾き語り配信,2021/02/08,ニア,夏代孝明,https://youtu.be/VJDCDWsN7jU?t=313,TRUE,,
弾き語り,弾き語り配信,2021/02/08,Butter-Fly,和田光司,https://youtu.be/VJDCDWsN7jU?t=1004,TRUE,,
弾き語り,弾き語り配信,2021/02/08,COLORS,FLOW,https://youtu.be/VJDCDWsN7jU?t=1401,TRUE,,
弾き語り,弾き語り配信,2021/02/08,READY STEADY GO,L'Arc~en~Ciel,https://youtu.be/VJDCDWsN7jU?t=1801,TRUE,,
弾き語り,弾き語り配信,2021/02/08,ホログラム,NICO Touches the Walls,https://youtu.be/VJDCDWsN7jU?t=2129,TRUE,,
弾き語り,弾き語り配信,2021/02/08,GLAMOROUS SKY,中島美嘉,https://youtu.be/VJDCDWsN7jU?t=2472,TRUE,,
弾き語り,弾き語り配信,2021/02/08,愛のうた,ストロベリー・フラワー,https://youtu.be/VJDCDWsN7jU?t=3247,TRUE,,
弾き語り,弾き語り配信,2021/02/08,シンデレラ・クリスマス,KinKi Kids,https://youtu.be/VJDCDWsN7jU?t=6080,TRUE,,
弾き語り,弾き語り配信,2021/02/08,TAKE ME HIGHER,V6,https://youtu.be/VJDCDWsN7jU?t=6485,TRUE,,
弾き語り,弾き語り配信,2021/02/08,ラ♪ラ♪ラ♪スイートプリキュア♪,工藤真由,https://youtu.be/VJDCDWsN7jU?t=6776,TRUE,,
弾き語り,弾き語り配信,2021/02/08,睡蓮花,湘南乃風,https://youtu.be/VJDCDWsN7jU?t=8121,TRUE,,
弾き語り,弾き語り配信,2021/02/08,ロコローション,ORANGE RANGE,https://youtu.be/VJDCDWsN7jU?t=8638,TRUE,,
弾き語り,弾き語り配信,2021/02/08,シャカビーチ～Laka Laka La～,UVERworld,https://youtu.be/VJDCDWsN7jU?t=8875,TRUE,,
弾き語り,弾き語り配信,2021/02/08,青と夏,Mrs.GREEN APPLE,https://youtu.be/VJDCDWsN7jU?t=9117,TRUE,,
弾き語り,弾き語り配信,2021/02/14,バレンタイン・キッス,国生さゆり,https://youtu.be/NXqpl-9tw8c?t=295,TRUE,,
弾き語り,弾き語り配信,2021/02/14,心予報,Eve,https://youtu.be/NXqpl-9tw8c?t=656,TRUE,,
弾き語り,弾き語り配信,2021/02/14,チョコレート・トレイン,PENGUINS PROJECT(思春期P),https://youtu.be/NXqpl-9tw8c?t=952,TRUE,,
弾き語り,弾き語り配信,2021/02/14,カヌレ,CHiCO with HoneyWorks,https://youtu.be/NXqpl-9tw8c?t=1335,TRUE,,
弾き語り,弾き語り配信,2021/02/14,sweets parade,髏々宮カルタ(花澤香菜),https://youtu.be/NXqpl-9tw8c?t=1708,TRUE,,
弾き語り,弾き語り配信,2021/02/14,スイートマジック,Junky,https://youtu.be/NXqpl-9tw8c?t=2166,TRUE,,
弾き語り,弾き語り配信,2021/02/14,ワールドイズマイン,ryo(supercell),https://youtu.be/NXqpl-9tw8c?t=2587,TRUE,,
弾き語り,弾き語り配信,2021/02/14,ロミオとシンデレラ,doriko,https://youtu.be/NXqpl-9tw8c?t=2991,TRUE,,
弾き語り,弾き語り配信,2021/02/14,エンヴィーベイビー,Kanaria,https://youtu.be/NXqpl-9tw8c?t=3896,TRUE,,
弾き語り,弾き語り配信,2021/02/14,ハナミズキ,一青窈,https://youtu.be/NXqpl-9tw8c?t=4469,TRUE,,
弾き語り,弾き語り配信,2021/02/14,眠り姫,SEKAI NO OWARI,https://youtu.be/NXqpl-9tw8c?t=4962,TRUE,,
弾き語り,弾き語り配信,2021/02/14,First Love,宇多田ヒカル,https://youtu.be/NXqpl-9tw8c?t=5368,TRUE,,
弾き語り,ギタレレ配信,2021/02/17,TSUNAMI,サザンオールスターズ,https://youtu.be/ZztS4PR6vqc?t=426,TRUE,,
弾き語り,ギタレレ配信,2021/02/17,ゆるふわ樹海ガール,石風呂,https://youtu.be/ZztS4PR6vqc?t=885,TRUE,,
弾き語り,ギタレレ配信,2021/02/17,星の唄,buzzG,https://youtu.be/ZztS4PR6vqc?t=1236,TRUE,,
弾き語り,ギタレレ配信,2021/02/17,君をのせて,井上あずみ,https://youtu.be/ZztS4PR6vqc?t=1677,TRUE,,
弾き語り,ギタレレ配信,2021/02/17,もののけ姫,米良美一,https://youtu.be/ZztS4PR6vqc?t=1982,TRUE,,
弾き語り,ギタレレ配信,2021/02/17,シンフォニー,牧野由依,https://youtu.be/ZztS4PR6vqc?t=2482,TRUE,,
弾き語り,ギタレレ配信,2021/02/17,Crosswalk,鈴木みのり,https://youtu.be/ZztS4PR6vqc?t=2880,TRUE,,
弾き語り,ギタレレ配信,2021/02/17,猫,DISH//,https://youtu.be/ZztS4PR6vqc?t=3276,TRUE,,
弾き語り,ギタレレ配信,2021/02/17,告白,supercell,https://youtu.be/ZztS4PR6vqc?t=3806,TRUE,,
弾き語り,ギタレレ配信,2021/02/17,アイロニ,すこっぷ,https://youtu.be/ZztS4PR6vqc?t=4336,TRUE,,
弾き語り,ギタレレ配信,2021/02/17,盲目の宇宙飛行士,yukkedoluce(黒髪ストロングP),https://youtu.be/ZztS4PR6vqc?t=5407,TRUE,,
弾き語り,ツイキャス,2021/02/19,ドライフラワー,優里,https://twitcasting.tv/kaida_haru/movie/668180916,TRUE,,
弾き語り,ツイキャス,2021/02/19,Pretender,Official髭男dism,https://twitcasting.tv/kaida_haru/movie/668180916,TRUE,,
弾き語り,ツイキャス,2021/02/19,炎,LiSA,https://twitcasting.tv/kaida_haru/movie/668180916,TRUE,,
弾き語り,ツイキャス,2021/02/19,ひまわりの約束,秦基博,https://twitcasting.tv/kaida_haru/movie/668180916,TRUE,,
弾き語り,ツイキャス,2021/02/19,こいのうた,戸松遥,https://twitcasting.tv/kaida_haru/movie/668180916,TRUE,,
弾き語り,ツイキャス,2021/02/19,星が瞬くこんな夜に,supercell,https://twitcasting.tv/kaida_haru/movie/668180916,TRUE,,
弾き語り,ツイキャス,2021/02/19,約束をしよう,supercell,https://twitcasting.tv/kaida_haru/movie/668180916,TRUE,,
弾き語り,ツイキャス,2021/02/19,Departures ～あなたにおくるアイの歌～,EGOIST,https://twitcasting.tv/kaida_haru/movie/668180916,TRUE,,
弾き語り,弾き語り配信,2021/02/24,カブトムシ,aiko,https://youtu.be/JQ_dh6tRNTo?t=239,TRUE,,
弾き語り,弾き語り配信,2021/02/24,コスモノート,天月,https://youtu.be/JQ_dh6tRNTo?t=703,TRUE,,
弾き語り,弾き語り配信,2021/02/24,アイネクライネ,米津玄師,https://youtu.be/JQ_dh6tRNTo?t=3813,TRUE,,
弾き語り,弾き語り配信,2021/02/24,Rally Go Round,LiSA,https://youtu.be/JQ_dh6tRNTo?t=4193,TRUE,,
弾き語り,弾き語り配信,2021/02/24,Answer,FLOW,https://youtu.be/JQ_dh6tRNTo?t=4653,TRUE,,
弾き語り,弾き語り配信,2021/02/24,ワールド・ランプシェード,buzzG,https://youtu.be/JQ_dh6tRNTo?t=5295,TRUE,,
弾き語り,弾き語り配信,2021/02/24,かくれんぼ,buzzG,https://youtu.be/JQ_dh6tRNTo?t=5670,TRUE,,
弾き語り,弾き語り配信,2021/02/24,Calc.,ジミーサムP,https://youtu.be/JQ_dh6tRNTo?t=6052,TRUE,,
弾き語り,弾き語り配信,2021/02/24,決意の朝に,Aqua Timez,https://youtu.be/JQ_dh6tRNTo?t=6395,TRUE,,
弾き語り,弾き語り配信,2021/03/02,しおり,Aqua Timez,https://youtu.be/FyYzRPwS26U?t=286,TRUE,,
弾き語り,弾き語り配信,2021/03/02,旅立ちの日に,ー,https://youtu.be/FyYzRPwS26U?t=711,TRUE,,
弾き語り,弾き語り配信,2021/03/02,旅立ちの日に・・・,川嶋あい,https://youtu.be/FyYzRPwS26U?t=1110,TRUE,,
弾き語り,弾き語り配信,2021/03/02,桜ノ雨,halyosy,https://youtu.be/FyYzRPwS26U?t=1337,TRUE,,
弾き語り,弾き語り配信,2021/03/02,3月9日,レミオロメン,https://youtu.be/FyYzRPwS26U?t=1781,TRUE,,
弾き語り,弾き語り配信,2021/03/02,桜,コブクロ,https://youtu.be/FyYzRPwS26U?t=2197,TRUE,,
弾き語り,弾き語り配信,2021/03/02,さくら(独唱),森山直太朗,https://youtu.be/FyYzRPwS26U?t=2664,TRUE,,
弾き語り,弾き語り配信,2021/03/02,さよならメモリーズ,supercell,https://youtu.be/FyYzRPwS26U?t=2963,TRUE,,
弾き語り,弾き語り配信,2021/03/02,oath sign,LiSA,https://youtu.be/FyYzRPwS26U?t=3198,TRUE,,
弾き語り,弾き語り配信,2021/03/02,ARiA,とくP,https://youtu.be/FyYzRPwS26U?t=3798,TRUE,,
弾き語り,弾き語り配信,2021/03/02,SPiCa,とくP,https://youtu.be/FyYzRPwS26U?t=4055,TRUE,,
弾き語り,弾き語り配信,2021/03/02,Wishing,レム(水瀬いのり),https://youtu.be/FyYzRPwS26U?t=4473,TRUE,,
弾き語り,弾き語り配信,2021/03/02,明日も,MUSH＆Co.,https://youtu.be/FyYzRPwS26U?t=5095,TRUE,,
弾き語り,弾き語り配信,2021/03/02,真夏の果実,サザンオールスターズ,https://youtu.be/FyYzRPwS26U?t=6012,TRUE,,
弾き語り,弾き語り配信,2021/03/02,初恋の絵本,HoneyWorks,https://youtu.be/FyYzRPwS26U?t=6495,TRUE,,
弾き語り,弾き語り配信,2021/03/02,ホシアイ,レフティモンスターP,https://youtu.be/FyYzRPwS26U?t=7054,TRUE,,
弾き語り,弾き語り配信,2021/03/06,猫,DISH//,https://youtu.be/fV7bzKFn3Dg?t=351,TRUE,,
弾き語り,弾き語り配信,2021/03/06,天ノ弱,164,https://youtu.be/fV7bzKFn3Dg?t=796,TRUE,,
弾き語り,弾き語り配信,2021/03/06,KING,Kanaria,https://youtu.be/fV7bzKFn3Dg?t=1085,TRUE,,
弾き語り,弾き語り配信,2021/03/06,ハレ晴レユカイ,涼宮ハルヒ(平野綾)、長門有希(茅原実里)、朝比奈みくる(後藤邑子),https://youtu.be/fV7bzKFn3Dg?t=1438,TRUE,,
弾き語り,弾き語り配信,2021/03/06,青空のラプソディ,fhana,https://youtu.be/fV7bzKFn3Dg?t=1870,TRUE,,
弾き語り,弾き語り配信,2021/03/06,アイマイモコ,水瀬いのり,https://youtu.be/fV7bzKFn3Dg?t=2432,TRUE,,
弾き語り,弾き語り配信,2021/03/06,夢のつぼみ,水瀬いのり,https://youtu.be/fV7bzKFn3Dg?t=2552,TRUE,,
弾き語り,弾き語り配信,2021/03/06,コネクト,ClariS,https://youtu.be/fV7bzKFn3Dg?t=2832,TRUE,,
弾き語り,弾き語り配信,2021/03/06,ヒトリゴト,ClariS,https://youtu.be/fV7bzKFn3Dg?t=2995,TRUE,,
弾き語り,弾き語り配信,2021/03/06,adrenaline!!!,TrySail,https://youtu.be/fV7bzKFn3Dg?t=3132,TRUE,,
弾き語り,弾き語り配信,2021/03/06,1%の恋人,HoneyWorks feat.南(豊永利行),https://youtu.be/fV7bzKFn3Dg?t=3417,TRUE,,
弾き語り,弾き語り配信,2021/03/06,ようこそジャパリパークへ,どうぶつビスケッツ×PPP,https://youtu.be/fV7bzKFn3Dg?t=3804,TRUE,,
弾き語り,弾き語り配信,2021/03/06,シャルル,バルーン,https://youtu.be/fV7bzKFn3Dg?t=4183,TRUE,,
弾き語り,弾き語り配信,2021/03/06,アポロ,ポルノグラフィティ,https://youtu.be/fV7bzKFn3Dg?t=4797,TRUE,,
弾き語り,弾き語り配信,2021/03/06,サウダージ,ポルノグラフィティ,https://youtu.be/fV7bzKFn3Dg?t=4941,TRUE,,
弾き語り,弾き語り配信,2021/03/06,メリッサ,ポルノグラフィティ,https://youtu.be/fV7bzKFn3Dg?t=5089,TRUE,,
弾き語り,弾き語り配信,2021/03/06,瞬き,back number,https://youtu.be/fV7bzKFn3Dg?t=5819,TRUE,,
弾き語り,弾き語り配信,2021/03/06,115万キロのフィルム,Official髭男dism,https://youtu.be/fV7bzKFn3Dg?t=6254,TRUE,,
コラボ,コラボ歌枠,2021/03/14,からくりピエロ,40mP,https://youtu.be/OOE60UZUTMc?t=18m9s,,小野友樹,甲斐田晴
コラボ,コラボ歌枠,2021/03/14,ピエロ,KEI,https://youtu.be/OOE60UZUTMc?t=28m20s,,小野友樹,甲斐田晴
コラボ,コラボ歌枠,2021/03/14,地球最後の告白を,kemu,https://youtu.be/OOE60UZUTMc?t=37m25s,,小野友樹,甲斐田晴
"コラボ, ライブ",オンラインライブ,2021/03/14,乙女解剖,DECO*27,https://youtu.be/OOE60UZUTMc?t=2992,TRUE,,
"コラボ, ライブ",オンラインライブ,2021/03/14,magnet,minato(流星P),https://youtu.be/OOE60UZUTMc?t=3405,TRUE,,
"コラボ, ライブ",オンラインライブ,2021/03/14,六兆年と一夜物語,kemu,https://youtu.be/OOE60UZUTMc?t=3821,TRUE,,
弾き語り,弾き語り配信,2021/03/18,前前前世,RADWIMPS,https://youtu.be/PomDuEVXfEA?t=271,TRUE,,
弾き語り,弾き語り配信,2021/03/18,地球最後の告白を,kemu,https://youtu.be/PomDuEVXfEA?t=774,TRUE,,
弾き語り,弾き語り配信,2021/03/18,敗北の少年,kemu,https://youtu.be/PomDuEVXfEA?t=1209,TRUE,,
弾き語り,弾き語り配信,2021/03/18,千の夜を越えて,Aqua Timez,https://youtu.be/PomDuEVXfEA?t=1675,TRUE,,
弾き語り,弾き語り配信,2021/03/18,そばかす,JUDY AND MARY,https://youtu.be/PomDuEVXfEA?t=2350,TRUE,,
弾き語り,弾き語り配信,2021/03/18,清廉なるHeretics,毛蟹 feat.DracoVirgo,https://youtu.be/PomDuEVXfEA?t=2976,TRUE,,
弾き語り,弾き語り配信,2021/03/18,小さきもの,林明日香,https://youtu.be/PomDuEVXfEA?t=4577,TRUE,,
弾き語り,弾き語り配信,2021/03/18,私、アイドル宣言,CHiCO with HoneyWorks,https://youtu.be/PomDuEVXfEA?t=5090,TRUE,,
弾き語り,弾き語り配信,2021/03/18,可愛くなりたい,HoneyWorks,https://youtu.be/PomDuEVXfEA?t=5258,TRUE,,
弾き語り,弾き語り配信,2021/03/25,世界は恋に落ちている,CHiCO with HoneyWorks,https://youtu.be/KxiwdUKt5ug?t=388,TRUE,,
弾き語り,弾き語り配信,2021/03/25,プライド革命,CHiCO with HoneyWorks,https://youtu.be/KxiwdUKt5ug?t=954,TRUE,,
弾き語り,弾き語り配信,2021/03/25,ドライフラワー,優里,https://youtu.be/KxiwdUKt5ug?t=1444,TRUE,,
弾き語り,弾き語り配信,2021/03/25,TRAIN-TRAIN,THE BLUE HEARTS,https://youtu.be/KxiwdUKt5ug?t=1699,TRUE,,
弾き語り,弾き語り配信,2021/03/25,Q＆Aリサイタル!,戸松遥,https://youtu.be/KxiwdUKt5ug?t=21158,TRUE,,
弾き語り,弾き語り配信,2021/03/25,M♭,加藤恵(安野希世乃),https://youtu.be/KxiwdUKt5ug?t=3016,TRUE,,
弾き語り,弾き語り配信,2021/03/25,君色シグナル,春奈るな,https://youtu.be/KxiwdUKt5ug?t=3172,TRUE,,
弾き語り,弾き語り配信,2021/03/25,空色デイズ,中川翔子,https://youtu.be/KxiwdUKt5ug?t=3880,TRUE,,
弾き語り,弾き語り配信,2021/03/25,Just Be Friends,Dixie Flatline,https://youtu.be/KxiwdUKt5ug?t=5210,TRUE,,
弾き語り,弾き語り配信,2021/03/25,うたかた花火,supercell,https://youtu.be/KxiwdUKt5ug?t=5801,TRUE,,
弾き語り,弾き語り配信,2021/03/25,ピエロ,KEI,https://youtu.be/KxiwdUKt5ug?t=6506,TRUE,,
"コラボ, 弾き語り",コラボ歌枠,2021/03/29,猫,DISH//,https://youtu.be/9aYk28_pEak?t=64,TRUE,三枝明那,甲斐田晴
"コラボ, 弾き語り",コラボ歌枠,2021/03/29,ロメオ,LIP×LIP,https://youtu.be/9aYk28_pEak?t=756,TRUE,三枝明那,甲斐田晴
"コラボ, 弾き語り",コラボ歌枠,2021/03/29,青いベンチ,サスケ,https://youtu.be/9aYk28_pEak?t=1271,TRUE,三枝明那,甲斐田晴
"コラボ, 弾き語り",コラボ歌枠,2021/03/29,夜咄ディセイブ,じん,https://youtu.be/9aYk28_pEak?t=1836,TRUE,三枝明那,甲斐田晴
"コラボ, 弾き語り",コラボ歌枠,2021/03/29,太陽系デスコ,ナユタン星人,https://youtu.be/9aYk28_pEak?t=2325,TRUE,三枝明那,甲斐田晴
"コラボ, 弾き語り",コラボ歌枠,2021/03/29,Ti Amo,EXILE,https://youtu.be/9aYk28_pEak?t=2787,TRUE,三枝明那,甲斐田晴
"コラボ, 弾き語り",コラボ歌枠,2021/03/29,Virtual to LIVE,にじさんじ,https://youtu.be/9aYk28_pEak?t=3739,TRUE,三枝明那,甲斐田晴
"記念・お披露目, ライブ",オンラインライブ,2021/04/04,Butter-Fly,和田光司,https://youtu.be/ZD3moB2335o?t=144,TRUE,,
"記念・お披露目, ライブ",オンラインライブ,2021/04/04,一滴の影響,UVERworld,https://youtu.be/ZD3moB2335o?t=550,TRUE,,
"記念・お披露目, ライブ",オンラインライブ,2021/04/04,完全感覚Dreamer,ONE OK ROCK,https://youtu.be/ZD3moB2335o?t=851,TRUE,,
"記念・お披露目, ライブ",オンラインライブ,2021/04/04,Lost my music,涼宮ハルヒ(平野綾),https://youtu.be/ZD3moB2335o?t=1401,TRUE,,
"記念・お披露目, ライブ",オンラインライブ,2021/04/04,想像フォレスト,じん,https://youtu.be/ZD3moB2335o?t=1685,TRUE,,
"記念・お披露目, ライブ",オンラインライブ,2021/04/04,プライド革命,CHiCO with HoneyWorks,https://youtu.be/ZD3moB2335o?t=2272,TRUE,,
"記念・お披露目, ライブ",オンラインライブ,2021/04/04,地球最後の告白を,kemu,https://youtu.be/ZD3moB2335o?t=2539,TRUE,,
"記念・お披露目, ライブ",オンラインライブ,2021/04/04,敗北の少年,kemu,https://youtu.be/ZD3moB2335o?t=3099,TRUE,,
弾き語り,弾き語り配信,2021/04/07,愛言葉,DECO*27,https://youtu.be/VdbVaczlGx0?t=389,TRUE,,
弾き語り,弾き語り配信,2021/04/07,Say my nameの片思い,LiSA,https://youtu.be/VdbVaczlGx0?t=666,TRUE,,
弾き語り,弾き語り配信,2021/04/07,創聖のアクエリオン,AKINO,https://youtu.be/VdbVaczlGx0?t=1035,TRUE,,
弾き語り,弾き語り配信,2021/04/07,ignited-イグナイテッド-,T.M.revolution,https://youtu.be/VdbVaczlGx0?t=1646,TRUE,,
弾き語り,弾き語り配信,2021/04/07,儚くも永久のカナシ,UVERworld,https://youtu.be/VdbVaczlGx0?t=1830,TRUE,,
弾き語り,弾き語り配信,2021/04/07,ヒカリ,樹海,https://youtu.be/VdbVaczlGx0?t=2581,TRUE,,
弾き語り,弾き語り配信,2021/04/07,MEMORIA,藍井エイル,https://youtu.be/VdbVaczlGx0?t=3941,TRUE,,
弾き語り,弾き語り配信,2021/04/07,残酷な天使のテーゼ,高橋洋子,https://youtu.be/VdbVaczlGx0?t=3726,TRUE,,
弾き語り,弾き語り配信,2021/04/15,風になる,つじあやの,https://youtu.be/N78m9WLdOVU?t=219,TRUE,,
弾き語り,弾き語り配信,2021/04/15,さよならのかわりに,レフティーモンスターP,https://youtu.be/N78m9WLdOVU?t=968,TRUE,,
弾き語り,弾き語り配信,2021/04/15,硝子の少年,KinKi Kids,https://youtu.be/N78m9WLdOVU?t=1489,TRUE,,
弾き語り,弾き語り配信,2021/04/15,ヴァンパイア,DECO*27,https://youtu.be/N78m9WLdOVU?t=1981,TRUE,,
弾き語り,弾き語り配信,2021/04/15,weeeek,NEWS,https://youtu.be/N78m9WLdOVU?t=2499,TRUE,,
弾き語り,弾き語り配信,2021/04/15,夜空ノムコウ,SMAP,https://youtu.be/N78m9WLdOVU?t=3269,TRUE,,
弾き語り,弾き語り配信,2021/04/15,カタオモイ,Aimer,https://youtu.be/N78m9WLdOVU?t=3656,TRUE,,
弾き語り,弾き語り配信,2021/04/15,なんでもないや,RADWIMPS,https://youtu.be/N78m9WLdOVU?t=4030,TRUE,,
弾き語り,弾き語り配信,2021/04/15,スパークル,RADWIMPS,https://youtu.be/N78m9WLdOVU?t=4464,TRUE,,
弾き語り,弾き語り配信,2021/04/15,Hello Goodbye＆Hello,熊木杏里,https://youtu.be/N78m9WLdOVU?t=4877,TRUE,,
弾き語り,弾き語り配信,2021/04/15,夏恋花火,40mP,https://youtu.be/N78m9WLdOVU?t=5924,TRUE,,
弾き語り,弾き語り配信,2021/04/15,キラメキ,wacci,https://youtu.be/N78m9WLdOVU?t=6461,TRUE,,
弾き語り,弾き語り配信,2021/04/15,ガーネット,奥華子,https://youtu.be/N78m9WLdOVU?t=6894,TRUE,,
弾き語り,公式番組,2021/05/25,Mela!,緑黄色社会,https://www.nicovideo.jp/watch/so38832436?from=2738,TRUE,,
弾き語り,公式番組,2021/05/25,PIECES OF A DREAM,CHEMISTRY,https://www.nicovideo.jp/watch/so38832436?from=3362,TRUE,不破湊,
弾き語り,その他配信,2021/05/26,Rain,秦基博,https://youtu.be/MO0lNB1sYCA?t=12879,TRUE,,
弾き語り,弾き語り配信,2021/05/29,アスノヨゾラ哨戒班,Orangestar,https://youtu.be/G4KfTN2SAHg?t=329,TRUE,,
弾き語り,弾き語り配信,2021/05/29,ホシアイ,レフティーモンスターＰ,https://youtu.be/G4KfTN2SAHg?t=588,TRUE,,
弾き語り,弾き語り配信,2021/05/29,ドライフラワー,優里,https://youtu.be/G4KfTN2SAHg?t=1118,TRUE,,
弾き語り,弾き語り配信,2021/05/29,夜に駆ける,YOASOBI,https://youtu.be/G4KfTN2SAHg?t=1382,TRUE,,
弾き語り,弾き語り配信,2021/05/29,小さきもの,林明日香,https://youtu.be/G4KfTN2SAHg?t=1630,TRUE,,
弾き語り,弾き語り配信,2021/05/29,空色デイズ,中川翔子,https://youtu.be/G4KfTN2SAHg?t=2322,TRUE,,
弾き語り,弾き語り配信,2021/05/29,太陽系デスコ,ナユタン星人,https://youtu.be/G4KfTN2SAHg?t=2836,TRUE,,
弾き語り,弾き語り配信,2021/05/29,夢灯籠,RADWIMPS,https://youtu.be/G4KfTN2SAHg?t=3200,TRUE,,
弾き語り,弾き語り配信,2021/05/29,ユメセカイ,戸松遥,https://youtu.be/G4KfTN2SAHg?t=3390,TRUE,,
弾き語り,弾き語り配信,2021/05/29,366日,HY,https://youtu.be/G4KfTN2SAHg?t=4071,TRUE,,
弾き語り,弾き語り配信,2021/06/01,気まぐれロマンティック,いきものがかり,https://youtu.be/D5HEEITkU4A?t=246,TRUE,,
弾き語り,弾き語り配信,2021/06/01,からくりピエロ,40mP,https://youtu.be/D5HEEITkU4A?t=770,TRUE,,
弾き語り,弾き語り配信,2021/06/01,シュガーソングとビターステップ,UNISON SQUARE GARDEN,https://youtu.be/D5HEEITkU4A?t=1287,TRUE,,
弾き語り,弾き語り配信,2021/06/01,少年と魔法のロボット,40mP,https://youtu.be/D5HEEITkU4A?t=1704,TRUE,,
弾き語り,弾き語り配信,2021/06/01,少年とロボット,佐香智久,https://youtu.be/D5HEEITkU4A?t=2092,TRUE,,
弾き語り,弾き語り配信,2021/06/01,僕たちの行方,高橋瞳,https://youtu.be/D5HEEITkU4A?t=2469,TRUE,,
弾き語り,弾き語り配信,2021/06/01,泪のムコウ,ステレオポニー,https://youtu.be/D5HEEITkU4A?t=2688,TRUE,,
弾き語り,弾き語り配信,2021/06/01,栄光の架橋,ゆず,https://youtu.be/D5HEEITkU4A?t=3052,TRUE,,
弾き語り,弾き語り配信,2021/06/01,ヴァンパイア,DECO*27,https://youtu.be/D5HEEITkU4A?t=3418,TRUE,,
弾き語り,弾き語り配信,2021/06/01,夜もすがら君想ふ,TOKOTOKO(西沢さんP),https://youtu.be/D5HEEITkU4A?t=3753,TRUE,,
弾き語り,弾き語り配信,2021/06/01,First Love,宇多田ヒカル,https://youtu.be/D5HEEITkU4A?t=3877,TRUE,,
弾き語り,弾き語り配信,2021/06/01,らいおんハート,SMAP,https://youtu.be/D5HEEITkU4A?t=4307,TRUE,,
弾き語り,弾き語り配信,2021/06/01,"Hello, Worker",KEI,https://youtu.be/D5HEEITkU4A?t=4492,TRUE,,
弾き語り,弾き語り配信,2021/06/01,サマータイムレコード,じん,https://youtu.be/D5HEEITkU4A?t=4913,TRUE,,
弾き語り,弾き語り配信,2021/06/06,決意の朝に,Aqua Timez,https://youtu.be/p3jijEGwUmE?t=495,TRUE,,
弾き語り,弾き語り配信,2021/06/06,夜もすがら君想ふ,TOKOTOKO(西沢さんＰ),https://youtu.be/p3jijEGwUmE?t=1144,TRUE,,
弾き語り,弾き語り配信,2021/06/06,猫,DISH//,https://youtu.be/p3jijEGwUmE?t=1481,TRUE,,
弾き語り,弾き語り配信,2021/06/06,メルト,ryo(supercell),https://youtu.be/p3jijEGwUmE?t=1740,TRUE,,
弾き語り,弾き語り配信,2021/06/06,パンダーヒーロー,ハチ,https://youtu.be/p3jijEGwUmE?t=2391,TRUE,,
弾き語り,弾き語り配信,2021/06/06,シャカビーチ~Laka Laka La~,UVERworld,https://youtu.be/p3jijEGwUmE?t=3018,TRUE,,
弾き語り,弾き語り配信,2021/06/06,浮世CROSSING,UVERworld,https://youtu.be/p3jijEGwUmE?t=3106,TRUE,,
弾き語り,弾き語り配信,2021/06/06,1/2,川本真琴,https://youtu.be/p3jijEGwUmE?t=3369,TRUE,,
弾き語り,弾き語り配信,2021/06/06,そばかす,JUDY AND MARY,https://youtu.be/p3jijEGwUmE?t=3551,TRUE,,
弾き語り,弾き語り配信,2021/06/06,となりのトトロ,井上あずみ,https://youtu.be/p3jijEGwUmE?t=4529,TRUE,,
弾き語り,弾き語り配信,2021/06/06,もののけ姫,米良美一,https://youtu.be/p3jijEGwUmE?t=4949,TRUE,,
弾き語り,弾き語り配信,2021/06/06,しわ,buzzG,https://youtu.be/p3jijEGwUmE?t=5882,TRUE,,
弾き語り,弾き語り配信,2021/06/06,雨上がりのミライ,ミルキィホームズ,https://youtu.be/p3jijEGwUmE?t=6521,TRUE,,
弾き語り,弾き語り配信,2021/06/06,RAIN,SEKAI NO OWARI,https://youtu.be/p3jijEGwUmE?t=6771,TRUE,,
弾き語り,弾き語り配信,2021/06/11,カサブタ,千綿ヒデノリ,https://youtu.be/OUrpXddBfC4?t=296,TRUE,,
弾き語り,弾き語り配信,2021/06/11,シルシ,LiSA,https://youtu.be/OUrpXddBfC4?t=634,TRUE,,
弾き語り,弾き語り配信,2021/06/11,ニア,夏代孝明,https://youtu.be/OUrpXddBfC4?t=1032,TRUE,,
弾き語り,弾き語り配信,2021/06/11,夢地図,40mP,https://youtu.be/OUrpXddBfC4?t=1372,TRUE,,
弾き語り,弾き語り配信,2021/06/11,風になる,つじあやの,https://youtu.be/OUrpXddBfC4?t=1739,TRUE,,
弾き語り,弾き語り配信,2021/06/11,TSUNAMI,サザンオールスターズ,https://youtu.be/OUrpXddBfC4?t=2122,TRUE,,
弾き語り,弾き語り配信,2021/06/11,ヒバナ,DECO*27,https://youtu.be/OUrpXddBfC4?t=2739,TRUE,,
弾き語り,弾き語り配信,2021/06/11,夏の終わり、恋の始まり,すこっぷ,https://youtu.be/OUrpXddBfC4?t=3181,TRUE,,
弾き語り,弾き語り配信,2021/06/11,青と夏,Mrs.GREEN APPLE,https://youtu.be/OUrpXddBfC4?t=3554,TRUE,,
弾き語り,弾き語り配信,2021/06/11,涙そうそう,夏川りみ,https://youtu.be/OUrpXddBfC4?t=5388,TRUE,,
弾き語り,弾き語り配信,2021/06/11,ハナミズキ,一青窈,https://youtu.be/OUrpXddBfC4?t=5890,TRUE,,
弾き語り,弾き語り配信,2021/06/17,シル・ヴ・プレジデント,Ｐ丸様。,https://youtu.be/iFizd8Vl5gc?t=309,TRUE,,
弾き語り,弾き語り配信,2021/06/17,千の夜をこえて,Aqua Timez,https://youtu.be/iFizd8Vl5gc?t=673,TRUE,,
弾き語り,弾き語り配信,2021/06/17,神のまにまに,れるりり,https://youtu.be/iFizd8Vl5gc?t=1108,TRUE,,
弾き語り,弾き語り配信,2021/06/17,Crosswalk,鈴木みのり,https://youtu.be/iFizd8Vl5gc?t=1420,TRUE,,
弾き語り,弾き語り配信,2021/06/17,ダイアモンド クレバス,シェリル・ノーム starring May'n,https://youtu.be/iFizd8Vl5gc?t=2202,TRUE,,
弾き語り,弾き語り配信,2021/06/17,トライアングラー,坂本真綾,https://youtu.be/iFizd8Vl5gc?t=2529,TRUE,,
弾き語り,弾き語り配信,2021/06/17,君じゃなきゃダメみたい,オーイシマサヨシ,https://youtu.be/iFizd8Vl5gc?t=3085,TRUE,,
弾き語り,弾き語り配信,2021/06/17,かくしん的☆めたまるふぉ～ぜっ！,土間うまる(田中あいみ),https://youtu.be/iFizd8Vl5gc?t=3520,TRUE,,
弾き語り,弾き語り配信,2021/06/17,変わらないもの,奥華子,https://youtu.be/iFizd8Vl5gc?t=4114,TRUE,,
弾き語り,弾き語り配信,2021/06/17,君の知らない物語,supercell,https://youtu.be/iFizd8Vl5gc?t=4954,TRUE,,
弾き語り,弾き語り配信,2021/06/17,CHANGE THE WORLD,V6,https://youtu.be/iFizd8Vl5gc?t=5698,TRUE,,
弾き語り,弾き語り配信,2021/06/22,ユメヲカケル,スピカ,https://youtu.be/rjofX9BGbH4?t=327,TRUE,,
弾き語り,弾き語り配信,2021/06/22,1・2・3,After the Rain,https://youtu.be/rjofX9BGbH4?t=827,TRUE,,
弾き語り,弾き語り配信,2021/06/22,完全感覚Dreamer,ONE OK ROCK,https://youtu.be/rjofX9BGbH4?t=1638,TRUE,,
弾き語り,弾き語り配信,2021/06/22,Mela!,緑黄色社会,https://youtu.be/rjofX9BGbH4?t=2124,TRUE,,
弾き語り,弾き語り配信,2021/06/22,いけないボーダーライン,ワルキューレ,https://youtu.be/rjofX9BGbH4?t=2458,TRUE,,
弾き語り,弾き語り配信,2021/06/22,ルンがピカッと光ったら,ワルキューレ,https://youtu.be/rjofX9BGbH4?t=2781,TRUE,,
弾き語り,弾き語り配信,2021/06/22,如月アテンション,じん,https://youtu.be/rjofX9BGbH4?t=3157,TRUE,,
弾き語り,弾き語り配信,2021/06/22,少年ブレイヴ,じん,https://youtu.be/rjofX9BGbH4?t=3607,TRUE,,
弾き語り,弾き語り配信,2021/06/22,病名恋ワズライ,HoneyWorks,https://youtu.be/rjofX9BGbH4?t=4053,TRUE,,
弾き語り,弾き語り配信,2021/06/22,テレカクシ思春期,HoneyWorks,https://youtu.be/rjofX9BGbH4?t=4395,TRUE,,
弾き語り,弾き語り配信,2021/06/22,ワールドランンプシェード,buzzG,https://youtu.be/rjofX9BGbH4?t=4596,TRUE,,
弾き語り,弾き語り配信,2021/06/22,星の唄,buzzG,https://youtu.be/rjofX9BGbH4?t=5033,TRUE,,
弾き語り,弾き語り配信,2021/06/28,Real Face,KAT-TUN,https://youtu.be/Y6390wVQL8E?t=388,TRUE,,
弾き語り,弾き語り配信,2021/06/28,シンデレラ・クリスマス,KinKi Kids,https://youtu.be/Y6390wVQL8E?t=856,TRUE,,
弾き語り,弾き語り配信,2021/06/28,もう恋なんてしない,槇原敬之,https://youtu.be/Y6390wVQL8E?t=1266,TRUE,,
弾き語り,弾き語り配信,2021/06/28,Love so sweet,嵐,https://youtu.be/Y6390wVQL8E?t=1618,TRUE,,
弾き語り,弾き語り配信,2021/06/28,カブトムシ,aiko,https://youtu.be/Y6390wVQL8E?t=1808,TRUE,,
弾き語り,弾き語り配信,2021/06/28,マリーゴールド,あいみょん,https://youtu.be/Y6390wVQL8E?t=2226,TRUE,,
弾き語り,弾き語り配信,2021/06/28,世界は恋に落ちている,CHiCO with HoneyWorks,https://youtu.be/Y6390wVQL8E?t=2963,TRUE,,
弾き語り,弾き語り配信,2021/06/28,君に届け,flumpool,https://youtu.be/Y6390wVQL8E?t=3415,TRUE,,
弾き語り,弾き語り配信,2021/07/02,夏恋花火,40ｍP,https://youtu.be/yTu9dpQmPkQ?t=501,TRUE,,
弾き語り,弾き語り配信,2021/07/02,永遠花火,謝謝P,https://youtu.be/yTu9dpQmPkQ?t=986,TRUE,,
弾き語り,弾き語り配信,2021/07/02,少年時代,井上陽水,https://youtu.be/yTu9dpQmPkQ?t=1424,TRUE,,
弾き語り,弾き語り配信,2021/07/02,secret base～君がくれたもの～,ZONE,https://youtu.be/yTu9dpQmPkQ?t=1810,TRUE,,
弾き語り,弾き語り配信,2021/07/02,天体観測,BUMP OF CHICKEN,https://youtu.be/yTu9dpQmPkQ?t=2261,TRUE,,
弾き語り,弾き語り配信,2021/07/02,フタリボシ,40mP,https://youtu.be/yTu9dpQmPkQ?t=2665,TRUE,,
弾き語り,弾き語り配信,2021/07/02,青と夏,Mrs.GREEN APPLE,https://youtu.be/yTu9dpQmPkQ?t=3043,TRUE,,
弾き語り,弾き語り配信,2021/07/02,うたかた花火,supercell,https://youtu.be/yTu9dpQmPkQ?t=3679,TRUE,,
弾き語り,弾き語り配信,2021/07/02,東京サマーセッション,HoneyWorks,https://youtu.be/yTu9dpQmPkQ?t=4880,TRUE,,
弾き語り,弾き語り配信,2021/07/02,真夏の果実,サザンオールスターズ,https://youtu.be/yTu9dpQmPkQ?t=5519,TRUE,,
弾き語り,弾き語り配信,2021/07/08,アイマイモコ,水瀬いのり,https://youtu.be/hvGyfRHgD2A?t=265,TRUE,,
弾き語り,弾き語り配信,2021/07/08,366日,HY,https://youtu.be/hvGyfRHgD2A?t=611,TRUE,,
弾き語り,弾き語り配信,2021/07/08,白日,King Gnu,https://youtu.be/hvGyfRHgD2A?t=1019,TRUE,,
弾き語り,弾き語り配信,2021/07/08,夕景イエスタデイ,じん,https://youtu.be/hvGyfRHgD2A?t=1495,TRUE,,
弾き語り,弾き語り配信,2021/07/08,U＆I,放課後ティータイム,https://youtu.be/hvGyfRHgD2A?t=2117,TRUE,,
弾き語り,弾き語り配信,2021/07/08,Sincerely,TRUE,https://youtu.be/hvGyfRHgD2A?t=2579,TRUE,,
弾き語り,弾き語り配信,2021/07/08,風が吹く街,ラックライフ,https://youtu.be/hvGyfRHgD2A?t=3197,TRUE,,
弾き語り,弾き語り配信,2021/07/08,サニーデイ,ラックライフ,https://youtu.be/hvGyfRHgD2A?t=3451,TRUE,,
弾き語り,弾き語り配信,2021/07/08,ピエロ,KEI,https://youtu.be/hvGyfRHgD2A?t=3649,TRUE,,
弾き語り,弾き語り配信,2021/07/14,プライド革命,CHiCO with HoneyWorks,https://youtu.be/JZD0e9wwy0M?t=376,TRUE,,
弾き語り,弾き語り配信,2021/07/14,1・2・3,After the Rain,https://youtu.be/JZD0e9wwy0M?t=717,TRUE,,
弾き語り,弾き語り配信,2021/07/14,光るなら,Goose house,https://youtu.be/JZD0e9wwy0M?t=1201,TRUE,,
弾き語り,弾き語り配信,2021/07/14,プラネタリウムの真実,夏代孝明,https://youtu.be/JZD0e9wwy0M?t=1639,TRUE,,
弾き語り,弾き語り配信,2021/07/14,StaRt,Mrs.GREEN APLLE,https://youtu.be/JZD0e9wwy0M?t=2060,TRUE,,
弾き語り,弾き語り配信,2021/07/14,Believe,Folder5,https://youtu.be/JZD0e9wwy0M?t=2501,TRUE,,
弾き語り,弾き語り配信,2021/07/14,バトルフロンティア,高屋亜希那,https://youtu.be/JZD0e9wwy0M?t=2795,TRUE,,
弾き語り,弾き語り配信,2021/07/14,太陽の楽園～Promised Land～,神戸みゆき,https://youtu.be/JZD0e9wwy0M?t=3394,TRUE,,
弾き語り,弾き語り配信,2021/07/14,V.I.P,シド,https://youtu.be/JZD0e9wwy0M?t=3982,TRUE,,
弾き語り,弾き語り配信,2021/07/14,モノクロのキス,シド,https://youtu.be/JZD0e9wwy0M?t=4574,TRUE,,
弾き語り,弾き語り配信,2021/07/14,炎,LiSA,https://youtu.be/JZD0e9wwy0M?t=4939,TRUE,,
弾き語り,弾き語り配信,2021/07/14,道しるべ,夏川りみ,https://youtu.be/JZD0e9wwy0M?t=5746,TRUE,,
弾き語り,弾き語り配信,2021/07/14,さよならのかわりに,レフティーモンスターP,https://youtu.be/JZD0e9wwy0M?t=6158,TRUE,,
弾き語り,弾き語り配信,2021/07/20,MANKAI☆開花宣言,A3ders!,https://youtu.be/Xo3JvgDW9fU?t=391,TRUE,,
弾き語り,弾き語り配信,2021/07/20,在るべき形,UVERworld,https://youtu.be/Xo3JvgDW9fU?t=748,TRUE,,
弾き語り,弾き語り配信,2021/07/20,一滴の影響,UVERworld,https://youtu.be/Xo3JvgDW9fU?t=1170,TRUE,,
弾き語り,弾き語り配信,2021/07/20,115万キロのフィルム,Official髭男dism,https://youtu.be/Xo3JvgDW9fU?t=1597,TRUE,,
弾き語り,弾き語り配信,2021/07/20,廻廻奇譚,Eve,https://youtu.be/Xo3JvgDW9fU?t=2031,TRUE,,
弾き語り,弾き語り配信,2021/07/20,ガーネット,奥華子,https://youtu.be/Xo3JvgDW9fU?t=2953,TRUE,,
弾き語り,弾き語り配信,2021/07/29,ボクノート,スキマスイッチ,https://youtu.be/Mg0Sq5H_e30?t=302,TRUE,,
弾き語り,弾き語り配信,2021/07/29,瞬き,back number,https://youtu.be/Mg0Sq5H_e30?t=802,TRUE,,
弾き語り,弾き語り配信,2021/07/29,ソラニン,ASIAN KUNG-FU GENERATION,https://youtu.be/Mg0Sq5H_e30?t=1240,TRUE,,
弾き語り,弾き語り配信,2021/07/29,スパークル,RADWIMPS,https://youtu.be/Mg0Sq5H_e30?t=1578,TRUE,,
弾き語り,弾き語り配信,2021/07/29,夢灯籠,RADWIMPS,https://youtu.be/Mg0Sq5H_e30?t=2139,TRUE,,
弾き語り,弾き語り配信,2021/07/29,アムリタ,牧野由依,https://youtu.be/Mg0Sq5H_e30?t=2467,TRUE,,
弾き語り,弾き語り配信,2021/07/29,風待ちジェット,坂本真綾,https://youtu.be/Mg0Sq5H_e30?t=2729,TRUE,,
弾き語り,弾き語り配信,2021/07/29,ひとりぼっちじゃない,coba＆宮沢和史,https://youtu.be/Mg0Sq5H_e30?t=3034,TRUE,,
弾き語り,弾き語り配信,2021/07/29,Home Sweet Home,YUKI,https://youtu.be/Mg0Sq5H_e30?t=2968,TRUE,,
弾き語り,弾き語り配信,2021/07/29,決意の朝に,Aqua Timez,https://youtu.be/Mg0Sq5H_e30?t=3717,TRUE,,
弾き語り,弾き語り配信,2021/07/29,らしさ,SUPER BEAVER,https://youtu.be/Mg0Sq5H_e30?t=4084,TRUE,,
弾き語り,弾き語り配信,2021/07/29,インフェルノ,Mrs. GREEN APPLE,https://youtu.be/Mg0Sq5H_e30?t=4468,TRUE,,
弾き語り,弾き語り配信,2021/07/29,花に亡霊,ヨルシカ,https://youtu.be/Mg0Sq5H_e30?t=5078,TRUE,,
弾き語り,弾き語り配信,2021/07/29,別の人の彼女になったよ,wacci,https://youtu.be/Mg0Sq5H_e30?t=5696,TRUE,,
弾き語り,弾き語り配信,2021/07/29,ドライフラワー,優里,https://youtu.be/Mg0Sq5H_e30?t=5890,TRUE,,
弾き語り,弾き語り配信,2021/08/04,ユメヲカケル！,スピカ,https://youtu.be/EnYlddYmrtU?t=352,TRUE,,
弾き語り,弾き語り配信,2021/08/04,幽霊屋敷の首吊り少女,トーマ,https://youtu.be/EnYlddYmrtU?t=551,TRUE,,
弾き語り,弾き語り配信,2021/08/04,バビロン,トーマ,https://youtu.be/EnYlddYmrtU?t=894,TRUE,,
弾き語り,弾き語り配信,2021/08/04,九龍レトロ,トーマ,https://youtu.be/EnYlddYmrtU?t=958,TRUE,,
弾き語り,弾き語り配信,2021/08/04,エンヴィキャットウォーク,トーマ,https://youtu.be/EnYlddYmrtU?t=1098,TRUE,,
弾き語り,弾き語り配信,2021/08/04,シル・ヴ・プレジデント,Ｐ丸様。,https://youtu.be/EnYlddYmrtU?t=1427,TRUE,,
弾き語り,弾き語り配信,2021/08/04,secret base ～君がくれたもの～,ZONE,https://youtu.be/EnYlddYmrtU?t=1765,TRUE,,
弾き語り,弾き語り配信,2021/08/04,青と夏,Mrs.GREEN APPLE,https://youtu.be/EnYlddYmrtU?t=2212,TRUE,,
弾き語り,弾き語り配信,2021/08/04,地球最後の告白を,kemu,https://youtu.be/EnYlddYmrtU?t=2682,TRUE,,
弾き語り,弾き語り配信,2021/08/04,アヤノの幸福理論,じん,https://youtu.be/EnYlddYmrtU?t=3199,TRUE,,
弾き語り,弾き語り配信,2021/08/04,想像フォレスト,じん,https://youtu.be/EnYlddYmrtU?t=3420,TRUE,,
弾き語り,弾き語り配信,2021/08/04,グランドエスケープ,RADWIMPS,https://youtu.be/EnYlddYmrtU?t=3831,TRUE,,
弾き語り,弾き語り配信,2021/08/04,君の知らない物語,supercell,https://youtu.be/EnYlddYmrtU?t4061,TRUE,,
弾き語り,弾き語り配信,2021/08/04,オリオンをなぞる,UNISON SQUARE GARDEN,https://youtu.be/EnYlddYmrtU?t=5222,TRUE,,
弾き語り,弾き語り配信,2021/08/04,Pretender,Official髭男dism,https://youtu.be/EnYlddYmrtU?t=5687,TRUE,,
弾き語り,弾き語り配信,2021/08/13,真夏の果実,サザンオールスターズ,https://youtu.be/SVhb7eXA2lM?t=239,TRUE,,
弾き語り,弾き語り配信,2021/08/13,メリッサ,ポルノグラフィティ,https://youtu.be/SVhb7eXA2lM?t=675,TRUE,,
弾き語り,弾き語り配信,2021/08/13,瞳をとじて,平井堅,https://youtu.be/SVhb7eXA2lM?t=1218.,TRUE,,
弾き語り,弾き語り配信,2021/08/13,SHAMROCK,UVERworld,https://youtu.be/SVhb7eXA2lM?t=1656,TRUE,,
弾き語り,弾き語り配信,2021/08/13,Love so sweet,嵐,https://youtu.be/SVhb7eXA2lM?t=2030,TRUE,,
弾き語り,弾き語り配信,2021/08/13,カワキヲアメク,美波,https://youtu.be/SVhb7eXA2lM?t=2722,TRUE,,
弾き語り,弾き語り配信,2021/08/13,フリージア,Uru,https://youtu.be/SVhb7eXA2lM?t=3263,TRUE,,
弾き語り,弾き語り配信,2021/08/13,GALLOWS BELL,BuzzG,https://youtu.be/SVhb7eXA2lM?t=3793,TRUE,,
弾き語り,弾き語り配信,2021/08/13,ふわふわ時間,放課後ティータイム(桜高軽音部),https://youtu.be/SVhb7eXA2lM?t=4133,TRUE,,
弾き語り,弾き語り配信,2021/08/13,わたしの恋はホッチキス,放課後ティータイム,https://youtu.be/SVhb7eXA2lM?t=4664,TRUE,,
弾き語り,弾き語り配信,2021/08/13,ときめきシュガー,放課後ティータイム,https://youtu.be/SVhb7eXA2lM?t=4996,TRUE,,
弾き語り,弾き語り配信,2021/08/13,君恋カレンダー,佐香智久,https://youtu.be/SVhb7eXA2lM?t=5244,TRUE,,
弾き語り,弾き語り配信,2021/08/13,もののけ姫,米良美一,https://youtu.be/SVhb7eXA2lM?t=5746,TRUE,,
弾き語り,弾き語り配信,2021/08/13,いつも何度でも,木村弓,https://youtu.be/SVhb7eXA2lM?t=6055,TRUE,,
弾き語り,弾き語り配信,2021/08/13,崖の上のポニョ,藤岡藤巻と大橋のぞみ,https://youtu.be/SVhb7eXA2lM?t=6533,TRUE,,
弾き語り,弾き語り配信,2021/08/13,ホシアイ,レフティーモンスターP,https://youtu.be/SVhb7eXA2lM?t=6890,TRUE,,
弾き語り,弾き語り配信,2021/08/19,Rolling star,YUI,https://youtu.be/xL3SnsjRY1c?t=849,TRUE,,
弾き語り,弾き語り配信,2021/08/19,変わらないもの,奥華子,https://youtu.be/xL3SnsjRY1c?t=1180,TRUE,,
弾き語り,弾き語り配信,2021/08/19,Mela!,緑黄色社会,https://youtu.be/xL3SnsjRY1c?t=1567,TRUE,,
弾き語り,弾き語り配信,2021/08/19,猫,DISH//,https://youtu.be/xL3SnsjRY1c?t=1938,TRUE,,
弾き語り,弾き語り配信,2021/08/19,ユメヲカケル!,スピカ,https://youtu.be/xL3SnsjRY1c?t=2456,TRUE,,
弾き語り,弾き語り配信,2021/08/19,Booo!,TOKOTOKO(西沢さんP),https://youtu.be/xL3SnsjRY1c?t=2614,TRUE,,
弾き語り,弾き語り配信,2021/08/19,らいおんハート,SMAP,https://youtu.be/xL3SnsjRY1c?t=2804,TRUE,,
弾き語り,弾き語り配信,2021/08/19,Virtual to LIVE,にじさんじ,https://youtu.be/xL3SnsjRY1c?t=3398,TRUE,,
弾き語り,弾き語り配信,2021/08/19,ピエロ,KEI,https://youtu.be/xL3SnsjRY1c?t=3754,TRUE,,
弾き語り,弾き語り配信,2021/08/25,アスノヨゾラ哨戒班,Orangestar,https://youtu.be/kST4_sPPQxc?t=466,TRUE,,
弾き語り,弾き語り配信,2021/08/25,アンパンマンのマーチ,ドリーミング,https://youtu.be/kST4_sPPQxc?t=789,TRUE,,
弾き語り,弾き語り配信,2021/08/25,タッチ,岩崎良美,https://youtu.be/kST4_sPPQxc?t=1005,TRUE,,
弾き語り,弾き語り配信,2021/08/25,アイのシナリオ,CHiCO with HoneyWorks,https://youtu.be/kST4_sPPQxc?t=1271,TRUE,,
弾き語り,弾き語り配信,2021/08/25,前前前世,RADWIMPS,https://youtu.be/kST4_sPPQxc?t=1761,TRUE,,
弾き語り,弾き語り配信,2021/08/25,キラメキ,wacci,https://youtu.be/kST4_sPPQxc?t=2146,TRUE,,
弾き語り,弾き語り配信,2021/08/25,小さきもの,林明日香,https://youtu.be/kST4_sPPQxc?t=2634,TRUE,,
弾き語り,弾き語り配信,2021/08/25,小夜子,みきとＰ,https://youtu.be/kST4_sPPQxc?t=3096,TRUE,,
弾き語り,弾き語り配信,2021/08/25,COLORS,FLOW,https://youtu.be/kST4_sPPQxc?t=3481,TRUE,,
弾き語り,弾き語り配信,2021/08/25,チューリングラブ,ナナヲアカリ,https://youtu.be/kST4_sPPQxc?t=4989,TRUE,,
弾き語り,弾き語り配信,2021/08/25,Departures ～あなたにおくるアイの歌～,EGOIST,https://youtu.be/kST4_sPPQxc?t=5525,TRUE,,
弾き語り,弾き語り配信,2021/08/28,irony,ClariS,https://youtu.be/4njKfDo8efA?t=517,TRUE,,
弾き語り,弾き語り配信,2021/08/28,夏の終わり、恋の始まり,すこっぷ,https://youtu.be/4njKfDo8efA?t=992,TRUE,,
弾き語り,弾き語り配信,2021/08/28,フタリボシ,40mP,https://youtu.be/4njKfDo8efA?t=1316,TRUE,,
弾き語り,弾き語り配信,2021/08/28,恋愛裁判,40mP,https://youtu.be/4njKfDo8efA?t=1674,TRUE,,
弾き語り,弾き語り配信,2021/08/28,キリトリセン,40mP,https://youtu.be/4njKfDo8efA?t=2043,TRUE,,
弾き語り,弾き語り配信,2021/08/28,夢地図,40mP,https://youtu.be/4njKfDo8efA?t=2135,TRUE,,
弾き語り,弾き語り配信,2021/08/28,only my railgun,fripSide,https://youtu.be/4njKfDo8efA?t=2546,TRUE,,
弾き語り,弾き語り配信,2021/08/28,Wishing,レム(水瀬いのり),https://youtu.be/4njKfDo8efA?t=2973,TRUE,,
弾き語り,弾き語り配信,2021/08/28,ぼうやの夢よ,エミリア(高橋李依),https://youtu.be/4njKfDo8efA?t=3364,TRUE,,
弾き語り,弾き語り配信,2021/08/28,シンガロン進化論,大橋彩香,https://youtu.be/4njKfDo8efA?t=3526,TRUE,,
弾き語り,弾き語り配信,2021/08/28,JOINT,川田まみ,https://youtu.be/4njKfDo8efA?t=4063,TRUE,,
弾き語り,弾き語り配信,2021/08/28,First kiss,ICHIKO,https://youtu.be/4njKfDo8efA?t=4527,TRUE,,
弾き語り,弾き語り配信,2021/08/28,1000%SPARKING!,ネギ・スプリングフィールド(佐藤利奈)、神楽坂明日菜(神田朱未)、近衛木乃香(野中藍)、桜咲刹那(小林ゆう),https://youtu.be/4njKfDo8efA?t=4767,TRUE,,
弾き語り,弾き語り配信,2021/08/28,Cross Over,9nine,https://youtu.be/4njKfDo8efA?t=5028,TRUE,,
弾き語り,弾き語り配信,2021/08/28,Falco -ファルコ-,島谷ひとみ,https://youtu.be/4njKfDo8efA?t=5441,TRUE,,
弾き語り,弾き語り配信,2021/08/28,i Love,azusa,https://youtu.be/4njKfDo8efA?t=6037,TRUE,,
弾き語り,弾き語り配信,2021/08/28,Legend of Mermaid,七海るちあ(中田あすみ)・宝生波音(寺門仁美)・洞院リナ(浅野まゆみ),https://youtu.be/4njKfDo8efA?t=6210,TRUE,,
弾き語り,弾き語り配信,2021/08/28,Pray,水樹奈々,https://youtu.be/4njKfDo8efA?t=6682,TRUE,,
弾き語り,弾き語り配信,2021/08/28,経験値上昇中☆,みなみけ3姉妹,https://youtu.be/4njKfDo8efA?t=7157,TRUE,,
弾き語り,弾き語り配信,2021/08/28,ニルヴァーナ,MUCC,https://youtu.be/4njKfDo8efA?t=7368,TRUE,,
弾き語り,弾き語り配信,2021/08/28,sweets parade,髏々宮カルタ(花澤香菜),https://youtu.be/4njKfDo8efA?t=7467,TRUE,,
弾き語り,弾き語り配信,2021/08/28,lull ～そして僕らは～,Ray,https://youtu.be/4njKfDo8efA?t=7682,TRUE,,
弾き語り,弾き語り配信,2021/09/01,猫,DISH//,https://youtu.be/FmKm8QtAL88?t=434,TRUE,,
弾き語り,弾き語り配信,2021/09/01,少年時代,井上陽水,https://youtu.be/FmKm8QtAL88?t=777,TRUE,,
弾き語り,弾き語り配信,2021/09/01,永遠にともに,コブクロ,https://youtu.be/FmKm8QtAL88?t=1322,TRUE,,
弾き語り,弾き語り配信,2021/09/01,シュガーソングとビターステップ,UNISON SQUARE GARDEN,https://youtu.be/FmKm8QtAL88?t=1561,TRUE,,
弾き語り,弾き語り配信,2021/09/01,Q＆Aリサイタル,戸松遥,https://youtu.be/FmKm8QtAL88?t=1875,TRUE,,
弾き語り,弾き語り配信,2021/09/01,くちづけDiamond,WEAVER,https://youtu.be/FmKm8QtAL88?t=2277,TRUE,,
弾き語り,弾き語り配信,2021/09/01,Happy Happy Greeting,KinKi Kids,https://youtu.be/FmKm8QtAL88?t=2595,TRUE,,
弾き語り,弾き語り配信,2021/09/01,1%の恋人,Honeyworks feat.南(豊永利行),https://youtu.be/FmKm8QtAL88?t=3190,TRUE,,
弾き語り,弾き語り配信,2021/09/01,告白ライバル宣言,Honeyworks ,https://youtu.be/FmKm8QtAL88?t=3440,TRUE,,
弾き語り,弾き語り配信,2021/09/01,泣き虫カレシ,Honeyworks ,https://youtu.be/FmKm8QtAL88?t=3603,TRUE,,
弾き語り,弾き語り配信,2021/09/01,可愛くなりたい,Honeyworks ,https://youtu.be/FmKm8QtAL88?t=4146,TRUE,,
弾き語り,弾き語り配信,2021/09/01,心臓デモクラシー,みきとP,https://youtu.be/FmKm8QtAL88?t=4539,TRUE,,
弾き語り,弾き語り配信,2021/09/01,カブトムシ,aiko,https://youtu.be/FmKm8QtAL88?t=4904,TRUE,,
弾き語り,弾き語り配信,2021/09/07,1・2・3,After the Rain,https://youtu.be/TesWlQ5eA64?t=262,TRUE,,
弾き語り,弾き語り配信,2021/09/07,Hello Goodbye＆Hello,熊木杏里,https://youtu.be/TesWlQ5eA64?t=707,TRUE,,
弾き語り,弾き語り配信,2021/09/07,しわ,buzzG,https://youtu.be/TesWlQ5eA64?t=1128,TRUE,,
弾き語り,弾き語り配信,2021/09/07,清廉なるHeretics,毛蟹 feat.Draco Virgo,https://youtu.be/TesWlQ5eA64?t=1619,TRUE,,
弾き語り,弾き語り配信,2021/09/07,リライト,ASIAN KUNG-FU GENERATION,https://youtu.be/TesWlQ5eA64?t=2242,TRUE,,
弾き語り,弾き語り配信,2021/09/07,Colors of Heart,UVERworld,https://youtu.be/TesWlQ5eA64?t=2635,TRUE,,
弾き語り,弾き語り配信,2021/09/07,ヤキモチの答え,Honeyworks,https://youtu.be/TesWlQ5eA64?t=3003,TRUE,,
弾き語り,弾き語り配信,2021/09/07,病名恋ワズライ,Honeyworks,https://youtu.be/TesWlQ5eA64?t=3277,TRUE,,
弾き語り,弾き語り配信,2021/09/07,空色デイズ,中川翔子,https://youtu.be/TesWlQ5eA64?t=3490,TRUE,,
弾き語り,弾き語り配信,2021/09/07,幽霊東京,Ayase,https://youtu.be/TesWlQ5eA64?t=3952,TRUE,,
弾き語り,弾き語り配信,2021/09/07,ようこそジャパリパークへ,どうぶつビスケッツ×PPP,https://youtu.be/TesWlQ5eA64?t=4494,TRUE,,
弾き語り,弾き語り配信,2021/09/07,耳の聞こえなくなった恋人とそのうたうたい,大石昌良,https://youtu.be/TesWlQ5eA64?t=4964,TRUE,,
弾き語り,弾き語り配信,2021/09/07,First Love,宇多田ヒカル,https://youtu.be/TesWlQ5eA64?t=5142,TRUE,,
弾き語り,弾き語り配信,2021/09/07,三日月,綾香,https://youtu.be/TesWlQ5eA64?t=5574,TRUE,,
弾き語り,弾き語り配信,2021/09/07,ヴァンパイア,DECO*27,https://youtu.be/TesWlQ5eA64?t=6016,TRUE,,
弾き語り,弾き語り配信,2021/09/07,はなればなれの君へ,Belle,https://youtu.be/TesWlQ5eA64?t=6435,TRUE,,
弾き語り,弾き語り配信,2021/09/07,ガーネット,奥華子,https://youtu.be/TesWlQ5eA64?t=6791,TRUE,,
弾き語り,弾き語り配信,2021/09/13,Smiling,halyosy,https://youtu.be/4pAinDIJtzk?t=385,TRUE,,
弾き語り,弾き語り配信,2021/09/13,ニア,夏代孝明,https://youtu.be/4pAinDIJtzk?t=832,TRUE,,
弾き語り,弾き語り配信,2021/09/13,想像フォレスト,じん,https://youtu.be/4pAinDIJtzk?t=1327,TRUE,,
弾き語り,弾き語り配信,2021/09/13,S(mile)ING！,島村卯月(大橋彩香),https://youtu.be/4pAinDIJtzk?t=1863,TRUE,,
弾き語り,弾き語り配信,2021/09/13,ファンサ,mona,https://youtu.be/4pAinDIJtzk?t=2173,TRUE,,
弾き語り,弾き語り配信,2021/09/13,カサブタ,千綿ヒデノリ,https://youtu.be/4pAinDIJtzk?t=2663,TRUE,,
弾き語り,弾き語り配信,2021/09/13,シルシ,LiSA,https://youtu.be/4pAinDIJtzk?t=3057,TRUE,,
弾き語り,弾き語り配信,2021/09/13,newsong,tacica,https://youtu.be/4pAinDIJtzk?t=3448,TRUE,,
弾き語り,弾き語り配信,2021/09/13,ダイアモンド クレバス,シェリル・ノーム starring May'n,https://youtu.be/4pAinDIJtzk?t=3828,TRUE,,
弾き語り,弾き語り配信,2021/09/13,God knows…,涼宮ハルヒ(平野綾),https://youtu.be/4pAinDIJtzk?t=4563,TRUE,,
弾き語り,弾き語り配信,2021/09/13,ボクノート,スキマスイッチ,https://youtu.be/4pAinDIJtzk?t=5433,TRUE,,
弾き語り,弾き語り配信,2021/09/13,ポケットにファンタジー,さち＆じゅり,https://youtu.be/4pAinDIJtzk?t=5819,TRUE,,
弾き語り,弾き語り配信,2021/09/13,いのちの名前,木村弓,https://youtu.be/4pAinDIJtzk?t=6140,TRUE,,
弾き語り,コラボ歌枠,2021/09/19,猫,DISH//,https://youtu.be/nSDpu02YYzU?t=513,TRUE,,
弾き語り,コラボ歌枠,2021/09/19,Holy Angel's Carol,fine,https://youtu.be/nSDpu02YYzU?t=1134,TRUE,,
弾き語り,コラボ歌枠,2021/09/19,前前前世,RADWIMPS,https://youtu.be/nSDpu02YYzU?t=1727,TRUE,,
弾き語り,コラボ歌枠,2021/09/19,スパークル,RADWIMPS,https://youtu.be/nSDpu02YYzU?t=1957,TRUE,,
弾き語り,コラボ歌枠,2021/09/19,なんでもないや,RADWIMPS,https://youtu.be/nSDpu02YYzU?t=2426,TRUE,,
弾き語り,コラボ歌枠,2021/09/19,可愛くなりたい,HoneyWorks,https://youtu.be/nSDpu02YYzU?t=3066,TRUE,,
弾き語り,コラボ歌枠,2021/09/19,ロメオ,LIP×LIP,https://youtu.be/nSDpu02YYzU?t=3206,TRUE,,
弾き語り,コラボ歌枠,2021/09/19,丸の内サディスティック,椎名林檎,https://youtu.be/nSDpu02YYzU?t=3973,TRUE,,
弾き語り,コラボ歌枠,2021/09/19,アイネクライネ,米津玄師,https://youtu.be/nSDpu02YYzU?t=4337,TRUE,,
弾き語り,コラボ歌枠,2021/09/19,世界は恋に落ちている,CHiCO with HoneyWorks,https://youtu.be/nSDpu02YYzU?t=4844,TRUE,,
弾き語り,弾き語り配信,2021/09/27,夜空ノムコム,SMAP,https://youtu.be/-M7jkpRd_vM?t=388,TRUE,,
弾き語り,弾き語り配信,2021/09/27,Pretender,Official髭男dism,https://youtu.be/-M7jkpRd_vM?t=755,TRUE,,
弾き語り,弾き語り配信,2021/09/27,ここにしか咲かない花,コブクロ,https://youtu.be/-M7jkpRd_vM?t=1225,TRUE,,
弾き語り,弾き語り配信,2021/09/27,一滴の影響,UVERworld,https://youtu.be/-M7jkpRd_vM?t=1732,TRUE,,
弾き語り,弾き語り配信,2021/09/27,Wherever you are,ONE OK ROCK,https://youtu.be/-M7jkpRd_vM?t=2357,TRUE,,
弾き語り,弾き語り配信,2021/09/27,雪の華,中島美嘉,https://youtu.be/-M7jkpRd_vM?t=2921,TRUE,,
弾き語り,弾き語り配信,2021/09/27,ENDLESS STORY,REIRA starring YUNA ITO,https://youtu.be/-M7jkpRd_vM?t=3296,TRUE,,
弾き語り,弾き語り配信,2021/09/27,限界突破×サバイバー,氷川きよし,https://youtu.be/-M7jkpRd_vM?t=4101,TRUE,,
弾き語り,弾き語り配信,2021/09/27,奏,スキマスイッチ,https://youtu.be/-M7jkpRd_vM?t=4655,TRUE,,
弾き語り,弾き語り配信,2021/09/27,ワールド・ランプシェード,buzzG,https://youtu.be/-M7jkpRd_vM?t=4965,TRUE,,
弾き語り,弾き語り配信,2021/09/27,星が瞬くこんな夜に,supercell,https://youtu.be/-M7jkpRd_vM?t=5480,TRUE,,
弾き語り,弾き語り配信,2021/09/27,悲しみをやさしさに,little by little,https://youtu.be/-M7jkpRd_vM?t=5901,TRUE,,
弾き語り,弾き語り配信,2021/09/27,"One more time,One more chance",山崎まさよし,https://youtu.be/-M7jkpRd_vM?t=6614,TRUE,,
弾き語り,弾き語り配信,2021/10/02,Love is MY RAIL,鈴木このみ,https://youtu.be/mYUJBNIq8qk?t=176,TRUE,,
弾き語り,弾き語り配信,2021/10/02,ブラック★ロックシューター,ryo,https://youtu.be/mYUJBNIq8qk?t=425,TRUE,,
弾き語り,弾き語り配信,2021/10/02,月光花,Janne Da Arc,https://youtu.be/mYUJBNIq8qk?t=815,TRUE,,
弾き語り,弾き語り配信,2021/10/02,六兆年と一夜物語,kemu,https://youtu.be/mYUJBNIq8qk?t=1159,TRUE,,
弾き語り,弾き語り配信,2021/10/02,マリンブルーに沿って,佐咲紗花,https://youtu.be/mYUJBNIq8qk?t=1496,TRUE,,
弾き語り,弾き語り配信,2021/10/02,キスのひとつで,佐咲紗花,https://youtu.be/mYUJBNIq8qk?t=1670,TRUE,,
弾き語り,弾き語り配信,2021/10/02,アヤノの幸福理論,じん,https://youtu.be/mYUJBNIq8qk?t=1821,TRUE,,
弾き語り,弾き語り配信,2021/10/02,サマータイムレコード,じん,https://youtu.be/mYUJBNIq8qk?t=2094,TRUE,,
弾き語り,弾き語り配信,2021/10/02,からくりピエロ,40mP,https://youtu.be/mYUJBNIq8qk?t=2643,TRUE,,
弾き語り,弾き語り配信,2021/10/02,サウダージ,ポルノグラフィティ,https://youtu.be/mYUJBNIq8qk?t=3351,TRUE,,
弾き語り,弾き語り配信,2021/10/02,初音ミクの消失,cosMo@暴走Ｐ,https://youtu.be/mYUJBNIq8qk?t=3871,TRUE,,
弾き語り,弾き語り配信,2021/10/02,フィクション,sumika,https://youtu.be/mYUJBNIq8qk?t=4302,TRUE,,
弾き語り,弾き語り配信,2021/10/02,浮世CROSSING,UVERworld,https://youtu.be/mYUJBNIq8qk?t=4732,TRUE,,
弾き語り,弾き語り配信,2021/10/02,Raise,小倉唯,https://youtu.be/mYUJBNIq8qk?t=5112,TRUE,,
弾き語り,弾き語り配信,2021/10/02,風になる,つじあやの,https://youtu.be/mYUJBNIq8qk?t=5586,TRUE,,
弾き語り,弾き語り配信,2021/10/08,ハナミズキ,一青窈,https://youtu.be/ruXDpnQz4pk?t=215,TRUE,,
弾き語り,弾き語り配信,2021/10/08,もののけ姫,米良美一,https://youtu.be/ruXDpnQz4pk?t=908,TRUE,,
弾き語り,弾き語り配信,2021/10/08,テルーの唄,手嶌葵,https://youtu.be/ruXDpnQz4pk?t=1077,TRUE,,
弾き語り,弾き語り配信,2021/10/08,心做し,蝶々P,https://youtu.be/ruXDpnQz4pk?t=1320,TRUE,,
弾き語り,弾き語り配信,2021/10/08,農夫と神様,どぶろっく,https://youtu.be/ruXDpnQz4pk?t=1757,TRUE,,
弾き語り,弾き語り配信,2021/10/08,香水,瑛人,https://youtu.be/ruXDpnQz4pk?t=2033,TRUE,,
弾き語り,弾き語り配信,2021/10/08,コスモノート,天月-あまつき-,https://youtu.be/ruXDpnQz4pk?t=2482,TRUE,,
弾き語り,弾き語り配信,2021/10/08,眠り姫,SEKAI NO OWARI,https://youtu.be/ruXDpnQz4pk?t=2968,TRUE,,
弾き語り,弾き語り配信,2021/10/08,ハートの主張,CHiCO with HoneyWorks,https://youtu.be/ruXDpnQz4pk?t=3494,TRUE,,
弾き語り,弾き語り配信,2021/10/08,シリウス,藍井エイル,https://youtu.be/ruXDpnQz4pk?t=3841,TRUE,,
弾き語り,弾き語り配信,2021/10/08,staple stable,戦場ヶ原ひたぎ(斎藤千和),https://youtu.be/ruXDpnQz4pk?t=4361,TRUE,,
弾き語り,弾き語り配信,2021/10/08,帰り道,八九寺真宵(加藤英美里),https://youtu.be/ruXDpnQz4pk?t=4697,TRUE,,
弾き語り,弾き語り配信,2021/10/08,marshmallow justice,阿良々木火憐(喜多村英梨),https://youtu.be/ruXDpnQz4pk?t=4860,TRUE,,
弾き語り,弾き語り配信,2021/10/08,Ring My Bell,blue drops,https://youtu.be/ruXDpnQz4pk?t=5474,TRUE,,
弾き語り,弾き語り配信,2021/10/08,irony,ClariS,https://youtu.be/ruXDpnQz4pk?t=6414,TRUE,,
弾き語り,弾き語り配信,2021/10/08,正解はひとつ!じゃない!!,ミルキィホームズ,https://youtu.be/ruXDpnQz4pk?t=6751,TRUE,,
弾き語り,弾き語り配信,2021/10/08,BLAZE,キンヤ,https://youtu.be/ruXDpnQz4pk?t=6921,TRUE,,
弾き語り,弾き語り配信,2021/10/08,アムリタ,牧野由依,https://youtu.be/ruXDpnQz4pk?t=7291,TRUE,,
弾き語り,弾き語り配信,2021/10/14,Butter-Fly,和田光司,https://youtu.be/Rf4Q_U3g0J0?t=471,TRUE,,
弾き語り,弾き語り配信,2021/10/14,The Biggest Dreamer,和田光司,https://youtu.be/Rf4Q_U3g0J0?t=812,TRUE,,
弾き語り,弾き語り配信,2021/10/14,炎,LiSA,https://youtu.be/Rf4Q_U3g0J0?t=1059,TRUE,,
弾き語り,弾き語り配信,2021/10/14,Catch the Moment,LiSA,https://youtu.be/Rf4Q_U3g0J0?t=1442,TRUE,,
弾き語り,弾き語り配信,2021/10/14,My Dearest,supercell,https://youtu.be/Rf4Q_U3g0J0?t=2057,TRUE,,
弾き語り,弾き語り配信,2021/10/14,告白,supercell,https://youtu.be/Rf4Q_U3g0J0?t=2440,TRUE,,
弾き語り,弾き語り配信,2021/10/14,うたかた花火,supercell,https://youtu.be/Rf4Q_U3g0J0?t=2910,TRUE,,
弾き語り,弾き語り配信,2021/10/14,イマジネーション,SPYAIR,https://youtu.be/Rf4Q_U3g0J0?t=3422,TRUE,,
弾き語り,弾き語り配信,2021/10/14,夏恋花火,40mP,https://youtu.be/Rf4Q_U3g0J0?t=3908,TRUE,,
弾き語り,弾き語り配信,2021/10/14,WISH,嵐,https://youtu.be/Rf4Q_U3g0J0?t=4364,TRUE,,
弾き語り,弾き語り配信,2021/10/14,さくら(独唱),森山直太朗,https://youtu.be/Rf4Q_U3g0J0?t=4844,TRUE,,
弾き語り,弾き語り配信,2021/10/14,シャカビーチ～Laka Laka La～,UVERworld,https://youtu.be/Rf4Q_U3g0J0?t=5209,TRUE,,
弾き語り,弾き語り配信,2021/10/14,Star!!,CINDERELLA PROJECT,https://youtu.be/Rf4Q_U3g0J0?t=5824,TRUE,,
弾き語り,弾き語り配信,2021/10/14,GO MAY WAY!!,天海春香(中村繪里子),https://youtu.be/Rf4Q_U3g0J0?t=6262,TRUE,,
弾き語り,弾き語り配信,2021/10/14,Rainbow,ROUND TABLE feat.Nino,https://youtu.be/Rf4Q_U3g0J0?t=7131,TRUE,,
弾き語り,弾き語り配信,2021/10/18,太陽系デスコ,ナユタン星人,https://youtu.be/E-wCdyM2Lvg?t=351,TRUE,,
弾き語り,弾き語り配信,2021/10/18,ハロ/ハワユ,ナノウ,https://youtu.be/E-wCdyM2Lvg?t=764,TRUE,,
弾き語り,弾き語り配信,2021/10/18,from Y to Y,ジミーサムP,https://youtu.be/E-wCdyM2Lvg?t=1180,TRUE,,
弾き語り,弾き語り配信,2021/10/18,涙そうそう,夏川りみ,https://youtu.be/E-wCdyM2Lvg?t=1702,TRUE,,
弾き語り,弾き語り配信,2021/10/18,カタオモイ,Aimer,https://youtu.be/E-wCdyM2Lvg?t=2061,TRUE,,
弾き語り,弾き語り配信,2021/10/18,千の夜をこえて,Aqua Timez,https://youtu.be/E-wCdyM2Lvg?t=2423,TRUE,,
弾き語り,弾き語り配信,2021/10/18,恋,奥華子,https://youtu.be/E-wCdyM2Lvg?t=2907,TRUE,,
弾き語り,弾き語り配信,2021/10/18,いかないで,想太,https://youtu.be/E-wCdyM2Lvg?t=3598,TRUE,,
弾き語り,弾き語り配信,2021/10/18,Just a game,takamatt,https://youtu.be/E-wCdyM2Lvg?t=3916,TRUE,,
弾き語り,弾き語り配信,2021/10/18,Just Be Friends,Dixie Flatline,https://youtu.be/E-wCdyM2Lvg?t=4318,TRUE,,
弾き語り,弾き語り配信,2021/10/23,シャルル,バルーン,https://youtu.be/W5v1IZMehBs?t=401,TRUE,,
弾き語り,弾き語り配信,2021/10/23,366日,HY,https://youtu.be/W5v1IZMehBs?t=775,TRUE,,
弾き語り,弾き語り配信,2021/10/23,プラネタリウムの真実,夏代孝明,https://youtu.be/W5v1IZMehBs?t=1364,TRUE,,
弾き語り,弾き語り配信,2021/10/23,All Alone With You,EGOIST,https://youtu.be/W5v1IZMehBs?t=1776,TRUE,,
弾き語り,弾き語り配信,2021/10/23,アスノヨゾラ哨戒班,Orangestar,https://youtu.be/W5v1IZMehBs?t=2519,TRUE,,
弾き語り,弾き語り配信,2021/10/23,青いベンチ,サスケ,https://youtu.be/W5v1IZMehBs?t=2797,TRUE,,
弾き語り,弾き語り配信,2021/10/23,しわ,buzzG,https://youtu.be/W5v1IZMehBs?t=3263,TRUE,,
弾き語り,弾き語り配信,2021/10/30,雪の華,中島美嘉,https://youtu.be/h2WjZ19Jki8?t=429,TRUE,,
弾き語り,弾き語り配信,2021/10/30,白日,King Gnu,https://youtu.be/h2WjZ19Jki8?t=877,TRUE,,
弾き語り,弾き語り配信,2021/10/30,粉雪,レミオロメン,https://youtu.be/h2WjZ19Jki8?t=1395,TRUE,,
弾き語り,弾き語り配信,2021/10/30,津軽海峡・冬景色,石川さゆり,https://youtu.be/h2WjZ19Jki8?t=1836,TRUE,,
弾き語り,弾き語り配信,2021/10/30,シンデレラ・クリスマス,KinKi Kids,https://youtu.be/h2WjZ19Jki8?t=2291,TRUE,,
弾き語り,弾き語り配信,2021/10/30,初めての恋が終わる時,ryo,https://youtu.be/h2WjZ19Jki8?t=2968,TRUE,,
弾き語り,弾き語り配信,2021/10/30,夜咄ディセイブ,じん,https://youtu.be/h2WjZ19Jki8?t=3536,TRUE,,
弾き語り,弾き語り配信,2021/10/30,夜に駆ける,YOASOBI,https://youtu.be/h2WjZ19Jki8?t=3917,TRUE,,
弾き語り,弾き語り配信,2021/10/30,PARADOX,雨宮天,https://youtu.be/h2WjZ19Jki8?t=4941,TRUE,,
弾き語り,弾き語り配信,2021/10/30,シザーハンズ,Nem,https://youtu.be/h2WjZ19Jki8?t=5253,TRUE,,
弾き語り,弾き語り配信,2021/10/30,タイヨウのうた,Kaoru Amane,https://youtu.be/h2WjZ19Jki8?t=6156,TRUE,,
弾き語り,弾き語り配信,2021/10/30,Good-bye days,YUI,https://youtu.be/h2WjZ19Jki8?t=6469,TRUE,,
弾き語り,弾き語り配信,2021/10/30,真夏の果実,サザンオールスターズ,https://youtu.be/h2WjZ19Jki8?t=7366,TRUE,,
弾き語り,弾き語り配信,2021/10/30,TAKE ME HIGHER,V6,https://youtu.be/h2WjZ19Jki8?t=8127,TRUE,,
弾き語り,弾き語り配信,2021/11/09,アゲハ蝶,ポルノグラフィティ,https://youtu.be/_oUOLMhpKxU?t=500,TRUE,,
弾き語り,弾き語り配信,2021/11/09,乙女解剖,DECO*27,https://youtu.be/_oUOLMhpKxU?t=991,TRUE,,
弾き語り,弾き語り配信,2021/11/09,ゴーストルール,DECO*27,https://youtu.be/_oUOLMhpKxU?t=1203,TRUE,,
弾き語り,弾き語り配信,2021/11/09,ヒバナ,DECO*27,https://youtu.be/_oUOLMhpKxU?t=1483,TRUE,,
弾き語り,弾き語り配信,2021/11/09,God knows…,涼宮ハルヒ(平野綾),https://youtu.be/_oUOLMhpKxU?t=1803,TRUE,,
弾き語り,弾き語り配信,2021/11/09,恋のミクル伝説,朝比奈みくる(後藤邑子),https://youtu.be/_oUOLMhpKxU?t=2188,TRUE,,
弾き語り,弾き語り配信,2021/11/09,抱いてセニョリータ,山下智久,https://youtu.be/_oUOLMhpKxU?t=2605,TRUE,,
弾き語り,弾き語り配信,2021/11/09,地球最後の告白を,kemu,https://youtu.be/_oUOLMhpKxU?t=3172,TRUE,,
弾き語り,弾き語り配信,2021/11/09,シルシ,LiSA,https://youtu.be/_oUOLMhpKxU?t=3658,TRUE,,
弾き語り,弾き語り配信,2021/11/09,さよならのかわりに,レフティモンスターＰ,https://youtu.be/_oUOLMhpKxU?t=4246,TRUE,,
弾き語り,弾き語り配信,2021/11/09,サニーデイ,ラックライフ,https://youtu.be/_oUOLMhpKxU?t=4810,TRUE,,
弾き語り,弾き語り配信,2021/11/09,猫,DISH//,https://youtu.be/_oUOLMhpKxU?t=6991,TRUE,,
弾き語り,弾き語り配信,2021/11/16,決意の朝に,Aqua Timez,https://youtu.be/LYE47akA078?t=300,TRUE,,
弾き語り,弾き語り配信,2021/11/16,正解はひとつ!じゃない!!,ミルキィホームズ,https://youtu.be/LYE47akA078?t=675,TRUE,,
弾き語り,弾き語り配信,2021/11/16,Q＆Aリサイタル!,戸松遥,https://youtu.be/LYE47akA078?t=949,TRUE,,
弾き語り,弾き語り配信,2021/11/16,READY STEADY GO,L'Arc~en~Ciel,https://youtu.be/LYE47akA078?t=1490,TRUE,,
弾き語り,弾き語り配信,2021/11/16,メリッサ,ポルノグラフィティ,https://youtu.be/LYE47akA078?t=1944,TRUE,,
弾き語り,弾き語り配信,2021/11/16,閃光,[Alexandros],https://youtu.be/LYE47akA078?t=2494,TRUE,,
弾き語り,弾き語り配信,2021/11/16,小さきもの,林明日香,https://youtu.be/LYE47akA078?t=3103,TRUE,,
弾き語り,弾き語り配信,2021/11/16,Together,あきよしふみえ,https://youtu.be/LYE47akA078?t=3590,TRUE,,
弾き語り,弾き語り配信,2021/11/16,恋のかけら,"MEZZO""",https://youtu.be/LYE47akA078?t=4206,TRUE,,
弾き語り,弾き語り配信,2021/11/16,あんなに一緒だったのに,See-Saw,https://youtu.be/LYE47akA078?t=4671,TRUE,,
弾き語り,弾き語り配信,2021/11/16,Reason,玉置成実,https://youtu.be/LYE47akA078?t=4800,TRUE,,
弾き語り,弾き語り配信,2021/11/16,Sign,FLOW,https://youtu.be/LYE47akA078?t=5177,TRUE,,
弾き語り,弾き語り配信,2021/11/16,newsong,tacica,https://youtu.be/LYE47akA078?t=5341,TRUE,,
弾き語り,弾き語り配信,2021/11/16,"Hello,future contact!",内田真礼,https://youtu.be/LYE47akA078?t=6197,TRUE,,
弾き語り,弾き語り配信,2021/11/16,激動,UVERworld,https://youtu.be/LYE47akA078?t=6594,TRUE,,
弾き語り,弾き語り配信,2021/11/16,君色シグナル,春奈るな,https://youtu.be/LYE47akA078?t=6730,TRUE,,
弾き語り,弾き語り配信,2021/11/16,Lily,ラックライフ,https://youtu.be/LYE47akA078?t=7262,TRUE,,
弾き語り,弾き語り配信,2021/12/08,君に届け,flumpool,https://youtu.be/fptuRJXec5E?t=530,TRUE,,
弾き語り,弾き語り配信,2021/12/08,１・２・３,After the Rain,https://youtu.be/fptuRJXec5E?t=946,TRUE,,
弾き語り,弾き語り配信,2021/12/08,はじめてのチュウ,あんしんパパ,https://youtu.be/fptuRJXec5E?t=1516,TRUE,,
弾き語り,弾き語り配信,2021/12/08,First Love,宇多田ヒカル,https://youtu.be/fptuRJXec5E?t=1915,TRUE,,
弾き語り,弾き語り配信,2021/12/08,ユメセカイ,戸松遥,https://youtu.be/fptuRJXec5E?t=2291,TRUE,,
弾き語り,弾き語り配信,2021/12/08,星の唄,buzzG,https://youtu.be/fptuRJXec5E?t=2671,TRUE,,
弾き語り,弾き語り配信,2021/12/08,Booo!,TOKOTOKO(西沢さんP),https://youtu.be/fptuRJXec5E?t=3011,TRUE,,
弾き語り,弾き語り配信,2021/12/08,夜もすがら君想ふ,TOKOTOKO(西沢さんP),https://youtu.be/fptuRJXec5E?t=3193,TRUE,,
弾き語り,弾き語り配信,2021/12/08,ローリンガール,wowaka,https://youtu.be/fptuRJXec5E?t=3878,TRUE,,
弾き語り,弾き語り配信,2021/12/08,Phantom Joke,UNISON SQUARE GARDEN,https://youtu.be/fptuRJXec5E?t=4247,TRUE,,
弾き語り,弾き語り配信,2021/12/08,ジェットロケット,LiSA,https://youtu.be/fptuRJXec5E?t=4408,TRUE,,
弾き語り,弾き語り配信,2021/12/08,廻廻奇譚,Eve,https://youtu.be/fptuRJXec5E?t=4924,TRUE,,
弾き語り,弾き語り配信,2021/12/08,うまぴょい伝説,ウマ娘,https://youtu.be/fptuRJXec5E?t=5568,TRUE,,
弾き語り,弾き語り配信,2021/12/08,StaRt,Mrs.GREEN APPLE,https://youtu.be/fptuRJXec5E?t=5888,TRUE,,
弾き語り,弾き語り配信,2021/12/08,かくれんぼ,AliA,https://youtu.be/fptuRJXec5E?t=6084,TRUE,,
弾き語り,弾き語り配信,2021/12/08,火炎,女王蜂,https://youtu.be/fptuRJXec5E?t=6558,TRUE,,
弾き語り,弾き語り配信,2021/12/08,Ghost of a smile,EGOIST,https://youtu.be/fptuRJXec5E?t=7175,TRUE,,
弾き語り,弾き語り配信,2021/12/20,粉雪,レミオロメン,https://youtu.be/3lmV4TZIItA?t=446,TRUE,,
弾き語り,弾き語り配信,2021/12/20,恋愛サーキュレーション,千石撫子(花澤香菜),https://youtu.be/3lmV4TZIItA?t=842,TRUE,,
弾き語り,弾き語り配信,2021/12/20,ヒカリ,樹海,https://youtu.be/3lmV4TZIItA?t=1257,TRUE,,
弾き語り,弾き語り配信,2021/12/20,from Y to Y,ジミーサムP,https://youtu.be/3lmV4TZIItA?t=1548,TRUE,,
弾き語り,弾き語り配信,2021/12/20,THE OVER,UVERworld,https://youtu.be/3lmV4TZIItA?t=2013,TRUE,,
弾き語り,弾き語り配信,2021/12/20,創聖のアクエリオン,AKINO,https://youtu.be/3lmV4TZIItA?t=2841,TRUE,,
弾き語り,弾き語り配信,2021/12/20,カブトムシ,Aiko,https://youtu.be/3lmV4TZIItA?t=3809,TRUE,,
弾き語り,弾き語り配信,2021/12/20,Tell Your World,kz,https://youtu.be/3lmV4TZIItA?t=4203,TRUE,,
弾き語り,弾き語り配信,2021/12/20,ヒトリゴト,ClariS,https://youtu.be/3lmV4TZIItA?t=4579,TRUE,,
弾き語り,弾き語り配信,2021/12/20,夜空ノムコム,SMAP,https://youtu.be/3lmV4TZIItA?t=5559,TRUE,,
弾き語り,弾き語り配信,2021/12/27,クリスマス・イブ,山下達郎,https://youtu.be/8nJciMTmtp8?t=385,TRUE,,
弾き語り,弾き語り配信,2021/12/27,世界は恋に落ちている,CHiCO with HoneyWorks,https://youtu.be/8nJciMTmtp8?t=780,TRUE,,
弾き語り,弾き語り配信,2021/12/27,瓦礫の塔,kemu,https://youtu.be/8nJciMTmtp8?t=1176,TRUE,,
弾き語り,弾き語り配信,2021/12/27,アスノヨゾラ哨戒班,Orangestar,https://youtu.be/8nJciMTmtp8?t=1574,TRUE,,
弾き語り,弾き語り配信,2021/12/27,メルト,ryo(supercell),https://youtu.be/8nJciMTmtp8?t=2029,TRUE,,
弾き語り,弾き語り配信,2021/12/27,君の知らない物語,supercell,https://youtu.be/8nJciMTmtp8?t=2370,TRUE,,
弾き語り,弾き語り配信,2021/12/27,神っぽいな,ピノキオピー,https://youtu.be/8nJciMTmtp8?t=3538,TRUE,,
弾き語り,弾き語り配信,2021/12/27,ぼなぺてぃーと♡Ｓ,ブレンド・Ａ,https://youtu.be/8nJciMTmtp8?t=4231,TRUE,,
弾き語り,弾き語り配信,2021/12/27,ハレ晴レユカイ Ver.キョン,キョン(杉田智和),https://youtu.be/8nJciMTmtp8?t=4773,TRUE,,
弾き語り,弾き語り配信,2021/12/27,寝・に・げでリセット！,柊つかさ(福原香織),https://youtu.be/8nJciMTmtp8?t=5172,TRUE,,
弾き語り,弾き語り配信,2021/12/27,耳の聞こえなくなった恋人とそのうたうたい,大石昌良,https://youtu.be/8nJciMTmtp8?t=5566,TRUE,,
弾き語り,弾き語り配信,2021/12/27,からくりピエロ,40mP,https://youtu.be/8nJciMTmtp8?t=6135,TRUE,,
弾き語り,弾き語り配信,2021/12/27,Virtual to LIVE,にじさんじ,https://youtu.be/8nJciMTmtp8?t=6667,TRUE,,
弾き語り,弾き語り配信,2022/01/07,神のまにまに,れるりり,https://youtu.be/1LsZdruN-tc?t=534,TRUE,,
弾き語り,弾き語り配信,2022/01/07,StaRt,Mrs.GREEN APPLE,https://youtu.be/1LsZdruN-tc?t=857,TRUE,,
弾き語り,弾き語り配信,2022/01/07,砂の惑星,ハチ,https://youtu.be/1LsZdruN-tc?t=1371,TRUE,,
弾き語り,弾き語り配信,2022/01/07,世界はまだ始まってすらいない,ワンダーランズ×ショータイム / ピノキオピー,https://youtu.be/1LsZdruN-tc?t=1741,TRUE,,
弾き語り,弾き語り配信,2022/01/07,猫,DISH//,https://youtu.be/1LsZdruN-tc?t=2070,TRUE,,
弾き語り,弾き語り配信,2022/01/07,UNION,OxT,https://youtu.be/1LsZdruN-tc?t=2618,TRUE,,
弾き語り,弾き語り配信,2022/01/07,オトモダチフィルム,オーイシマサヨシ,https://youtu.be/1LsZdruN-tc?t=2759,TRUE,,
弾き語り,弾き語り配信,2022/01/07,楽園都市,オーイシマサヨシ,https://youtu.be/1LsZdruN-tc?t=2887,TRUE,,
弾き語り,弾き語り配信,2022/01/07,いのちの名前,木村弓,https://youtu.be/1LsZdruN-tc?t=3151,TRUE,,
弾き語り,弾き語り配信,2022/01/07,いつも何度でも,木村弓,https://youtu.be/1LsZdruN-tc?t=3473,TRUE,,
弾き語り,弾き語り配信,2022/01/07,Mela!,緑黄色社会,https://youtu.be/1LsZdruN-tc?t=4148,TRUE,,
弾き語り,弾き語り配信,2022/01/07,Real Face,KAT-TUN,https://youtu.be/1LsZdruN-tc?t=4692,TRUE,,
弾き語り,弾き語り配信,2022/01/07,Happiness,嵐,https://youtu.be/1LsZdruN-tc?t=5225,TRUE,,
弾き語り,弾き語り配信,2022/01/07,Love so sweet,嵐,https://youtu.be/1LsZdruN-tc?t=5383,TRUE,,
弾き語り,弾き語り配信,2022/01/07,らいおんハート,SMAP,https://youtu.be/1LsZdruN-tc?t=5804,TRUE,,
弾き語り,弾き語り配信,2022/01/07,慎吾ママのおはロック,慎吾ママ,https://youtu.be/1LsZdruN-tc?t=5980,TRUE,,
弾き語り,弾き語り配信,2022/01/07,硝子の少年,KinKi Kids,https://youtu.be/1LsZdruN-tc?t=6258,TRUE,,
弾き語り,弾き語り配信,2022/01/07,明日への扉,I WiSH,https://youtu.be/1LsZdruN-tc?t=6912,TRUE,,
弾き語り,弾き語り配信,2022/01/07,Ti Amo,EXILE,https://youtu.be/1LsZdruN-tc?t=7143,TRUE,,
弾き語り,弾き語り配信,2022/01/07,PIECES OF A DREAM,CHEMISTRY,https://youtu.be/1LsZdruN-tc?t=7412,TRUE,,
弾き語り,弾き語り配信,2022/01/07,ニア,夏代孝明,https://youtu.be/1LsZdruN-tc?t=8290,TRUE,,
弾き語り,その他配信,2022/02/20,ドライフラワー,優里,https://youtu.be/zczQPpqXhzY?t=12806,TRUE,,
弾き語り,弾き語り配信,2022/02/23,少女レイ,みきとＰ,https://youtu.be/aJIU6IctNr4?t=663,TRUE,,
弾き語り,弾き語り配信,2022/02/23,"New street, New world",ROF-MAO,https://youtu.be/aJIU6IctNr4?t=1011,TRUE,,
弾き語り,弾き語り配信,2022/02/23,地球最後の告白を,kemu,https://youtu.be/aJIU6IctNr4?t=1274,TRUE,,
弾き語り,弾き語り配信,2022/02/23,ジャンキーナイトタウンオーケストラ,すりぃ,https://youtu.be/aJIU6IctNr4?t=1715,TRUE,,
弾き語り,弾き語り配信,2022/02/23,しわ,buzzG,https://youtu.be/aJIU6IctNr4?t=1870,TRUE,,
弾き語り,弾き語り配信,2022/02/23,from Y to Y,ジミーサムＰ,https://youtu.be/aJIU6IctNr4?t=2418,TRUE,,
弾き語り,弾き語り配信,2022/02/23,太陽の楽園～Promise Land～,神戸みゆき,https://youtu.be/aJIU6IctNr4?t=2990,TRUE,,
弾き語り,弾き語り配信,2022/02/23,今好きになる。,HoneyWorks,https://youtu.be/aJIU6IctNr4?t=3797,TRUE,,
弾き語り,弾き語り配信,2022/02/23,ヒカリ,樹海,https://youtu.be/aJIU6IctNr4?t=4280,TRUE,,
弾き語り,弾き語り配信,2022/02/23,神っぽいな,キノピオピー,https://youtu.be/aJIU6IctNr4?t=5296,TRUE,,
弾き語り,弾き語り配信,2022/02/28,アスノヨゾラ哨戒班,Orangestar,https://youtu.be/JJNY45yWTA0?t=494,TRUE,,
弾き語り,弾き語り配信,2022/02/28,3月9日,レミオロメン,https://youtu.be/JJNY45yWTA0?t=886,TRUE,,
弾き語り,弾き語り配信,2022/02/28,ニホンノミカタ -ネバダカラキマシタ-,矢島美容室,https://youtu.be/JJNY45yWTA0?t=1457,TRUE,,
弾き語り,弾き語り配信,2022/02/28,only my railgun,flipSide,https://youtu.be/JJNY45yWTA0?t=1910,TRUE,,
弾き語り,弾き語り配信,2022/02/28,ワールド・ランプシェード,buzzG,https://youtu.be/JJNY45yWTA0?t=2526,TRUE,,
弾き語り,弾き語り配信,2022/02/28,瓦礫の塔,kemu,https://youtu.be/JJNY45yWTA0?t=3171,TRUE,,
弾き語り,弾き語り配信,2022/02/28,CHE.R.RY,YUI,https://youtu.be/JJNY45yWTA0?t=3964,TRUE,,
弾き語り,弾き語り配信,2022/02/28,My Generation,YUI,https://youtu.be/JJNY45yWTA0?t=4230,TRUE,,
弾き語り,弾き語り配信,2022/02/28,Rolling star,YUI,https://youtu.be/JJNY45yWTA0?t=4326,TRUE,,
弾き語り,弾き語り配信,2022/02/28,ETERNAL BLAZE,水樹奈々,https://youtu.be/JJNY45yWTA0?t=4614,TRUE,,
弾き語り,弾き語り配信,2022/02/28,カサブタ,千綿ヒデノリ,https://youtu.be/JJNY45yWTA0?t=5290,TRUE,,
弾き語り,弾き語り配信,2022/03/07,ハナミズキ,一青窈,https://youtu.be/M1W0SD_n8Co?t=255,TRUE,,
弾き語り,弾き語り配信,2022/03/07,さくら,森山直太朗,https://youtu.be/M1W0SD_n8Co?t=886,TRUE,,
弾き語り,弾き語り配信,2022/03/07,僕たちの歌,佐香智久,https://youtu.be/M1W0SD_n8Co?t=1424,TRUE,,
弾き語り,弾き語り配信,2022/03/07,片翼のイカロス,榊原ゆい,https://youtu.be/M1W0SD_n8Co?t=1974,TRUE,,
弾き語り,弾き語り配信,2022/03/07,シネマ,Vivid BAD SQUAD / Ayase,https://youtu.be/M1W0SD_n8Co?t=2238,TRUE,,
弾き語り,弾き語り配信,2022/03/07,少女レイ,みきとＰ,https://youtu.be/M1W0SD_n8Co?t=2400,TRUE,,
弾き語り,弾き語り配信,2022/03/07,GLAMOROUS SKY,中島美嘉,https://youtu.be/M1W0SD_n8Co?t=2594,TRUE,,
弾き語り,弾き語り配信,2022/03/07,光るなら,Goose house,https://youtu.be/M1W0SD_n8Co?t=3172,TRUE,,
弾き語り,弾き語り配信,2022/03/07,チカっとチカ千花っ,藤原千花(小原好美),https://youtu.be/M1W0SD_n8Co?t=6499,TRUE,,
弾き語り,弾き語り配信,2022/03/07,motto☆派手にね！,戸松遥,https://youtu.be/M1W0SD_n8Co?t=4109,TRUE,,
弾き語り,弾き語り配信,2022/03/07,アイドル活動！,わか・ふうり・ゆな from STAR☆ANIS,https://youtu.be/M1W0SD_n8Co?t=4439,TRUE,,
弾き語り,弾き語り配信,2022/03/07,君じゃなきゃダメみたい,オーイシマサヨシ,https://youtu.be/M1W0SD_n8Co?t=5275,TRUE,,
弾き語り,,2022/03/14,め組のひと,ラッツ＆スター,https://youtu.be/QltJ_fazJMw?t=360,TRUE,,
弾き語り,,2022/03/14,星間飛行,ランカ・リー(中島愛),https://youtu.be/QltJ_fazJMw?t=823,TRUE,,
弾き語り,,2022/03/14,等身大のラブソング,Aqua Timez,https://youtu.be/QltJ_fazJMw?t=1167,TRUE,,
弾き語り,,2022/03/14,決意の朝に,Aqua Timez,https://youtu.be/QltJ_fazJMw?t=1588,TRUE,,
弾き語り,,2022/03/14,閃光,[Alexandros],https://youtu.be/QltJ_fazJMw?t=2071,TRUE,,
弾き語り,,2022/03/14,エウテルペ,EGOIST,https://youtu.be/QltJ_fazJMw?t=2389,TRUE,,
弾き語り,,2022/03/14,My Dearest,supercell,https://youtu.be/QltJ_fazJMw?t=2629,TRUE,,
弾き語り,,2022/03/14,Pretender,Official髭男dism,https://youtu.be/QltJ_fazJMw?t=2847,TRUE,,
弾き語り,,2022/03/14,fantastic dreamer,Machico,https://youtu.be/QltJ_fazJMw?t=3245,TRUE,,
弾き語り,,2022/03/14,ロマンスの神様,広瀬香美,https://youtu.be/QltJ_fazJMw?t=3553,TRUE,,
弾き語り,,2022/03/14,ペダルハート,DECO*27,https://youtu.be/QltJ_fazJMw?t=3721,TRUE,,
弾き語り,弾き語り配信,2022/04/01,"One more time, One more chance",山崎まさよし,https://youtu.be/rU8jxgTkGrk?t=554,TRUE,,
弾き語り,弾き語り配信,2022/04/01,小夜子,みきとＰ,https://youtu.be/rU8jxgTkGrk?t=1119,TRUE,,
弾き語り,弾き語り配信,2022/04/01,サニーデイ,ラックライフ,https://youtu.be/rU8jxgTkGrk?t=1456,TRUE,,
弾き語り,弾き語り配信,2022/04/01,心拍数＃0822,蝶々Ｐ,https://youtu.be/rU8jxgTkGrk?t=1909,TRUE,,
弾き語り,弾き語り配信,2022/04/01,ダイアモンド クレバス,シェリル・ノーム starring May'n,https://youtu.be/rU8jxgTkGrk?t=2380,TRUE,,
弾き語り,弾き語り配信,2022/04/01,StaRt,Mrs.GREEN APPLE,https://youtu.be/rU8jxgTkGrk?t=2913,TRUE,,
弾き語り,弾き語り配信,2022/04/01,リンネ,ハチ,https://youtu.be/rU8jxgTkGrk?t=3923,TRUE,,
弾き語り,弾き語り配信,2022/04/01,ネトゲ廃人シュプレヒコール,さつき が てんこもり,https://youtu.be/rU8jxgTkGrk?t=4041,TRUE,,
弾き語り,弾き語り配信,2022/04/01,ヴィラン,てにをは,https://youtu.be/rU8jxgTkGrk?t=4454,TRUE,,
弾き語り,弾き語り配信,2022/04/09,Hello Goodbye＆Hello,熊木杏里,https://youtu.be/WYJl5PiXCa4?t=522,TRUE,,
弾き語り,弾き語り配信,2022/04/09,葛飾ラプソディー,堂島孝平,https://youtu.be/WYJl5PiXCa4?t=921,TRUE,,
弾き語り,弾き語り配信,2022/04/09,オツキミリサイタル,じん,https://youtu.be/WYJl5PiXCa4?t=1172,TRUE,,
弾き語り,弾き語り配信,2022/04/09,ユキトキ,やなぎなぎ,https://youtu.be/WYJl5PiXCa4?t=1492,TRUE,,
弾き語り,弾き語り配信,2022/04/09,そばかす,JUDY AND MARY,https://youtu.be/WYJl5PiXCa4?t=1972,TRUE,,
弾き語り,弾き語り配信,2022/04/09,ココロのちず,BOYSTYLE,https://youtu.be/WYJl5PiXCa4?t=2631,TRUE,,
弾き語り,弾き語り配信,2022/04/09,ウィーアー!,きただにひろし,https://youtu.be/WYJl5PiXCa4?t=2844,TRUE,,
弾き語り,弾き語り配信,2022/04/09,unravel,TK from 凛として時雨,https://youtu.be/WYJl5PiXCa4?t=3275,TRUE,,
弾き語り,弾き語り配信,2022/04/09,もののけ姫,米良美一,https://youtu.be/WYJl5PiXCa4?t=3576,TRUE,,
弾き語り,弾き語り配信,2022/04/09,瞳をとじて,平井堅,https://youtu.be/WYJl5PiXCa4?t=4036,TRUE,,
弾き語り,弾き語り配信,2022/04/09,キラメキ,wacci,https://youtu.be/WYJl5PiXCa4?t=4822,TRUE,,
弾き語り,弾き語り配信,2022/04/19,カブトムシ,aiko,https://youtu.be/4POnGzbjczE?t=304,TRUE,,
弾き語り,弾き語り配信,2022/04/19,残響散歌,Aimer,https://youtu.be/4POnGzbjczE?t=779,TRUE,,
弾き語り,弾き語り配信,2022/04/19,プラチナ,坂本真綾,https://youtu.be/4POnGzbjczE?t=983,TRUE,,
弾き語り,弾き語り配信,2022/04/19,ひまわりの約束,秦基博,https://youtu.be/4POnGzbjczE?t=1117,TRUE,,
弾き語り,弾き語り配信,2022/04/19,My Dearest,supercell,https://youtu.be/4POnGzbjczE?t=1657,TRUE,,
弾き語り,弾き語り配信,2022/04/19,アイのシナリオ,CHiCO with HoneyWorks,https://youtu.be/4POnGzbjczE?t=2218,TRUE,,
弾き語り,弾き語り配信,2022/04/19,グランドエスケープ,RADWIMPS,https://youtu.be/4POnGzbjczE?t=2700,TRUE,,
弾き語り,弾き語り配信,2022/04/19,きゅうくらりん,いよわ,https://youtu.be/4POnGzbjczE?t=2895,TRUE,,
弾き語り,弾き語り配信,2022/04/19,シネマ,Vivid BAD SQUAD / Ayase,https://youtu.be/4POnGzbjczE?t=3202,TRUE,,
弾き語り,弾き語り配信,2022/04/19,むじんとうのうた,甲斐田晴,https://youtu.be/4POnGzbjczE?t=3622,TRUE,,
弾き語り,弾き語り配信,2022/04/19,115万キロのフィルム,Official髭男dism,https://youtu.be/4POnGzbjczE?t=3952,TRUE,,
弾き語り,弾き語り配信,2022/04/19,TSUNAMI,サザンオールスターズ,https://youtu.be/4POnGzbjczE?t=4165,TRUE,,
弾き語り,弾き語り配信,2022/04/26,ハナミズキ,一青窈,https://youtu.be/O7E9pHp3Q6k?t=1290,TRUE,,
弾き語り,弾き語り配信,2022/04/26,ドライフラワー,優里,https://youtu.be/O7E9pHp3Q6k?t=2130,TRUE,,
弾き語り,弾き語り配信,2022/05/07,アイム・ア・ビリーバー with 不破湊,SPYAIR,https://youtu.be/fetc0Exwa8M?t=1020,TRUE,,
弾き語り,弾き語り配信,2022/05/07,にっこり^^調査隊のテーマ with 本間ひまわり,ワンダーランズ×ショウタイム/ ワンダフル☆オポチュニティ！,https://youtu.be/fetc0Exwa8M?t=1362,TRUE,,
弾き語り,弾き語り配信,2022/05/07,敗北の少年 with 三枝明那,kemu,https://youtu.be/fetc0Exwa8M?t=1851,TRUE,,
弾き語り,弾き語り配信,2022/05/07,在るべき形,UVERworld,https://youtu.be/fetc0Exwa8M?t=2271,TRUE,,
弾き語り,弾き語り配信,2022/05/07,タイヨウのうた,Kaoru Amane,https://youtu.be/fetc0Exwa8M?t=2650,TRUE,,
弾き語り,弾き語り配信,2022/05/07,夢地図,40mP,https://youtu.be/fetc0Exwa8M?t=2992,TRUE,,
弾き語り,弾き語り配信,2022/05/07,透明な心臓が泣いていた,甲斐田晴,https://youtu.be/fetc0Exwa8M?t=3319,TRUE,,
弾き語り,弾き語り配信,2022/05/08,Pretender,Official髭男dism,https://youtu.be/WuheAzSj-tc?t=488,TRUE,,
弾き語り,弾き語り配信,2022/05/08,瓦礫の塔,kemu,https://youtu.be/WuheAzSj-tc?t=1064,TRUE,,
弾き語り,弾き語り配信,2022/05/08,アイラビューアイニジュー,KEI,https://youtu.be/WuheAzSj-tc?t=1407,TRUE,,
弾き語り,弾き語り配信,2022/05/08,サニーデイ,ラックライフ,https://youtu.be/WuheAzSj-tc?t=1719,TRUE,,
弾き語り,弾き語り配信,2022/05/08,ファンサ,mona,https://youtu.be/WuheAzSj-tc?t=2119,TRUE,,
弾き語り,弾き語り配信,2022/05/08,インフェルノ,Mrs.GREEN APPLE,https://youtu.be/WuheAzSj-tc?t=2603,TRUE,,
弾き語り,弾き語り配信,2022/05/08,ここにしか咲かない花,コブクロ,https://youtu.be/WuheAzSj-tc?t=2968,TRUE,,
弾き語り,弾き語り配信,2022/05/08,Good-bye days,YUI,https://youtu.be/WuheAzSj-tc?t=3477,TRUE,,
弾き語り,弾き語り配信,2022/05/08,点描の唄,Mrs.GREEN APPLE,https://youtu.be/WuheAzSj-tc?t=4839,TRUE,,
弾き語り,弾き語り配信,2022/05/08,Wishing,レム(水瀬いのり),https://youtu.be/WuheAzSj-tc?t=5413,TRUE,,
弾き語り,弾き語り配信,2022/05/16,ピエロ,KEI,https://youtu.be/CEOzIJu1uDY?t=256,TRUE,,
弾き語り,弾き語り配信,2022/05/16,その未来へ,RIRIKO,https://youtu.be/CEOzIJu1uDY?t=618,TRUE,,
弾き語り,弾き語り配信,2022/05/16,盲目の宇宙飛行士,yukkedoluce(黒髪ストロングP),https://youtu.be/CEOzIJu1uDY?t=1386,TRUE,,
弾き語り,弾き語り配信,2022/05/16,Ghost of a smile,EGOIST,https://youtu.be/CEOzIJu1uDY?t=1799,TRUE,,
弾き語り,弾き語り配信,2022/05/16,夢地図,40mP,https://youtu.be/CEOzIJu1uDY?t=2193,TRUE,,
弾き語り,弾き語り配信,2022/05/16,僕ら,ラックライフ,https://youtu.be/CEOzIJu1uDY?t=2588,TRUE,,
弾き語り,弾き語り配信,2022/05/16,透明な心臓が泣いていた,甲斐田晴,https://youtu.be/CEOzIJu1uDY?t=2938,TRUE,,
弾き語り,弾き語り配信,2022/05/16,天使にふれたよ!,放課後ティータイム,https://youtu.be/CEOzIJu1uDY?t=3181,TRUE,,
弾き語り,弾き語り配信,2022/05/16,ガーネット,奥華子,https://youtu.be/CEOzIJu1uDY?t=3967,TRUE,,
弾き語り,弾き語り配信,2022/05/16,涙そうそう,夏川りみ,https://youtu.be/CEOzIJu1uDY?t=4331,TRUE,,
弾き語り,弾き語り配信,2022/05/24,いのちの名前,木村弓,https://youtu.be/CT88pM7ji3Q?t=311,TRUE,,
弾き語り,弾き語り配信,2022/05/24,ハロ／ハワユ,ナノウ(ほわほわP),https://youtu.be/CT88pM7ji3Q?t=790,TRUE,,
弾き語り,弾き語り配信,2022/05/24,ようこそジャパリパークへ,どうぶつビスケッツ×PPP,https://youtu.be/CT88pM7ji3Q?t=1217,TRUE,,
弾き語り,弾き語り配信,2022/05/24,楽園都市,オーイシマサヨシ,https://youtu.be/CT88pM7ji3Q?t=1757,TRUE,,
弾き語り,弾き語り配信,2022/05/24,カサブタ,千綿ヒデノリ,https://youtu.be/CT88pM7ji3Q?t=2089,TRUE,,
弾き語り,弾き語り配信,2022/05/24,stable staple,戦場ヶ原ひたぎ(斎藤千和),https://youtu.be/CT88pM7ji3Q?t=2434,TRUE,,
弾き語り,弾き語り配信,2022/05/24,DONBURA KONBURA SPEAKERS,Ranunculus,https://youtu.be/CT88pM7ji3Q?t=2914,TRUE,,
弾き語り,弾き語り配信,2022/05/24,敗北の少年,kemu,https://youtu.be/CT88pM7ji3Q?t=3187,TRUE,,
弾き語り,弾き語り配信,2022/05/24,Rainbow,ROUND TABLE feat.Nino,https://youtu.be/CT88pM7ji3Q?t=3531,TRUE,,
弾き語り,弾き語り配信,2022/05/24,シンフォニー,牧野由依,https://youtu.be/CT88pM7ji3Q?t=3847,TRUE,,
弾き語り,弾き語り配信,2022/05/24,もう恋なんてしない,槇原敬之,https://youtu.be/CT88pM7ji3Q?t=4313,TRUE,,
弾き語り,弾き語り配信,2022/05/24,風になる,つじあやの,https://youtu.be/CT88pM7ji3Q?t=4690,TRUE,,
弾き語り,弾き語り配信,2022/06/06,決意の朝に,Aqua Timez,https://youtu.be/Ur207TYHSX4?t=373,TRUE,,
弾き語り,弾き語り配信,2022/06/06,世界は恋に落ちている,CHiCO with HoneyWorks,https://youtu.be/Ur207TYHSX4?t=846,TRUE,,
弾き語り,弾き語り配信,2022/06/06,空色デイズ,中川翔子,https://youtu.be/Ur207TYHSX4?t=1353,TRUE,,
弾き語り,弾き語り配信,2022/06/06,from Y to Y,ジミーサムP,https://youtu.be/Ur207TYHSX4?t=2031,TRUE,,
弾き語り,弾き語り配信,2022/06/06,くちづけDiamond,WEAVER,https://youtu.be/Ur207TYHSX4?t=2607,TRUE,,
弾き語り,弾き語り配信,2022/06/06,ライオン,May'n/中島愛,https://youtu.be/Ur207TYHSX4?t=2825,TRUE,,
弾き語り,弾き語り配信,2022/06/06,君がいるから,菅原紗由理,https://youtu.be/Ur207TYHSX4?t=2974,TRUE,,
弾き語り,弾き語り配信,2022/06/06,メリッサ,ポルノグラフィティ,https://youtu.be/Ur207TYHSX4?t=3215,TRUE,,
弾き語り,弾き語り配信,2022/06/06,ENDRESS STORY,REIRA starring YUNA ITO,https://youtu.be/Ur207TYHSX4?t=3770,TRUE,,
弾き語り,弾き語り配信,2022/06/06,透明な心臓が泣いていた,甲斐田晴,https://youtu.be/Ur207TYHSX4?t=4932,TRUE,,
弾き語り,弾き語り配信,2022/06/06,Calc.,ジミーサムP,https://youtu.be/Ur207TYHSX4?t=5384,TRUE,,
弾き語り,弾き語り配信,2022/06/24,青と夏,Mrs.GREEN APPLE,https://youtu.be/x4wQWqx2kkY?t=552,TRUE,,
弾き語り,弾き語り配信,2022/06/24,花に亡霊,ヨルシカ,https://youtu.be/x4wQWqx2kkY?t=1275,TRUE,,
弾き語り,弾き語り配信,2022/06/24,"rain stops, good-bye",におP,https://youtu.be/x4wQWqx2kkY?t=1814,TRUE,,
弾き語り,弾き語り配信,2022/06/24,TSUNAMI,サザンオールスターズ,https://youtu.be/x4wQWqx2kkY?t=2297,TRUE,,
弾き語り,弾き語り配信,2022/06/24,真夏の果実,サザンオールスターズ,https://youtu.be/x4wQWqx2kkY?t=2808,TRUE,,
弾き語り,弾き語り配信,2022/06/24,猫,DISH//,https://youtu.be/x4wQWqx2kkY?t=3211,TRUE,,
弾き語り,弾き語り配信,2022/06/24,優しさの理由,Choucho,https://youtu.be/x4wQWqx2kkY?t=3620,TRUE,,
弾き語り,弾き語り配信,2022/06/24,Lost my music,涼宮ハルヒ(平野綾),https://youtu.be/x4wQWqx2kkY?t=4027,TRUE,,
弾き語り,弾き語り配信,2022/06/24,変わらないもの,奥華子,https://youtu.be/x4wQWqx2kkY?t=4506,TRUE,,
弾き語り,3Dライブ,2022/06/25,UNION,OxT,https://youtu.be/C31UYsrAAhQ?t=179,TRUE,弦月藤士郎、長尾景,
弾き語り,3Dライブ,2022/06/25,StaRt,Mrs.GREEN APPLE,https://youtu.be/C31UYsrAAhQ?t=596,TRUE,,
弾き語り,3Dライブ,2022/06/25,ロメオ,LIP×LIP,https://youtu.be/C31UYsrAAhQ?t=1061,TRUE,長尾景,
弾き語り,3Dライブ,2022/06/25,青空のラプソディ,fhana,https://youtu.be/C31UYsrAAhQ?t=2210,TRUE,弦月藤士郎,
弾き語り,3Dライブ,2022/06/25,Virtual to LIVE,にじさんじ,https://youtu.be/C31UYsrAAhQ?t=3240,TRUE,弦月藤士郎、長尾景,
弾き語り,弾き語り配信,2022/08/15,Fire◎Flower,halyosy,https://youtu.be/PwZ9uoqyZIU?t=357,TRUE,,
弾き語り,弾き語り配信,2022/08/15,イケナイ太陽,ORANGE RANGE,https://youtu.be/PwZ9uoqyZIU?t=829,TRUE,,
弾き語り,弾き語り配信,2022/08/15,君じゃなきゃダメみたい,オーイシマサヨシ,https://youtu.be/PwZ9uoqyZIU?t=1314,TRUE,,
弾き語り,弾き語り配信,2022/08/15,ガーネット,奥華子,https://youtu.be/PwZ9uoqyZIU?t=1777,TRUE,,
弾き語り,弾き語り配信,2022/08/15,Shiny Sunny Step,甲斐田晴,https://youtu.be/PwZ9uoqyZIU?t=2219,TRUE,,
弾き語り,弾き語り配信,2022/08/15,サマータイムレコード,じん,https://youtu.be/PwZ9uoqyZIU?t=2953,TRUE,,
弾き語り,弾き語り配信,2022/08/15,敗北の少年,kemu,https://youtu.be/PwZ9uoqyZIU?t=3468,TRUE,,
弾き語り,弾き語り配信,2022/08/15,金曜日のおはよう,Honey Works,https://youtu.be/PwZ9uoqyZIU?t=3876,TRUE,,
弾き語り,弾き語り配信,2022/08/15,夢灯籠,RADWIMPS,https://youtu.be/PwZ9uoqyZIU?t=4440,TRUE,,
弾き語り,弾き語り配信,2022/08/15,前前前世,RADWIMPS,https://youtu.be/PwZ9uoqyZIU?t=4623,TRUE,,
弾き語り,弾き語り配信,2022/08/15,愛言葉,DECO*27,https://youtu.be/PwZ9uoqyZIU?t=5096,TRUE,,
弾き語り,弾き語り配信,2022/09/18,桜のあと,UNISON SQUARE GARDEN,https://youtu.be/8P_iei9REjU?t=734,TRUE,,
弾き語り,弾き語り配信,2022/09/18,透明な心臓が泣いていた,甲斐田晴,https://youtu.be/8P_iei9REjU?t=1301,TRUE,,
弾き語り,弾き語り配信,2022/09/18,地球最後の告白を,kemu,https://youtu.be/8P_iei9REjU?t=1876,TRUE,,
弾き語り,弾き語り配信,2022/09/18,ブルーバード,いきものがかり,https://youtu.be/8P_iei9REjU?t=2301,TRUE,,
弾き語り,弾き語り配信,2022/09/18,奏,スキマスイッチ,https://youtu.be/8P_iei9REjU?t=2713,TRUE,,
弾き語り,弾き語り配信,2022/09/18,ドライフラワー,優里,https://youtu.be/8P_iei9REjU?t=3108,TRUE,,
弾き語り,弾き語り配信,2022/09/18,夕景イエスタデイ,じん,https://youtu.be/8P_iei9REjU?t=3544,TRUE,,
弾き語り,弾き語り配信,2022/09/18,月光花,Janne Da Arc,https://youtu.be/8P_iei9REjU?t=3928,TRUE,,
弾き語り,弾き語り配信,2022/09/18,ワールド・ランプシェード,buzzG,https://youtu.be/8P_iei9REjU?t=4434,TRUE,,
弾き語り,弾き語り配信,2022/09/18,風になる,つじあやの,https://youtu.be/8P_iei9REjU?t=4815,TRUE,,
弾き語り,オンラインライブ,2022/11/13,清風,甲斐田晴,https://youtu.be/Q2sc0P9B5bw?t=129,TRUE,,
弾き語り,オンラインライブ,2022/11/13,Shiny Sunny Step,甲斐田晴,https://youtu.be/Q2sc0P9B5bw?t=693,TRUE,,
弾き語り,オンラインライブ,2022/11/13,cycle,甲斐田晴,https://youtu.be/Q2sc0P9B5bw?t=999,TRUE,,
弾き語り,オンラインライブ,2022/11/13,パラレルノー細胞,甲斐田晴,https://youtu.be/Q2sc0P9B5bw?t=1405,TRUE,,
弾き語り,オンラインライブ,2022/11/13,瓦礫の塔,kemu,https://youtu.be/Q2sc0P9B5bw?t=1614,TRUE,,
弾き語り,オンラインライブ,2022/11/13,なないろメモリー,優莉,https://youtu.be/Q2sc0P9B5bw?t=2005,TRUE,,
弾き語り,オンラインライブ,2022/11/13,ぼくのヒーロー,甲斐田晴,https://youtu.be/Q2sc0P9B5bw?t=2244,TRUE,,
弾き語り,オンラインライブ,2022/11/13,UNSEEN TREASURES,甲斐田晴,https://youtu.be/Q2sc0P9B5bw?t=2819,TRUE,,
弾き語り,オンラインライブ,2023/02/14,ホシアイ,レフティーモンスターＰ,https://youtu.be/L9naYPv6HhU?t=163,TRUE,,
弾き語り,オンラインライブ,2023/02/14,世界は恋に落ちている,CHiCO with HoneyWorks,https://youtu.be/L9naYPv6HhU?t=1028,TRUE,,
弾き語り,オンラインライブ,2023/02/14,ピエロ,KEI,https://youtu.be/L9naYPv6HhU?t=1797,TRUE,,
弾き語り,オンラインライブ,2023/02/14,星の唄,buzzG,https://youtu.be/L9naYPv6HhU?t=2769,TRUE,,
弾き語り,オンラインライブ,2023/02/14,夢地図,40mP,https://youtu.be/L9naYPv6HhU?t=3361,TRUE,,
弾き語り,オンラインライブ,2023/02/14,可愛くなりたい,HoneyWorks,https://youtu.be/L9naYPv6HhU?t=4331,TRUE,,
弾き語り,オンラインライブ,2023/02/14,1・2・3,After the Rain,https://youtu.be/L9naYPv6HhU?t=5066,TRUE,,
弾き語り,VΔLZオフ歌枠,2023/02/26,千本桜,黒うさＰ,https://youtu.be/J1Qz5WuGaj0?t=181,TRUE,,
弾き語り,VΔLZオフ歌枠,2023/02/26,いのちの名前,木村弓,https://youtu.be/J1Qz5WuGaj0?t=1243,TRUE,,
弾き語り,VΔLZオフ歌枠,2023/02/26,DONBURA KONBURA SPEAKERS,Ranunculus,https://youtu.be/J1Qz5WuGaj0?t=2065,TRUE,,
弾き語り,VΔLZオフ歌枠,2023/02/26,ハロ／ハワユ,ナノウ,https://youtu.be/J1Qz5WuGaj0?t=2823,TRUE,,
弾き語り,VΔLZオフ歌枠,2023/02/26,奏,スキマスイッチ,https://youtu.be/J1Qz5WuGaj0?t=3410,TRUE,,
弾き語り,VΔLZオフ歌枠,2023/02/26,浮世の演舞,VΔLZ,https://youtu.be/J1Qz5WuGaj0?t=4166,TRUE,,
弾き語り,オンラインセッション,2023/03/04,ぼくのヒーロー,甲斐田晴,https://youtu.be/So9BxdL7SPM?t=341,TRUE,,
弾き語り,オンラインセッション,2023/03/04,想像フォレスト,じん,https://youtu.be/So9BxdL7SPM?t=963,TRUE,,
弾き語り,オンラインセッション,2023/03/04,贖罪,傘村トータ,https://youtu.be/So9BxdL7SPM?t=1485,TRUE,,
弾き語り,オンラインセッション,2023/03/04,Sincerely,TRUE,https://youtu.be/So9BxdL7SPM?t=2093,TRUE,,
弾き語り,オンラインセッション,2023/03/04,115万キロのフィルム,Official髭男dism,https://youtu.be/So9BxdL7SPM?t=2422,TRUE,,
弾き語り,オンラインセッション,2023/03/04,恋,奥華子,https://youtu.be/So9BxdL7SPM?t=2972,TRUE,,
弾き語り,オンラインセッション,2023/03/04,Ghost of a smile,EGOIST,https://youtu.be/So9BxdL7SPM?t=3562,TRUE,,
弾き語り,オンラインセッション,2023/03/04,Wishing,レム(水瀬いのり),https://youtu.be/So9BxdL7SPM?t=4193,TRUE,,
弾き語り,オンラインセッション,2023/03/04,ニア,夏代孝明,https://youtu.be/So9BxdL7SPM?t=4808,TRUE,,
弾き語り,,2023/04/07,GALLOWS BELL,buzzG,https://youtu.be/Hm40Bo6VHPg?t=25m29s,TRUE,,
弾き語り,,2023/04/07,トルコ行進曲-オワタ＼(^o^)／,ガルナ(オワタP),https://youtu.be/Hm40Bo6VHPg?t=45m44s,TRUE,,
弾き語り,,2023/04/07,エンヴィキャットウォーク,トーマ,https://youtu.be/Hm40Bo6VHPg?t=51m14s,TRUE,,
弾き語り,,2023/04/07,Just a game,takamatt,https://youtu.be/Hm40Bo6VHPg?t=61m13s,TRUE,,
弾き語り,,2023/04/07,夕景イエスタデイ,じん,https://youtu.be/Hm40Bo6VHPg?t=85m57s,TRUE,,
弾き語り,,2023/04/07,メランコリック,Junky,https://youtu.be/Hm40Bo6VHPg?t=98m24s,TRUE,,
弾き語り,,2023/04/07,小夜子,みきとP,https://youtu.be/Hm40Bo6VHPg?t=109m44s,TRUE,,
弾き語り,,2023/04/07,ワールズエンド・ダンスホール,wowaka,https://youtu.be/Hm40Bo6VHPg?t=145m42s,TRUE,,
弾き語り,,2023/04/07,te-yut-te,,https://youtu.be/Hm40Bo6VHPg?t=154m46s,TRUE,,
弾き語り,,2023/04/07,マダラカルト,トーマ,https://youtu.be/Hm40Bo6VHPg?t=158m23s,TRUE,,
弾き語り,,2023/04/07,パンダヒーロー,ハチ,https://youtu.be/Hm40Bo6VHPg?t=181m27s,TRUE,,
弾き語り,弾き語り配信,2023/06/02,Shiny Sunny Step,甲斐田晴,https://youtu.be/OaNihLRX6yYY?t=393,TRUE,,
弾き語り,弾き語り配信,2023/06/02,ミックスナッツ,Official髭男dism,https://youtu.be/OaNihLRX6yYY?t=837,TRUE,,
弾き語り,弾き語り配信,2023/06/02,夜もすがら君思ふ,TOKOTOKO(西沢さんP),https://youtu.be/OaNihLRX6yYY?t=1328,TRUE,,
弾き語り,弾き語り配信,2023/06/02,"rain stops, good-bye",におＰ,https://youtu.be/OaNihLRX6yYY?t=1692,TRUE,,
弾き語り,弾き語り配信,2023/06/02,メルト,ryo(supercell),https://youtu.be/OaNihLRX6yYY?t=2065,TRUE,,
弾き語り,弾き語り配信,2023/06/02,COLORS,FLOW,https://youtu.be/OaNihLRX6yYY?t=2415,TRUE,,
弾き語り,弾き語り配信,2023/06/02,Calc.,ジミーサムP,https://youtu.be/OaNihLRX6yYY?t=2721,TRUE,,
弾き語り,弾き語り配信,2023/06/02,Departures～あなたにおくるアイの歌～,EGOIST,https://youtu.be/OaNihLRX6yYY?t=3156,TRUE,,
弾き語り,弾き語り配信,2023/06/02,ニア,夏代孝明,https://youtu.be/OaNihLRX6yYY?t=3461,TRUE,,
弾き語り,弾き語り配信,2023/06/02,透明な心臓が泣いていた,甲斐田晴,https://youtu.be/OaNihLRX6yYY?t=4033,TRUE,,
弾き語り,弾き語り配信,2023/06/23,"Hello, Worker",KEI,https://youtu.be/lBbGSBwpRuw?t=704,TRUE,,
弾き語り,弾き語り配信,2023/06/23,Rolling star,YUI,https://youtu.be/lBbGSBwpRuw?t=1156,TRUE,,
弾き語り,弾き語り配信,2023/06/23,きゅうくらりん,いよわ,https://youtu.be/lBbGSBwpRuw?t=1449,TRUE,,
弾き語り,弾き語り配信,2023/06/23,God knows…,涼宮ハルヒ(平野綾),https://youtu.be/lBbGSBwpRuw?t=1941,TRUE,,
弾き語り,弾き語り配信,2023/06/23,POP STAR,平井堅,https://youtu.be/lBbGSBwpRuw?t=2422,TRUE,,
弾き語り,弾き語り配信,2023/06/23,TSUNAMI,サザンオールスターズ,https://youtu.be/lBbGSBwpRuw?t=2796,TRUE,,
弾き語り,弾き語り配信,2023/06/23,フィクション,sumika,https://youtu.be/lBbGSBwpRuw?t=3240,TRUE,,
弾き語り,弾き語り配信,2023/06/23,変わらないもの,奥華子,https://youtu.be/lBbGSBwpRuw?t=3609,TRUE,,
弾き語り,弾き語り配信,2023/06/23,しわ,bussG,https://youtu.be/lBbGSBwpRuw?t=4023,TRUE,,
弾き語り,弾き語り配信,2023/06/23,君の知らない物語,supercell,https://youtu.be/lBbGSBwpRuw?t=4428,TRUE,,
弾き語り,弾き語り配信,2023/08/11,透明な心臓が泣いていた,甲斐田晴,https://youtu.be/Eg6k-chFWLc?t=296,TRUE,,
弾き語り,弾き語り配信,2023/08/11,うたかた花火,supercell,https://youtu.be/Eg6k-chFWLc?t=472,TRUE,,
弾き語り,弾き語り配信,2023/08/11,カブトムシ,aiko,https://youtu.be/Eg6k-chFWLc?t=900,TRUE,,
弾き語り,弾き語り配信,2023/08/11,打上花火,DAOKO×米津玄師,https://youtu.be/Eg6k-chFWLc?t=1342,TRUE,,
弾き語り,弾き語り配信,2023/08/11,インフェルノ,Mrs.GREEN APPLE,https://youtu.be/Eg6k-chFWLc?t=1800,TRUE,,
弾き語り,弾き語り配信,2023/08/11,ラブ・パレード,ORANGE RANGE,https://youtu.be/Eg6k-chFWLc?t=2223,TRUE,,
弾き語り,弾き語り配信,2023/08/11,All Alone With You,EGOIST,https://youtu.be/Eg6k-chFWLc?t=2787,TRUE,,
弾き語り,弾き語り配信,2023/08/11,シルエット,KANA-BOON,https://youtu.be/Eg6k-chFWLc?t=3364,TRUE,,
弾き語り,3Dライブ,2023/08/20,ヒャダインのじょーじょーゆーじょー,ヒャダイン,https://youtu.be/l3IpLyxYv38?t=921,TRUE,本間ひまわり,
弾き語り,弾き語り配信,2023/08/25,寝・逃・げでリセット！,柊つかさ(福原香織),https://youtu.be/Mqxgr9FHCOs?t=434,TRUE,,
弾き語り,弾き語り配信,2023/08/25,READY STEADY GO,L'arc~en~Ciel,https://youtu.be/Mqxgr9FHCOs?t=874,TRUE,,
弾き語り,弾き語り配信,2023/08/25,366日,HY,https://youtu.be/Mqxgr9FHCOs?t=1213,TRUE,,
弾き語り,弾き語り配信,2023/08/25,カタオモイ,Aimer,https://youtu.be/Mqxgr9FHCOs?t=1719,TRUE,,
弾き語り,弾き語り配信,2023/08/25,浮世の演舞,VΔLZ,https://youtu.be/Mqxgr9FHCOs?t=2034,TRUE,,
弾き語り,弾き語り配信,2023/08/25,"New street, New world",ROF-MAO,https://youtu.be/Mqxgr9FHCOs?t=2400,TRUE,,
弾き語り,弾き語り配信,2023/08/25,Sincerely,TRUE,https://youtu.be/Mqxgr9FHCOs?t=3101,TRUE,,
弾き語り,弾き語り配信,2023/08/25,Cross Over,9nine,https://youtu.be/Mqxgr9FHCOs?t=3447,TRUE,,
弾き語り,弾き語り配信,2023/08/25,等身大のラブソング,Aqua Timez,https://youtu.be/Mqxgr9FHCOs?t=3904,TRUE,,
弾き語り,弾き語り配信,2023/08/25,想像フォレスト,じん,https://youtu.be/Mqxgr9FHCOs?t=4472,TRUE,,
弾き語り,弾き語り配信,2023/10/14,Shiny Sunny Step,甲斐田晴,https://youtu.be/yQFW4TVPpiw?t=7m15s,TRUE,,
弾き語り,弾き語り配信,2023/10/14,UNSEEN TREASURES,甲斐田晴,https://youtu.be/yQFW4TVPpiw?t=14m22s,TRUE,,
弾き語り,弾き語り配信,2023/10/14,プラネタリウムの真実,夏代孝明,https://youtu.be/yQFW4TVPpiw?t=21m17s,TRUE,,
弾き語り,弾き語り配信,2023/10/14,九龍レトロ,トーマ,https://youtu.be/yQFW4TVPpiw?t=29m46s,TRUE,,
弾き語り,弾き語り配信,2023/10/14,津軽海峡冬景色,石川さゆり,https://youtu.be/yQFW4TVPpiw?t=38m5s,TRUE,,
弾き語り,弾き語り配信,2023/10/14,サウダージ,ポルノグラフィティ,https://youtu.be/yQFW4TVPpiw?t=44m3s,TRUE,,
弾き語り,弾き語り配信,2023/10/14,もののけ姫,米良美一,https://youtu.be/yQFW4TVPpiw?t=54m9s,TRUE,,
弾き語り,弾き語り配信,2023/10/14,地球最後の告白を,kemu,https://youtu.be/yQFW4TVPpiw?t=60m3s,TRUE,,
弾き語り,弾き語り配信,2023/10/14,My Dearest,supercell,https://youtu.be/yQFW4TVPpiw?t=79m24s,TRUE,,
弾き語り,弾き語り配信,2023/10/18,千の夜をこえて,Aqua Timez,https://youtu.be/sNcLmjccry0?t=6m59s,TRUE,,
弾き語り,弾き語り配信,2023/10/18,青のすみか,キタニタツヤ,https://youtu.be/sNcLmjccry0?t=13m17s,TRUE,,
弾き語り,弾き語り配信,2023/10/18,気まぐれロマンティック,いきものがかり,https://youtu.be/sNcLmjccry0?t=25m38s,TRUE,,
弾き語り,弾き語り配信,2023/10/18,七色のコンパス,一ノ瀬トキヤ(宮野真守),https://youtu.be/sNcLmjccry0?t=32m40s,TRUE,,
弾き語り,弾き語り配信,2023/10/18,StaRt,Mrs.GREEN APPLE,https://youtu.be/sNcLmjccry0?t=41m10s,TRUE,,
弾き語り,弾き語り配信,2023/10/18,ミックスナッツ,Official髭男dism,https://youtu.be/sNcLmjccry0?t=47m32s,TRUE,,
弾き語り,弾き語り配信,2023/10/18,アスノヨゾラ哨戒班,Orangestar,https://youtu.be/sNcLmjccry0?t=56m4s,TRUE,,
弾き語り,弾き語り配信,2023/10/18,風が吹く街,ラックライフ,https://youtu.be/sNcLmjccry0?t=65m54s,TRUE,,
弾き語り,弾き語り配信,2023/10/18,透明な心臓が泣いていた,甲斐田晴,https://youtu.be/sNcLmjccry0?t=72m48s,TRUE,,
弾き語り,歌枠,2023/10/18,パラレルノー細胞,甲斐田晴,https://youtu.be/80qQhFLa39A?t=1m52s,TRUE,,
弾き語り,歌枠,2023/10/25,パパンパ！Blue Summer Days,甲斐田晴,https://youtu.be/80qQhFLa39A?t=9m26s,TRUE,,
弾き語り,歌枠,2023/10/25,清風,甲斐田晴,https://youtu.be/80qQhFLa39A?t=13m52s,TRUE,,
弾き語り,歌枠,2023/10/25,cycle,甲斐田晴,https://youtu.be/80qQhFLa39A?t=24m10s,TRUE,,
弾き語り,歌枠,2023/10/25,SHOOTING DELTA,VΔLZ,https://youtu.be/80qQhFLa39A?t=28m13s,TRUE,,
弾き語り,歌枠,2023/10/25,Shiny Sunny Step,甲斐田晴,https://youtu.be/80qQhFLa39A?t=36m12s,TRUE,,
弾き語り,歌枠,2023/10/25,UNSEEN TREASURES,甲斐田晴,https://youtu.be/80qQhFLa39A?t=41m26s,TRUE,,
弾き語り,歌枠,2023/10/25,透明な心臓が泣いていた,甲斐田晴,https://youtu.be/80qQhFLa39A?t=60m27s,TRUE,,
弾き語り,歌枠,2023/10/25,僕のヒーロー,甲斐田晴,https://youtu.be/80qQhFLa39A?t=63m50s,TRUE,,
弾き語り,歌枠,2023/10/25,何色,甲斐田晴,https://youtu.be/80qQhFLa39A?t=70m37s,TRUE,,
弾き語り,弾き語り配信,2023/10/31,First Love,宇多田ヒカル,https://youtu.be/e3xg5gESv0g?t=7m58s,TRUE,,
弾き語り,弾き語り配信,2023/10/31,君じゃなきゃダメみたい,オーイシマサヨシ,https://youtu.be/e3xg5gESv0g?t=15m57s,TRUE,,
弾き語り,弾き語り配信,2023/10/31,境界の彼方,茅原実里,https://youtu.be/e3xg5gESv0g?t=22m32s,TRUE,,
弾き語り,弾き語り配信,2023/10/31,プラチナ,坂本真綾,https://youtu.be/e3xg5gESv0g?t=29m45s,TRUE,,
弾き語り,弾き語り配信,2023/10/31,閃光,[ALEXANDROS],https://youtu.be/e3xg5gESv0g?t=39m49s,TRUE,,
弾き語り,弾き語り配信,2023/10/31,アムリタ,牧野由依,https://youtu.be/e3xg5gESv0g?t=47m36s,TRUE,,
弾き語り,弾き語り配信,2023/10/31,Wherever you are,ONE OK ROCK,https://youtu.be/e3xg5gESv0g?t=62m36s,TRUE,,
弾き語り,弾き語り配信,2023/10/31,空色デイズ,中川翔子,https://youtu.be/e3xg5gESv0g?t=69m2s,TRUE,,
弾き語り,弾き語り配信,2023/11/13,Pretender,Official髭男dism,https://youtu.be/wWwccvWygqA?t=5m38s,TRUE,,
弾き語り,弾き語り配信,2023/11/13,粉雪,レミオロメン,https://youtu.be/wWwccvWygqA?t=13m17s,TRUE,,
弾き語り,弾き語り配信,2023/11/13,ユキトキ,やなぎなぎ,https://youtu.be/wWwccvWygqA?t=21m,TRUE,,
弾き語り,弾き語り配信,2023/11/13,丸の内サディスティック,椎名林檎,https://youtu.be/wWwccvWygqA?t=31m23s,TRUE,,
弾き語り,弾き語り配信,2023/11/13,月光花,Janne Da Arc,https://youtu.be/wWwccvWygqA?t=39m01s,TRUE,,
弾き語り,弾き語り配信,2023/11/13,君に届け,flumpool,https://youtu.be/wWwccvWygqA?t=45m31s,TRUE,,
弾き語り,弾き語り配信,2023/11/13,ひとりぼっちじゃない,coba＆宮沢和史,https://youtu.be/wWwccvWygqA?t=53m01s,TRUE,,
弾き語り,弾き語り配信,2023/11/13,太陽の楽園～Promised Land～,神戸みゆき,https://youtu.be/wWwccvWygqA?t=67m56s,TRUE,,
弾き語り,弾き語り配信,2023/11/13,恋のミクル伝説,朝比奈みくる(後藤邑子),https://youtu.be/wWwccvWygqA?t=78m34s,TRUE,,
弾き語り,弾き語り配信,2023/11/20,ロマンスの神様,広瀬香美,https://youtu.be/iL-0TqHgvX0?t=6m23s,TRUE,,
弾き語り,弾き語り配信,2023/11/20,*～アスタリスク～,ORANGERANGE,https://youtu.be/iL-0TqHgvX0?t=14m15s,TRUE,,
弾き語り,弾き語り配信,2023/11/20,WHITE ALBUM,森川由綺(平野綾),https://youtu.be/iL-0TqHgvX0?t=23m15s,TRUE,,
弾き語り,弾き語り配信,2023/11/20,青のすみか,キタニタツヤ,https://youtu.be/iL-0TqHgvX0?t=30m9s,TRUE,,
弾き語り,弾き語り配信,2023/11/20,Cagayake!GIRLS,桜高軽音部(放課後ティータイム),https://youtu.be/iL-0TqHgvX0?t=35m11s,TRUE,,
弾き語り,弾き語り配信,2023/11/20,"NO,Thank You!",放課後ティータイム,https://youtu.be/iL-0TqHgvX0?t=44m44s,TRUE,,
弾き語り,弾き語り配信,2023/11/20,星の唄,buzzG,https://youtu.be/iL-0TqHgvX0?t=51m28s,TRUE,,
弾き語り,弾き語り配信,2023/11/20,コスモノート,天月-あまつき-,https://youtu.be/iL-0TqHgvX0?t=59m11s,TRUE,,
弾き語り,弾き語り配信,2023/12/06,new song,tacica,https://youtu.be/Pe-Uc-Tibsg?t=6m9s,TRUE,,
弾き語り,弾き語り配信,2023/12/06,残酷な天使のテーゼ,高橋洋子,https://youtu.be/Pe-Uc-Tibsg?t=12m30s,TRUE,,
弾き語り,弾き語り配信,2023/12/06,fancy baby doll,田村ゆかり,https://youtu.be/Pe-Uc-Tibsg?t=18m33s,TRUE,,
弾き語り,弾き語り配信,2023/12/06,モノクロのキス,シド,https://youtu.be/Pe-Uc-Tibsg?t=21m24s,TRUE,,
弾き語り,弾き語り配信,2023/12/06,ほうき星,ユンナ,https://youtu.be/Pe-Uc-Tibsg?t=32m37s,TRUE,,
弾き語り,弾き語り配信,2023/12/06,ホログラム,NICO Touches the Walls,https://youtu.be/Pe-Uc-Tibsg?t=39m30s,TRUE,,
弾き語り,弾き語り配信,2023/12/06,ぼうやの夢よ,エミリア(高橋李依),https://youtu.be/Pe-Uc-Tibsg?t=54m20s,TRUE,,
弾き語り,弾き語り配信,2023/12/06,Just a game,takamatt,https://youtu.be/Pe-Uc-Tibsg?t=60m4s,TRUE,,
弾き語り,弾き語り配信,2023/12/06,God knows…,涼宮ハルヒ(平野綾),https://youtu.be/Pe-Uc-Tibsg?t=67m18s,TRUE,,
弾き語り,弾き語り配信,2023/12/16,猫,DISH//,https://youtu.be/rqWnwEodQZg?t=13m25s,TRUE,,
弾き語り,弾き語り配信,2023/12/16,葛飾ラプソディー,堂島孝平,https://youtu.be/rqWnwEodQZg?t=21m54s,TRUE,,
弾き語り,弾き語り配信,2023/12/16,宿命,Official髭男dism,https://youtu.be/rqWnwEodQZg?t=30m26s,TRUE,,
弾き語り,弾き語り配信,2023/12/16,しわ,buzzG,https://youtu.be/rqWnwEodQZg?t=37m24s,TRUE,,
弾き語り,弾き語り配信,2023/12/16,キューティーハニー,前川陽子,https://youtu.be/rqWnwEodQZg?t=47m10s,TRUE,,
弾き語り,弾き語り配信,2023/12/16,亜麻色の髪の乙女,島谷ひとみ,https://youtu.be/rqWnwEodQZg?t=52m5s,TRUE,,
弾き語り,弾き語り配信,2023/12/16,Pray,水樹奈々,https://youtu.be/rqWnwEodQZg?t=59m,TRUE,,
弾き語り,弾き語り配信,2023/12/16,SUPER GENERATION,水樹奈々,https://youtu.be/rqWnwEodQZg?t=61m37s,TRUE,,
弾き語り,弾き語り配信,2023/12/16,決意の朝に,Aqua Timez,https://youtu.be/rqWnwEodQZg?t=64m31s,TRUE,,
弾き語り,弾き語り配信,2023/12/29,ドライフラワー,優里,https://youtu.be/5PFWekVK34E?t=4m44s,TRUE,,
弾き語り,弾き語り配信,2023/12/29,小夜子,みきとP,https://youtu.be/5PFWekVK34E?t=11m52s,TRUE,,
弾き語り,弾き語り配信,2023/12/29,キラメキ,wacci,https://youtu.be/5PFWekVK34E?t=20m41s,TRUE,,
弾き語り,弾き語り配信,2023/12/29,となりのトトロ,井上あずみ,https://youtu.be/5PFWekVK34E?t=32m17s,TRUE,,
弾き語り,弾き語り配信,2023/12/29,明日への扉,I WiSH,https://youtu.be/5PFWekVK34E?t=42m31s,TRUE,,
弾き語り,弾き語り配信,2023/12/29,THE OVER,UVERworld,https://youtu.be/5PFWekVK34E?t=53m50s,TRUE,,
弾き語り,弾き語り配信,2023/12/29,透明な心臓が泣いていた,甲斐田晴,https://youtu.be/5PFWekVK34E?t=63m39s,TRUE,,
弾き語り,弾き語り配信,2024/01/13,Rainbow,ROUND TABLE feat.Nino,https://youtu.be/kApOQDclLwM?t=6m01s,TRUE,,
弾き語り,弾き語り配信,2024/01/13,ホウキ雲,RYTHEM,https://youtu.be/kApOQDclLwM?t=12m53s,TRUE,,
弾き語り,弾き語り配信,2024/01/13,ガーネット,奥華子,https://youtu.be/kApOQDclLwM?t=21m19s,TRUE,,
弾き語り,弾き語り配信,2024/01/13,いつも何度でも,木村弓,https://youtu.be/kApOQDclLwM?t=28m40s,TRUE,,
弾き語り,弾き語り配信,2024/01/13,いのちの名前,木村弓,https://youtu.be/kApOQDclLwM?t=33m58s,TRUE,,
弾き語り,弾き語り配信,2024/01/13,"One more time, One more chance",山崎まさよし,https://youtu.be/kApOQDclLwM?t=43m10s,TRUE,,
弾き語り,弾き語り配信,2024/01/13,All Alone With You,EGOIST,https://youtu.be/kApOQDclLwM?t=51m50s,TRUE,,
弾き語り,弾き語り配信,2024/01/13,はじめてのチュウ,あんしんパパ,https://youtu.be/kApOQDclLwM?t=54m32s,TRUE,,
弾き語り,弾き語り配信,2024/01/13,白日,King Gnu,https://youtu.be/kApOQDclLwM?t=58m14s,TRUE,,
弾き語り,弾き語り配信,2024/01/13,君色に染まる,TOKOTOKO(西沢さんP),https://youtu.be/kApOQDclLwM?t=71m34s,TRUE,,
弾き語り,弾き語り配信,2024/02/06,Catch the Moment,LiSA,https://youtu.be/SjxKJxF67Dc?t=6m51s,TRUE,,
弾き語り,弾き語り配信,2024/02/06,staple stable,戦場ヶ原ひたぎ(斎藤千和),https://youtu.be/SjxKJxF67Dc?t=13m32s,TRUE,,
弾き語り,弾き語り配信,2024/02/06,ANIMA,ReoNa,https://youtu.be/SjxKJxF67Dc?t=21m04s,TRUE,,
弾き語り,弾き語り配信,2024/02/06,テディ,ReoNa,https://youtu.be/SjxKJxF67Dc?t=28m56s,TRUE,,
弾き語り,弾き語り配信,2024/02/06,"Hello, Worker",KEI,https://youtu.be/SjxKJxF67Dc?t=30m54s,TRUE,,
弾き語り,弾き語り配信,2024/02/06,One Night Carnival,氣志團,https://youtu.be/SjxKJxF67Dc?t=36m09s,TRUE,,
弾き語り,弾き語り配信,2024/02/06,Mela!,緑黄色社会,https://youtu.be/SjxKJxF67Dc?t=44m41s,TRUE,,
弾き語り,弾き語り配信,2024/02/06,Lost my music,涼宮ハルヒ(平野綾),https://youtu.be/SjxKJxF67Dc?t=54m20s,TRUE,,
弾き語り,弾き語り配信,2024/02/24,月が綺麗だ。,甲斐田晴,https://youtu.be/oQCq26Aaz8I?t=9m45s,TRUE,,
弾き語り,弾き語り配信,2024/02/24,星が瞬くこんな夜に,supercell,https://youtu.be/oQCq26Aaz8I?t=17m40s,TRUE,,
弾き語り,弾き語り配信,2024/02/24,夜に駆ける,YOASOBI,https://youtu.be/oQCq26Aaz8I?t=24m53s,TRUE,,
弾き語り,弾き語り配信,2024/02/24,ピエロ,KEI,https://youtu.be/oQCq26Aaz8I?t=34m33s,TRUE,,
弾き語り,弾き語り配信,2024/02/24,ポケットにファンタジー,さち＆じゅり,https://youtu.be/oQCq26Aaz8I?t=42m32s,TRUE,,
弾き語り,弾き語り配信,2024/02/24,メリッサ,ポルノグラフィティ,https://youtu.be/oQCq26Aaz8I?t=52m12s,TRUE,,
弾き語り,弾き語り配信,2024/02/24,桃色片思い,松浦亜弥,https://youtu.be/oQCq26Aaz8I?t=62m,TRUE,,
弾き語り,弾き語り配信,2024/02/24,虹色のPuddle,にじさんじ,https://youtu.be/oQCq26Aaz8I?t=66m46s,TRUE,,
弾き語り,弾き語り配信,2024/05/01,青いベンチ,サスケ,https://youtu.be/lmzbx3HDyV0?t=6m43s,TRUE,,
弾き語り,弾き語り配信,2024/05/01,ファンファーレ,sumica,https://youtu.be/lmzbx3HDyV0?t=18m32s,TRUE,,
弾き語り,弾き語り配信,2024/05/01,Good-bye days,YUI,https://youtu.be/lmzbx3HDyV0?t=23m34s,TRUE,,
弾き語り,弾き語り配信,2024/05/01,パラレルノー細胞,甲斐田晴,https://youtu.be/lmzbx3HDyV0?t=29m55s,TRUE,,
弾き語り,弾き語り配信,2024/05/01,サウダージ,ポルノグラフィティ,https://youtu.be/lmzbx3HDyV0?t=44m45s,TRUE,,
弾き語り,弾き語り配信,2024/05/01,motto☆派手にね！,戸松遥,https://youtu.be/lmzbx3HDyV0?t=48m41s,TRUE,,
弾き語り,弾き語り配信,2024/05/01,あんなに一緒だったのに,See-Saw,https://youtu.be/lmzbx3HDyV0?t=55m10s,TRUE,,
弾き語り,弾き語り配信,2024/05/01,フリージア,Uru,https://youtu.be/lmzbx3HDyV0?t=59m50s,TRUE,,
弾き語り,弾き語り配信,2024/05/01,閃光,[ALEXANDROS],https://youtu.be/lmzbx3HDyV0?t=72m43s,TRUE,,
弾き語り,弾き語り配信,2024/05/01,白金ディスコ,阿良々木月火(井口裕香),https://youtu.be/lmzbx3HDyV0?t=79m27s,TRUE,,
弾き語り,弾き語り配信,2024/06/01,青と夏,Mrs.GREEN APPLE,https://youtu.be/IGGQmIvmDJI?t=8m48s,TRUE,,
弾き語り,弾き語り配信,2024/06/01,虹,Aqua Timez,https://youtu.be/IGGQmIvmDJI?t=20m9s,TRUE,,
弾き語り,弾き語り配信,2024/06/01,UNION,OxT,https://youtu.be/IGGQmIvmDJI?t=33m8s,TRUE,,
弾き語り,弾き語り配信,2024/06/01,マリーゴールド,あいみょん,https://youtu.be/IGGQmIvmDJI?t=38m25s,TRUE,,
弾き語り,弾き語り配信,2024/06/01,シャルル,バルーン,https://youtu.be/IGGQmIvmDJI?t=47m18s,TRUE,,
弾き語り,弾き語り配信,2024/06/01,青のすみか,キタニタツヤ,https://youtu.be/IGGQmIvmDJI?t=55m28s,TRUE,,
弾き語り,弾き語り配信,2024/06/01,サマータイムレコード,じん,https://youtu.be/IGGQmIvmDJI?t=58m47s,TRUE,,
弾き語り,弾き語り配信,2024/06/15,"rain stops, good-bye",におP,https://youtu.be/GBOgncu-xok?t=7m5s,TRUE,,
弾き語り,弾き語り配信,2024/06/15,睡蓮花,湘南乃風,https://youtu.be/GBOgncu-xok?t=18m4s,TRUE,,
弾き語り,弾き語り配信,2024/06/15,カブトムシ,aiko,https://youtu.be/GBOgncu-xok?t=29m24s,TRUE,,
弾き語り,弾き語り配信,2024/06/15,イマジネーション,SPYAIR,https://youtu.be/GBOgncu-xok?t=41m11s,TRUE,,
弾き語り,弾き語り配信,2024/06/15,Hungry Spider,槇原敬之,https://youtu.be/GBOgncu-xok?t=58m23s,TRUE,,
弾き語り,弾き語り配信,2024/06/15,OK!,松本梨香,https://youtu.be/GBOgncu-xok?t=65m19s,TRUE,,
"コラボ, 記念・お披露目",3Dライブ,2024/06/17,Catch the Moment,LiSA,https://youtu.be/QVRGGA5u7pw?t=50m7s,TRUE,,
弾き語り,弾き語り配信,2024/06/23,ゴールデンタイムラバー,スキマスイッチ,https://youtu.be/VDEiAUrFWTY?t=5m41s,TRUE,,
弾き語り,弾き語り配信,2024/06/23,JOINT,川田まみ,https://youtu.be/VDEiAUrFWTY?t=10m32s,TRUE,,
弾き語り,弾き語り配信,2024/06/23,青空のラプソディ,fhana,https://youtu.be/VDEiAUrFWTY?t=17m6s,TRUE,,
弾き語り,弾き語り配信,2024/06/23,Stay Alive,エミリア(高橋李依),https://youtu.be/VDEiAUrFWTY?t=28m51s,TRUE,,
弾き語り,弾き語り配信,2024/06/23,小さきもの,林明日香,https://youtu.be/VDEiAUrFWTY?t=35m20s,TRUE,,
弾き語り,弾き語り配信,2024/06/23,ミックスナッツ,Official髭男dism,https://youtu.be/VDEiAUrFWTY?t=62m13s,TRUE,,
弾き語り,弾き語り配信,2024/07/07,タイヨウのうた,Kaoru Amane,https://youtu.be/6D2Nq-pF2Wc?t=9m48s,TRUE,,
弾き語り,弾き語り配信,2024/07/07,君の知らない物語,supercell,https://youtu.be/6D2Nq-pF2Wc?t=18m11s,TRUE,,
弾き語り,弾き語り配信,2024/07/07,ガーネット,奥華子,https://youtu.be/6D2Nq-pF2Wc?t=26m49s,TRUE,,
弾き語り,弾き語り配信,2024/07/07,ホシアイ,レフティーモンスター,https://youtu.be/6D2Nq-pF2Wc?t=41m12s,TRUE,,
弾き語り,弾き語り配信,2024/07/07,星の唄,buzzG,https://youtu.be/6D2Nq-pF2Wc?t=57m37s,TRUE,,
弾き語り,弾き語り配信,2024/07/23,All Alone With You,EGOIST,https://youtu.be/GHfWEyWBbr8?t=14m47s,TRUE,,
弾き語り,弾き語り配信,2024/07/23,Rainbow,ROUND TABLE feat.Nino,https://youtu.be/GHfWEyWBbr8?t=22m59s,TRUE,,
弾き語り,弾き語り配信,2024/07/23,空色デイズ,中川翔子,https://youtu.be/GHfWEyWBbr8?t=31m20s,TRUE,,
弾き語り,弾き語り配信,2024/07/23,少年時代,井上陽水,https://youtu.be/GHfWEyWBbr8?t=38m25s,TRUE,,
弾き語り,弾き語り配信,2024/07/23,率直,甲斐田晴,https://youtu.be/GHfWEyWBbr8?t=44m47s,TRUE,,
弾き語り,弾き語り配信,2024/07/23,Shiny Sunny Step,甲斐田晴,https://youtu.be/GHfWEyWBbr8?t=51m4s,TRUE,,
弾き語り,弾き語り配信,2024/07/23,青のすみか,キタニタツヤ,https://youtu.be/GHfWEyWBbr8?t=61m,TRUE,,
弾き語り,弾き語り配信,2024/07/23,花に亡霊,ヨルシカ,https://youtu.be/GHfWEyWBbr8?t=69m45s,TRUE,,
弾き語り,弾き語り配信,2024/07/23,シルシ,LiSA,https://youtu.be/GHfWEyWBbr8?t=80m6s,TRUE,,
弾き語り,弾き語り配信,2024/08/07,うたかた花火,supercell,https://youtu.be/6D2Nq-pF2Wc?t=7m5s,TRUE,,
弾き語り,弾き語り配信,2024/08/07,青と夏,Mrs.GREEN APPLE,https://youtu.be/6D2Nq-pF2Wc?t=16m17s,TRUE,,
弾き語り,弾き語り配信,2024/08/07,アムリタ,牧野由依,https://youtu.be/6D2Nq-pF2Wc?t=24m35s,TRUE,,
弾き語り,弾き語り配信,2024/08/07,パパンパ！Blue Summer Days,甲斐田晴,https://youtu.be/6D2Nq-pF2Wc?t=31m54s,TRUE,,
弾き語り,弾き語り配信,2024/08/07,ポケットにファンタジー,さち＆じゅり,https://youtu.be/6D2Nq-pF2Wc?t=36m44s,TRUE,,
弾き語り,弾き語り配信,2024/08/07,オツキミリサイタル,じん,https://youtu.be/6D2Nq-pF2Wc?t=42m44s,TRUE,,
弾き語り,弾き語り配信,2024/08/07,夕景イエスタデイ,じん,https://youtu.be/6D2Nq-pF2Wc?t=49m38s,TRUE,,
弾き語り,弾き語り配信,2024/08/07,耳の聞こえなくなった恋人とそのうたうたい,大石昌良,https://youtu.be/6D2Nq-pF2Wc?t=57m54s,TRUE,,
弾き語り,弾き語り配信,2024/08/18,想像フォレスト,じん,https://youtu.be/cR7nZzqluZs?t=6m55s,TRUE,,
弾き語り,弾き語り配信,2024/08/18,ニア,夏代孝明,https://youtu.be/cR7nZzqluZs?t=13m47s,TRUE,,
弾き語り,弾き語り配信,2024/08/18,Hello Goodbye＆Hello,熊木杏里,https://youtu.be/cR7nZzqluZs?t=21m48s,TRUE,,
弾き語り,弾き語り配信,2024/08/18,地球最後の告白を,kemu,https://youtu.be/cR7nZzqluZs?t=28m55s,TRUE,,
弾き語り,弾き語り配信,2024/08/18,My Dearest,supercell,https://youtu.be/cR7nZzqluZs?t=37m19s,TRUE,,
弾き語り,弾き語り配信,2024/08/18,ドライフラワー,優里,https://youtu.be/cR7nZzqluZs?t=47m16s,TRUE,,
弾き語り,弾き語り配信,2024/08/18,Pretender,Official髭男dism,https://youtu.be/cR7nZzqluZs?t=57m33s,TRUE,,
ライブ,オンラインライブ,2024/08/23,DiVE !N,ROF-MAO,https://youtu.be/_FrwzdLSx5M,TRUE,,
ライブ,オンラインライブ,2024/08/23,一撃,ROF-MAO,https://youtu.be/_FrwzdLSx5M?t=7m39s,TRUE,,
ライブ,オンラインライブ,2024/08/23,フルカウント,ROF-MAO,https://youtu.be/_FrwzdLSx5M?t=11m38s,TRUE,,
ライブ,オンラインライブ,2024/08/23,Challengers,ROF-MAO,https://youtu.be/_FrwzdLSx5M?t=17m57s,TRUE,,
ライブ,オンラインライブ,2024/08/23,Hands Up,ROF-MAO,https://youtu.be/_FrwzdLSx5M?t=24m7s,TRUE,,
弾き語り,弾き語り配信,2024/08/31,カタオモイ,Aimer,https://youtu.be/ZuUlZWOKugc?t=5m40s,TRUE,,
弾き語り,弾き語り配信,2024/08/31,ピエロ,KEI,https://youtu.be/ZuUlZWOKugc?t=11m2s,TRUE,,
弾き語り,弾き語り配信,2024/08/31,テディ,ReoNa,https://youtu.be/ZuUlZWOKugc?t=21m45s,TRUE,,
弾き語り,弾き語り配信,2024/08/31,プラネタリウム,大塚愛,https://youtu.be/ZuUlZWOKugc?t=30m34s,TRUE,,
弾き語り,弾き語り配信,2024/08/31,First Love,宇多田ヒカル,https://youtu.be/ZuUlZWOKugc?t=41m3s,TRUE,,
弾き語り,弾き語り配信,2024/08/31,ふたたび,平原綾香,https://youtu.be/ZuUlZWOKugc?t=53m1s,TRUE,,
弾き語り,弾き語り配信,2024/08/31,いのちの名前,木村弓,https://youtu.be/ZuUlZWOKugc?t=55m23s,TRUE,,
弾き語り,弾き語り配信,2024/08/31,Wherever you are,ONE OK ROCK,https://youtu.be/ZuUlZWOKugc?t=58m59s,TRUE,,
弾き語り,弾き語り配信,2024/08/31,涙のキッス,サザンオールスターズ,https://youtu.be/ZuUlZWOKugc?t=66m13s,TRUE,,
弾き語り,弾き語り配信,2024/08/31,真夏の果実,サザンオールスターズ,https://youtu.be/ZuUlZWOKugc?t=70m5s,TRUE,,
弾き語り,弾き語り配信,2024/09/10,在るべき形,UVERworld,https://youtu.be/yufPwFSn8Qk?t=8m14s,TRUE,,
弾き語り,弾き語り配信,2024/09/10,Catch the Moment,LiSA,https://youtu.be/yufPwFSn8Qk?t=17m37s,TRUE,,
弾き語り,弾き語り配信,2024/09/10,サウダージ,ポルノグラフィティ,https://youtu.be/yufPwFSn8Qk?t=30m38s,TRUE,,
弾き語り,弾き語り配信,2024/09/10,メリッサ,ポルノグラフィティ,https://youtu.be/yufPwFSn8Qk?t=34m28s,TRUE,,
弾き語り,弾き語り配信,2024/09/10,光るなら,Goose house,https://youtu.be/yufPwFSn8Qk?t=43m22s,TRUE,,
弾き語り,弾き語り配信,2024/09/10,星が瞬くこんな夜に,supercell,https://youtu.be/yufPwFSn8Qk?t=58m6s,TRUE,,
弾き語り,弾き語り配信,2024/10/05,月が綺麗だ。,甲斐田晴,https://youtu.be/2MjYmuIYABY?t=9m50s,TRUE,,
弾き語り,弾き語り配信,2024/10/05,夜咄ディセイブ,じん,https://youtu.be/2MjYmuIYABY?t=16m6s,TRUE,,
弾き語り,弾き語り配信,2024/10/05,StaRt,Mrs.GREEN APPLE,https://youtu.be/2MjYmuIYABY?t=26m4s,TRUE,,
弾き語り,弾き語り配信,2024/10/05,インフェルノ,Mrs.GREEN APPLE,https://youtu.be/2MjYmuIYABY?t=32m14s,TRUE,,
弾き語り,弾き語り配信,2024/10/05,盲目の宇宙飛行士,yukkedoluce(黒髪ストロングＰ),https://youtu.be/2MjYmuIYABY?t=41m3s,TRUE,,
弾き語り,弾き語り配信,2024/10/05,Hurrah!!,にじさんじ,https://youtu.be/2MjYmuIYABY?t=48m55s,TRUE,,
弾き語り,弾き語り配信,2024/10/05,アイム・ア・ビリーバー,SPYAIR,https://youtu.be/2MjYmuIYABY?t=59m55s,TRUE,,
弾き語り,弾き語り配信,2024/10/05,イマジネーション,SPYAIR,https://youtu.be/2MjYmuIYABY?t=62m59s,TRUE,,
弾き語り,弾き語り配信,2024/10/05,浮世の演舞,VΔLZ,https://youtu.be/2MjYmuIYABY?t=71m30s,TRUE,,
弾き語り,弾き語り配信,2024/10/05,コスモノート,天月-あまつき-,https://youtu.be/2MjYmuIYABY?t=85m43s,TRUE,,
弾き語り,弾き語り配信,2024/10/14,UNION,OxT,https://youtu.be/ehpdayX_NZc?t=1m51s,TRUE,,
弾き語り,弾き語り配信,2024/10/14,猫,DISH//,https://youtu.be/ehpdayX_NZc?t=5m12s,TRUE,,
弾き語り,弾き語り配信,2024/10/14,プラネタリウムの真実,夏代孝明,https://youtu.be/ehpdayX_NZc?t=10m56s,TRUE,,
弾き語り,弾き語り配信,2024/10/14,少年と魔法のロボット,40mP,https://youtu.be/ehpdayX_NZc?t=27m44s,TRUE,,
弾き語り,弾き語り配信,2024/10/14,廻廻奇譚,Eve,https://youtu.be/ehpdayX_NZc?t=45m4s,TRUE,,
弾き語り,弾き語り配信,2024/10/14,太陽系デスコ,ナユタン星人,https://youtu.be/ehpdayX_NZc?t=54m11s,TRUE,,
弾き語り,弾き語り配信,2024/10/14,ジェットロケット,LiSA,https://youtu.be/ehpdayX_NZc?t=60m29s,TRUE,,
コラボ,オフラインセッション,2024/10/27,ドライフラワー,優里,https://youtu.be/qIGjhutbirQ?t=42m50s,TRUE,,
弾き語り,弾き語り配信,2024/10/29,雪の華,中島美嘉,https://youtu.be/ILTZJoU4cZ4?t=10m51s,TRUE,,
弾き語り,弾き語り配信,2024/10/29,ソラニン,ASIAN KUNG-FU GENERATION,https://youtu.be/ILTZJoU4cZ4?t=17m35s,TRUE,,
弾き語り,弾き語り配信,2024/10/29,しおり,Aqua Timez,https://youtu.be/ILTZJoU4cZ4?t=25m28s,TRUE,,
弾き語り,弾き語り配信,2024/10/29,炎,LiSA,https://youtu.be/ILTZJoU4cZ4?t=34m7s,TRUE,,
弾き語り,弾き語り配信,2024/10/29,青いベンチ,サスケ,https://youtu.be/ILTZJoU4cZ4?t=40m53s,TRUE,,
弾き語り,弾き語り配信,2024/10/29,Virtual to LIVE,にじさんじ,https://youtu.be/ILTZJoU4cZ4?t=47m24s,TRUE,,
弾き語り,弾き語り配信,2024/10/29,透明な心臓が泣いていた,甲斐田晴,https://youtu.be/ILTZJoU4cZ4?t=67m10s,TRUE,,
ライブ,3Dライブ,2024/12/22,月が綺麗だ,甲斐田晴,https://youtu.be/Cj6qVVDU3as?t=198m15s,TRUE,,
ライブ,3Dライブ,2024/12/22,Wonder neverLand,にじさんじ,https://youtu.be/Cj6qVVDU3as?t=215m42s,TRUE,,
ライブ,3Dライブ,2024/12/22,Hurrah!!,にじさんじ,https://youtu.be/Cj6qVVDU3as?t=216m53s,TRUE,,
ライブ,3Dライブ,2024/12/22,虹色のPuddle,にじさんじ,https://youtu.be/Cj6qVVDU3as?t=217m27s,TRUE,,
ライブ,3Dライブ,2024/12/22,Virtual to LIVE,にじさんじ,https://youtu.be/Cj6qVVDU3as?t=218m17s,TRUE,,
ライブ,3Dライブ,2025/01/01,DiVE !N,ROF-MAO,https://youtu.be/Ip0bQfyoqgs?t=121m22s,TRUE,,
ライブ,3Dライブ,2025/01/01,I wanna! You wanna!,ROF-MAO,https://youtu.be/Ip0bQfyoqgs?t=128m44s,TRUE,,
弾き語り,弾き語り配信,2025/01/31,風になる,つじあやの,https://youtu.be/nEV8XMmUU2c?t=10m6s,TRUE,,
弾き語り,弾き語り配信,2025/01/31,Shiny Sunny Step,甲斐田晴,https://youtu.be/nEV8XMmUU2c?t=20m23s,TRUE,,
弾き語り,弾き語り配信,2025/01/31,瞳をとじて,平井堅,https://youtu.be/nEV8XMmUU2c?t=31m56s,TRUE,,
弾き語り,弾き語り配信,2025/01/31,First Love,宇多田ヒカル,https://youtu.be/nEV8XMmUU2c?t=42m45s,TRUE,,
弾き語り,弾き語り配信,2025/01/31,一滴の影響,UVERworld,https://youtu.be/nEV8XMmUU2c?t=52m57s,TRUE,,
弾き語り,弾き語り配信,2025/01/31,何色,甲斐田晴,https://youtu.be/nEV8XMmUU2c?t=60m17s,TRUE,,
弾き語り,弾き語り配信,2025/01/31,リライト,ASIAN KUNG-FU GENERATION,https://youtu.be/nEV8XMmUU2c?t=80m35s,TRUE,,
ライブ,3Dライブ,2025/02/24,Virtual Strike,にじさんじ,https://youtu.be/7DN7XTcCfXY?t=33m16s,TRUE,,
ライブ,3Dライブ,2025/02/24,ハッピーウェディング前ソング,ヤバイTシャツ屋さん,https://youtu.be/7DN7XTcCfXY?t=55m24s,TRUE,星川サラ,
ライブ,3Dライブ,2025/02/24,オトノナルホウヘ→,Goose house,https://youtu.be/7DN7XTcCfXY?t=67m,TRUE,,
弾き語り,弾き語り配信,2025/03/04,青のすみか,キタニタツヤ,https://youtu.be/YnvBiBG1YVM?t=13m51s,TRUE,,
弾き語り,弾き語り配信,2025/03/04,水の記憶,甲斐田晴,https://youtu.be/YnvBiBG1YVM?t=20m13s,TRUE,,
弾き語り,弾き語り配信,2025/03/04,この場所で,甲斐田晴,https://youtu.be/YnvBiBG1YVM?t=32m45s,TRUE,,
弾き語り,弾き語り配信,2025/03/04,一瞬と一生,甲斐田晴,https://youtu.be/YnvBiBG1YVM?t=40m37s,TRUE,,
弾き語り,弾き語り配信,2025/03/04,ぼくのヒーロー,甲斐田晴,https://youtu.be/YnvBiBG1YVM?t=50m10s,TRUE,,
弾き語り,弾き語り配信,2025/03/04,率直,甲斐田晴,https://youtu.be/YnvBiBG1YVM?t=55m38s,TRUE,,
弾き語り,弾き語り配信,2025/03/04,清風,甲斐田晴,https://youtu.be/YnvBiBG1YVM?t=62m40s,TRUE,,
弾き語り,弾き語り配信,2025/03/04,才能が無いから何だ,甲斐田晴,https://youtu.be/YnvBiBG1YVM?t=72m57s,TRUE,,
弾き語り,弾き語り配信,2025/03/19,小さきもの,林明日香,https://youtu.be/Ih7bWaqFEkM?t=5m8s,TRUE,,
弾き語り,弾き語り配信,2025/03/19,SHOOTING DELTA,VΔLZ,https://youtu.be/Ih7bWaqFEkM?t=19m5s,TRUE,,
弾き語り,弾き語り配信,2025/03/19,フルカウント,ROF-MAO,https://youtu.be/Ih7bWaqFEkM?t=27m24s,TRUE,,
弾き語り,弾き語り配信,2025/03/19,3月9日,レミオロメン,https://youtu.be/Ih7bWaqFEkM?t=38m8s,TRUE,,
弾き語り,弾き語り配信,2025/03/19,そばかす,JUDY AND MARY,https://youtu.be/Ih7bWaqFEkM?t=48m,TRUE,,
弾き語り,弾き語り配信,2025/03/19,僕のキモチ,WaT,https://youtu.be/Ih7bWaqFEkM?t=58m1s,TRUE,,
弾き語り,弾き語り配信,2025/03/19,雪の華,中島美嘉,https://youtu.be/Ih7bWaqFEkM?t=70m59s,TRUE,,
弾き語り,弾き語り配信,2025/03/19,READY STEADY GO,L'Arc～en～Ciel,https://youtu.be/Ih7bWaqFEkM?t=78m57s,TRUE,,
"記念・お披露目, ライブ",3Dライブ,2025/04/02,Beyond the Frame,VΔLZ,https://youtu.be/qdQtHY34W08?t=1m6s,TRUE,,
"記念・お披露目, ライブ",3Dライブ,2025/04/02,黎明の轍,VΔLZ,https://youtu.be/qdQtHY34W08?t=4m42s,TRUE,,
"記念・お披露目, ライブ",3Dライブ,2025/04/02,ムーンウォーカーズ,VΔLZ,https://youtu.be/qdQtHY34W08?t=14m37s,TRUE,,
"記念・お披露目, ライブ",3Dライブ,2025/04/02,パラレルノー細胞,甲斐田晴,https://youtu.be/qdQtHY34W08?t=28m26s,TRUE,,
"記念・お披露目, ライブ",3Dライブ,2025/04/02,浮世の演舞[Re:vision],VΔLZ,https://youtu.be/qdQtHY34W08?t=49m1s,TRUE,,
"記念・お披露目, ライブ",3Dライブ,2025/04/02,青春謳歌,VΔLZ,https://youtu.be/qdQtHY34W08?t=71m22s,TRUE,,
弾き語り,弾き語り配信,2025/04/06,シルシ,LiSA,https://youtu.be/fygSUmDJD2Q?t=11m8s,TRUE,,
弾き語り,弾き語り配信,2025/04/06,ピエロ,KEI,https://youtu.be/fygSUmDJD2Q?t=19m23s,TRUE,,
弾き語り,弾き語り配信,2025/04/06,となりのトトロ,井上あずみ,https://youtu.be/fygSUmDJD2Q?t=27m52s,TRUE,,
弾き語り,弾き語り配信,2025/04/06,Beyond the Frame,VΔLZ,https://youtu.be/fygSUmDJD2Q?t=38m33s,TRUE,,
弾き語り,弾き語り配信,2025/04/06,アムリタ,牧野由依,https://youtu.be/fygSUmDJD2Q?t=46m43s,TRUE,,
弾き語り,弾き語り配信,2025/04/06,決意の朝に,Aqua Timez,https://youtu.be/fygSUmDJD2Q?t=58m40s,TRUE,,
弾き語り,弾き語り配信,2025/06/04,"rain stops, good-bye",におP,https://youtu.be/Hy0doxsUaqA?t=12m43s,TRUE,,
弾き語り,弾き語り配信,2025/06/04,Departures ～あなたにおくるアイの歌～,EGOIST,https://youtu.be/Hy0doxsUaqA?t=22m1s,TRUE,,
弾き語り,弾き語り配信,2025/06/04,ひとりぼっちじゃない,coba&宮沢和史,https://youtu.be/Hy0doxsUaqA?t=28m17s,TRUE,,
弾き語り,弾き語り配信,2025/06/04,地球最後の告白を,kemu,https://youtu.be/Hy0doxsUaqA?t=39m49s,TRUE,,
弾き語り,弾き語り配信,2025/06/04,DAY BY DAY,VΔLZ,https://youtu.be/Hy0doxsUaqA?t=52m19s,TRUE,,
弾き語り,弾き語り配信,2025/06/23,Pretender,Official髭男dism,https://youtu.be/q3S4nGUkl1I?t=9m2s,TRUE,,
弾き語り,弾き語り配信,2025/06/23,TSUNAMI,サザンオールスターズ,https://youtu.be/q3S4nGUkl1I?t=17m16s,TRUE,,
弾き語り,弾き語り配信,2025/06/23,小夜子,みきとP,https://youtu.be/q3S4nGUkl1I?t=26m57s,TRUE,,
弾き語り,弾き語り配信,2025/06/23,ドライフラワー,優里,https://youtu.be/q3S4nGUkl1I?t=34m51s,TRUE,,
弾き語り,弾き語り配信,2025/06/23,モノクロのキス,シド,https://youtu.be/q3S4nGUkl1I?t=42m26s,TRUE,,
弾き語り,弾き語り配信,2025/06/23,炎,LiSA,https://youtu.be/q3S4nGUkl1I?t=53m04s,TRUE,,
弾き語り,弾き語り配信,2025/06/23,天使にふれたよ！,放課後ティータイム,https://youtu.be/q3S4nGUkl1I?t=61m33s,TRUE,,
弾き語り,弾き語り配信,2025/06/23,サニーデイ,ラックライフ,https://youtu.be/q3S4nGUkl1I?t=81m47s,TRUE,,
弾き語り,弾き語り配信,2025/07/09,想像フォレスト,じん,https://youtu.be/fr1aC_Cia_0?t=13m1s,TRUE,,
弾き語り,弾き語り配信,2025/07/09,ガーネット,奥華子,https://youtu.be/fr1aC_Cia_0?t=20m51s,TRUE,,
弾き語り,弾き語り配信,2025/07/09,在るべき形,UVERworld,https://youtu.be/fr1aC_Cia_0?t=30m19s,TRUE,,
弾き語り,弾き語り配信,2025/07/09,アスノヨゾラ哨戒班,Orangestar,https://youtu.be/fr1aC_Cia_0?t=39m27s,TRUE,,
弾き語り,弾き語り配信,2025/07/09,お願い！セニョリータ,ORANGE RANGE,https://youtu.be/fr1aC_Cia_0?t=47m27s,TRUE,,
弾き語り,弾き語り配信,2025/07/09,うたかた花火,supercell,https://youtu.be/fr1aC_Cia_0?t=54m47s,TRUE,,
弾き語り,弾き語り配信,2025/07/09,小さきもの,林明日香,https://youtu.be/fr1aC_Cia_0?t=63m38s,TRUE,,
弾き語り,弾き語り配信,2025/07/16,パパンパ！Blue Summer Days,甲斐田晴,https://youtu.be/B43b88SCQeA?t=5m43s,TRUE,,
弾き語り,弾き語り配信,2025/07/16,シャカビーチ～Laka Laka La～,UVERworld,https://youtu.be/B43b88SCQeA?t=15m3s,TRUE,,
弾き語り,弾き語り配信,2025/07/16,千の夜をこえて,Aqua Timez,https://youtu.be/B43b88SCQeA?t=25m48s,TRUE,,
弾き語り,弾き語り配信,2025/07/16,テディ,ReoNa,https://youtu.be/B43b88SCQeA?t=59m6s,TRUE,,
弾き語り,弾き語り配信,2025/08/04,Rolling star,YUI,https://youtu.be/t1f8KghC6o4?t=9m6s,TRUE,,
弾き語り,弾き語り配信,2025/08/04,君の知らない物語,supercell,https://youtu.be/t1f8KghC6o4?t=16m21s,TRUE,,
弾き語り,弾き語り配信,2025/08/04,名前のない怪物,EGOIST,https://youtu.be/t1f8KghC6o4?t=28m26s,TRUE,,
弾き語り,弾き語り配信,2025/08/04,コネクト,ClariS,https://youtu.be/t1f8KghC6o4?t=36m41s,TRUE,,
弾き語り,弾き語り配信,2025/08/04,ホログラム,NICO Touches the Walls,https://youtu.be/t1f8KghC6o4?t=47m,TRUE,,
弾き語り,弾き語り配信,2025/08/04,君じゃなきゃタメみたい,オーイシマサヨシ,https://youtu.be/t1f8KghC6o4?t=55m2s,TRUE,,
カラオケ,歌枠,2025/08/24,パパンパ！Blue Summer Days,甲斐田晴,https://youtu.be/5z8xwAM829Y?t=1m10s,TRUE,,
カラオケ,歌枠,2025/08/24,水の記憶,甲斐田晴,https://youtu.be/5z8xwAM829Y?t=6m44s,TRUE,,
カラオケ,歌枠,2025/08/24,トマトは愛を解さない,甲斐田晴,https://youtu.be/5z8xwAM829Y?t=12m45s,TRUE,,
カラオケ,歌枠,2025/08/24,されど星の輝きを知る,甲斐田晴,https://youtu.be/5z8xwAM829Y?t=20m18s,TRUE,,
カラオケ,歌枠,2025/08/24,始まりの理由を,甲斐田晴,https://youtu.be/5z8xwAM829Y?t=24m55s,TRUE,,
弾き語り,弾き語り配信,2025/09/05,奏,スキマスイッチ,https://youtu.be/KB0NEBa6svE?t=6m4s,TRUE,,
弾き語り,弾き語り配信,2025/09/05,真夏の果実,サザンオールスターズ,https://youtu.be/KB0NEBa6svE?t=13m2s,TRUE,,
弾き語り,弾き語り配信,2025/09/05,月光花,Janne Da Arc,https://youtu.be/KB0NEBa6svE?t=20m34s,TRUE,,
弾き語り,弾き語り配信,2025/09/05,GLAMOROUS SKY,中島美嘉,https://youtu.be/KB0NEBa6svE?t=28m43s,TRUE,,
弾き語り,弾き語り配信,2025/09/05,ブルーバード,いきものがかり,https://youtu.be/KB0NEBa6svE?t=35m24s,TRUE,,
弾き語り,弾き語り配信,2025/09/05,ハートリアライズ,Tia,https://youtu.be/KB0NEBa6svE?t=46m14s,TRUE,,
弾き語り,弾き語り配信,2025/09/05,Calc.,ジミーサムP,https://youtu.be/KB0NEBa6svE?t=51m15s,TRUE,,
弾き語り,弾き語り配信,2025/09/05,青のすみか,キタニタツヤ,https://youtu.be/KB0NEBa6svE?t=59m54s,TRUE,,
弾き語り,弾き語り配信,2025/09/05,されど星の輝きを知る,甲斐田晴,https://youtu.be/KB0NEBa6svE?t=67m11s,TRUE,,
弾き語り,弾き語り配信,2025/09/19,CHE.R.RY,YUI,https://youtu.be/C1K2phNKJqc?t=6m15s,TRUE,,
弾き語り,弾き語り配信,2025/09/19,夏の終わり、恋の始まり,すこっぷ,https://youtu.be/C1K2phNKJqc?t=13m11s,TRUE,,
弾き語り,弾き語り配信,2025/09/19,扉,VΔLZ,https://youtu.be/C1K2phNKJqc?t=22m2s,TRUE,,
弾き語り,弾き語り配信,2025/09/19,DiVE !N,ROF-MAO,https://youtu.be/C1K2phNKJqc?t=30m5s,TRUE,,
弾き語り,弾き語り配信,2025/09/19,アゲハ蝶,ポルノグラフィティ,https://youtu.be/C1K2phNKJqc?t=40m48s,TRUE,,
弾き語り,弾き語り配信,2025/09/19,カブトムシ,aiko,https://youtu.be/C1K2phNKJqc?t=51m9s,TRUE,,
弾き語り,弾き語り配信,2025/09/19,Virtual to LIVE,にじさんじ,https://youtu.be/C1K2phNKJqc?t=62m,TRUE,,
弾き語り,弾き語り配信,2025/10/14,115万キロのフィルム,Official髭男Dism,https://youtu.be/ixlpIAfqUWU?t=6m49s,TRUE,,
弾き語り,弾き語り配信,2025/10/14,SOUP,VΔLZ,https://youtu.be/ixlpIAfqUWU?t=16m44s,TRUE,,
弾き語り,弾き語り配信,2025/10/14,恋,奥華子,https://youtu.be/ixlpIAfqUWU?t=35m,TRUE,,
弾き語り,弾き語り配信,2025/10/14,My Dearest,supercell,https://youtu.be/ixlpIAfqUWU?t=44m15s,TRUE,,
弾き語り,弾き語り配信,2025/10/14,Good-bye days,YUI,https://youtu.be/ixlpIAfqUWU?t=54m52s,TRUE,,
弾き語り,弾き語り配信,2025/10/14,Hello Goodbye＆Hello,熊木杏里,https://youtu.be/ixlpIAfqUWU?t=63m53s,TRUE,,
弾き語り,弾き語り配信,2025/11/05,風になる,つじあやの,https://youtu.be/Tbjqmq88NM8?t=9m54s,TRUE,,
弾き語り,弾き語り配信,2025/11/05,深愛,水樹奈々,https://youtu.be/Tbjqmq88NM8?t=18m17s,TRUE,,
弾き語り,弾き語り配信,2025/11/05,ETERNAL BLAZE,水樹奈々,https://youtu.be/Tbjqmq88NM8?t=25m24s,TRUE,,
弾き語り,弾き語り配信,2025/11/05,Pray,水樹奈々,https://youtu.be/Tbjqmq88NM8?t=32m33s,TRUE,,
弾き語り,弾き語り配信,2025/11/05,心拍数♯0822,蝶々P,https://youtu.be/Tbjqmq88NM8?t=37m56s,TRUE,,
弾き語り,弾き語り配信,2025/11/05,ハナミズキ,一青窈,https://youtu.be/Tbjqmq88NM8?t=44m53s,TRUE,,
弾き語り,弾き語り配信,2025/11/05,知っている手紙,ROF-MAO,https://youtu.be/Tbjqmq88NM8?t=54m33s,TRUE,,
弾き語り,弾き語り配信,2025/11/05,猫,DISH//,https://youtu.be/Tbjqmq88NM8?t=58m4s,TRUE,,
ライブ,オンラインライブ,2025/11/24,エンドロールで待ってる,甲斐田晴,https://youtu.be/tG6h83PreFk?t=1s,TRUE,,
ライブ,オンラインライブ,2025/11/24,ブルーミソロジー,甲斐田晴,https://youtu.be/tG6h83PreFk?t=3m17s,TRUE,,
ライブ,オンラインライブ,2025/11/24,独白,甲斐田晴,https://youtu.be/tG6h83PreFk?t=6m52s,TRUE,,
ライブ,オンラインライブ,2025/11/24,されど星の輝きを知る,甲斐田晴,https://youtu.be/tG6h83PreFk?t=10m50s,TRUE,,
ライブ,オンラインライブ,2025/11/24,始まりの理由を,甲斐田晴,https://youtu.be/tG6h83PreFk?t=13m42s,TRUE,,
ライブ,オンラインライブ,2025/11/24,声の旅,甲斐田晴,https://youtu.be/tG6h83PreFk?t=16m47s,TRUE,,
弾き語り,弾き語り配信,2025/11/25,KING,Kanaria,https://youtu.be/vtcBNyT2poo?t=6m3s,TRUE,,
弾き語り,弾き語り配信,2025/11/25,staple stable,戦場ヶ原ひたぎ(斎藤千和),https://youtu.be/vtcBNyT2poo?t=12m59s,TRUE,,
弾き語り,弾き語り配信,2025/11/25,ユキトキ,やなぎなぎ,https://youtu.be/vtcBNyT2poo?t=21m30s,TRUE,,
弾き語り,弾き語り配信,2025/11/25,MEMORIA,藍井エイル,https://youtu.be/vtcBNyT2poo?t=28m43s,TRUE,,
弾き語り,弾き語り配信,2025/11/25,コネクト,ClariS,https://youtu.be/vtcBNyT2poo?t=35m37s,TRUE,,
弾き語り,弾き語り配信,2025/11/25,別の人の彼女になったよ,wacci,https://youtu.be/vtcBNyT2poo?t=42m28s,TRUE,,
弾き語り,弾き語り配信,2025/11/25,フリージア,Uru,https://youtu.be/vtcBNyT2poo?t=54m36s,TRUE,,
弾き語り,弾き語り配信,2025/12/07,恋愛裁判,40mP,https://youtu.be/K_2w1AZEgsk?t=7m20s,TRUE,,
弾き語り,弾き語り配信,2025/12/07,砂の惑星,ハチ,https://youtu.be/K_2w1AZEgsk?t=13m15s,TRUE,,
弾き語り,弾き語り配信,2025/12/07,クワガタにチョップしたらタイムスリップした,家の裏でマンボウが死んでるP,https://youtu.be/K_2w1AZEgsk?t=21m10s,TRUE,,
弾き語り,弾き語り配信,2025/12/07,サウダージ,ポルノグラフィティ,https://youtu.be/K_2w1AZEgsk?t=29m50s,TRUE,,
弾き語り,弾き語り配信,2025/12/07,らしさ,SUPER BEAVER,https://youtu.be/K_2w1AZEgsk?t=37m40s,TRUE,,
弾き語り,弾き語り配信,2025/12/07,アヤノの幸福理論,じん,https://youtu.be/K_2w1AZEgsk?t=48m1s,TRUE,,
弾き語り,弾き語り配信,2025/12/07,スクランブル,SPYAIR,https://youtu.be/K_2w1AZEgsk?t=57m31s,TRUE,,
弾き語り,弾き語り配信,2025/12/07,才能が無いから何だ,甲斐田晴,https://youtu.be/K_2w1AZEgsk?t=66m46s,TRUE,,
弾き語り,弾き語り配信,2025/12/27,幽霊東京,Ayase,https://youtu.be/RDkbA_ghOIo?t=9m42s,TRUE,,
弾き語り,弾き語り配信,2025/12/27,雪の華,中島美嘉,https://youtu.be/RDkbA_ghOIo?t=16m21s,TRUE,,
弾き語り,弾き語り配信,2025/12/27,小さな掌,Aqua Timez,https://youtu.be/RDkbA_ghOIo?t=26m57s,TRUE,,
弾き語り,弾き語り配信,2025/12/27,フィクション,sumica,https://youtu.be/RDkbA_ghOIo?t=36m30s,TRUE,,
弾き語り,弾き語り配信,2025/12/27,Q＆A リサイタル,戸松遥,https://youtu.be/RDkbA_ghOIo?t=46m9s,TRUE,,
弾き語り,弾き語り配信,2025/12/27,Cagayake!GIRLS,放課後ティータイム(桜高軽音部),https://youtu.be/RDkbA_ghOIo?t=52m50s,TRUE,,
弾き語り,弾き語り配信,2025/12/27,透明な心臓が泣いていた,甲斐田晴,https://youtu.be/RDkbA_ghOIo?t=63m56s,TRUE,,
カラオケ,歌枠,2026/01/20,透明な心臓が泣いていた,甲斐田晴,https://youtu.be/89z3fwh6o38?t=11m51s,TRUE,,
カラオケ,歌枠,2026/01/20,素顔のままでいて,甲斐田晴,https://youtu.be/89z3fwh6o38?t=19m22s,TRUE,,
カラオケ,歌枠,2026/01/20,パパンパ！Blue Summer Days,甲斐田晴,https://youtu.be/89z3fwh6o38?t=28m44s,TRUE,,
カラオケ,歌枠,2026/01/20,cycle,甲斐田晴,https://youtu.be/89z3fwh6o38?t=35m52s,TRUE,,
カラオケ,歌枠,2026/01/20,一瞬と一生,甲斐田晴,https://youtu.be/89z3fwh6o38?t=42m54s,TRUE,,
カラオケ,歌枠,2026/01/20,UNSEEN TREASURES,甲斐田晴,https://youtu.be/89z3fwh6o38?t=53m52s,TRUE,,
カラオケ,歌枠,2026/01/20,声の旅,甲斐田晴,https://youtu.be/89z3fwh6o38?t=64m24s,TRUE,,
カラオケ,歌枠,2026/01/20,水の記憶,甲斐田晴,https://youtu.be/89z3fwh6o38?t=74m45s,TRUE,,
カラオケ,歌枠,2026/01/20,才能が無いから何だ,甲斐田晴,https://youtu.be/89z3fwh6o38?t=84m14s,TRUE,,
カラオケ,歌枠,2026/01/20,トマトは愛を解さない,甲斐田晴,https://youtu.be/89z3fwh6o38?t=93m27s,TRUE,,
弾き語り,弾き語り配信,2026/02/07,粉雪,レミオロメン,https://youtu.be/fHDBHIVlh84?t=6m39s,TRUE,,
弾き語り,弾き語り配信,2026/02/07,しわ,buzzG,https://youtu.be/fHDBHIVlh84?t=14m22s,TRUE,,
弾き語り,弾き語り配信,2026/02/07,津軽海峡・冬景色,石川さゆり,https://youtu.be/fHDBHIVlh84?t=23m39s,TRUE,,
弾き語り,弾き語り配信,2026/02/07,UNION,OxT,https://youtu.be/fHDBHIVlh84?t=33m12s,TRUE,,
弾き語り,弾き語り配信,2026/02/07,ドライフラワー,優里,https://youtu.be/fHDBHIVlh84?t=40m56s,TRUE,,
弾き語り,弾き語り配信,2026/02/07,COLORS,FLOW,https://youtu.be/fHDBHIVlh84?t=48m16s,TRUE,,
弾き語り,弾き語り配信,2026/02/07,この場所で,甲斐田晴,https://youtu.be/fHDBHIVlh84?t=56m8s,TRUE,,
"コラボ, カラオケ",VΔLZオフ歌枠,2026/02/21,GO!!!,FLOW,https://youtu.be/FYiAJ9rF_7g?t=5m16s,TRUE,,
"コラボ, カラオケ",VΔLZオフ歌枠,2026/02/21,ピースサイン,米津玄師,https://youtu.be/FYiAJ9rF_7g?t=16m42s,TRUE,,
"コラボ, カラオケ",VΔLZオフ歌枠,2026/02/21,ALONES,Aqua Timez,https://youtu.be/FYiAJ9rF_7g?t=21m47s,TRUE,,
"コラボ, カラオケ",VΔLZオフ歌枠,2026/02/21,初めての恋が終わる時,ryo(supercell),https://youtu.be/FYiAJ9rF_7g?t=46m27s,TRUE,,
"コラボ, カラオケ",VΔLZオフ歌枠,2026/02/21,ここにしか咲かない花,コブクロ,https://youtu.be/FYiAJ9rF_7g?t=71m8s,TRUE,,
"コラボ, カラオケ",VΔLZオフ歌枠,2026/02/21,シュガーソングとビターステップ,UNISON SQUARE GARDEN,https://youtu.be/FYiAJ9rF_7g?t=80m6s,TRUE,,
弾き語り,弾き語り配信,2026/02/25,シルエット,KANA-BOON,https://youtu.be/x7riSqt46s8?t=6m14s,TRUE,,
弾き語り,弾き語り配信,2026/02/25,ほうき星,ユンナ,https://youtu.be/x7riSqt46s8?t=14m22s,TRUE,,
弾き語り,弾き語り配信,2026/02/25,カタオモイ,Aimer,https://youtu.be/x7riSqt46s8?t=21m5s,TRUE,,
弾き語り,弾き語り配信,2026/02/25,チョコレート・トレイン,PENGUINS PROJECT,https://youtu.be/x7riSqt46s8?t=27m53s,TRUE,,
弾き語り,弾き語り配信,2026/02/25,心予報,Eve,https://youtu.be/x7riSqt46s8?t=34m30s,TRUE,,
弾き語り,弾き語り配信,2026/02/25,サウダージ,ポルノグラフィティ,https://youtu.be/x7riSqt46s8?t=55m,TRUE,,
弾き語り,弾き語り配信,2026/02/25,才能が無いから何だ,甲斐田晴,https://youtu.be/x7riSqt46s8?t=62m20s,TRUE,,
弾き語り,弾き語り配信,2026/03/27,さくら(独唱),森山直太朗,https://youtu.be/HBhHq-4QROY?t=13m43s,TRUE,,
弾き語り,弾き語り配信,2026/03/27,旅たちの日に・・・,川嶋あい,https://youtu.be/HBhHq-4QROY?t=19m50s,TRUE,,
弾き語り,弾き語り配信,2026/03/27,MANKAI☆開花宣言,A3ders!,https://youtu.be/HBhHq-4QROY?t=26m48s,TRUE,,
弾き語り,弾き語り配信,2026/03/27,となりのトトロ,井上あずみ,https://youtu.be/HBhHq-4QROY?t=36m10s,TRUE,,
弾き語り,弾き語り配信,2026/03/27,さよならメモリーズ,supercell,https://youtu.be/HBhHq-4QROY?t=43m46s,TRUE,,
弾き語り,弾き語り配信,2026/03/27,Hurrah!!,にじさんじ,https://youtu.be/HBhHq-4QROY?t=60m42s,TRUE,,
弾き語り,弾き語り配信,2026/03/27,水の記憶,甲斐田晴,https://youtu.be/HBhHq-4QROY?t=71m51s,TRUE,,
弾き語り,弾き語り配信,2026/04/14,Shiny Sunny Step,甲斐田晴,https://youtu.be/i3WZne0e0EQ?t=10m24s,TRUE,,
弾き語り,弾き語り配信,2026/04/14,虹,Aqua Timez,https://youtu.be/i3WZne0e0EQ?t=19m48s,TRUE,,
弾き語り,弾き語り配信,2026/04/14,青空のナミダ,高橋瞳,https://youtu.be/i3WZne0e0EQ?t=30m18s,TRUE,,
弾き語り,弾き語り配信,2026/04/14,RAIN,SEKAI NO OWARI,https://youtu.be/i3WZne0e0EQ?t=38m42s,TRUE,,
弾き語り,弾き語り配信,2026/04/14,タイヨウのうた,Kaoru Amane,https://youtu.be/i3WZne0e0EQ?t=44m34s,TRUE,,
弾き語り,弾き語り配信,2026/04/14,キラメキ,wacci,https://youtu.be/i3WZne0e0EQ?t=55m19s,TRUE,,
弾き語り,弾き語り配信,2026/04/14,月が綺麗だ。,甲斐田晴,https://youtu.be/i3WZne0e0EQ?t=62m58s,TRUE,,
弾き語り,弾き語り配信,2026/05/05,ぼくのヒーロー,甲斐田晴,https://youtu.be/FfdoR4GmM8I?t=6m10s,TRUE,,
弾き語り,弾き語り配信,2026/05/05,メリッサ,ポルノグラフィティ,https://youtu.be/FfdoR4GmM8I?t=14m2s,TRUE,,
弾き語り,弾き語り配信,2026/05/05,ピースサイン,米津玄師,https://youtu.be/FfdoR4GmM8I?t=21m38s,TRUE,,
弾き語り,弾き語り配信,2026/05/05,ニア,夏代孝明,https://youtu.be/FfdoR4GmM8I?t=29m35s,TRUE,,
弾き語り,弾き語り配信,2026/05/05,シルシ,LiSA,https://youtu.be/FfdoR4GmM8I?t=37m10s,TRUE,,
弾き語り,弾き語り配信,2026/05/05,All Alone With You,EGOIST,https://youtu.be/FfdoR4GmM8I?t=44m11s,TRUE,,
弾き語り,弾き語り配信,2026/05/05,エウテルペ,EGOIST,https://youtu.be/FfdoR4GmM8I?t=55m19s,TRUE,,
弾き語り,弾き語り配信,2026/05/05,Departures～あなたにおくるアイの歌～,EGOIST,https://youtu.be/FfdoR4GmM8I?t=60m50s,TRUE,,
弾き語り,弾き語り配信,2026/05/05,何色,甲斐田晴,https://youtu.be/FfdoR4GmM8I?t=73m58s,TRUE,,
弾き語り,弾き語り配信,2026/05/20,君に届け,flumpool,https://youtu.be/gO4ctt-m3Pk?t=6m29s,TRUE,,
弾き語り,弾き語り配信,2026/05/20,ミックスナッツ,Official髭男dism,https://youtu.be/gO4ctt-m3Pk?t=14m31s,TRUE,,
弾き語り,弾き語り配信,2026/05/20,インフェルノ,Mrs.GREEN APPLE,https://youtu.be/gO4ctt-m3Pk?t=24m44s,TRUE,,
弾き語り,弾き語り配信,2026/05/20,オツキミリサイタル,じん,https://youtu.be/gO4ctt-m3Pk?t=33m,TRUE,,
弾き語り,弾き語り配信,2026/05/20,太陽の楽園～Promised Land～,神戸みゆき,https://youtu.be/gO4ctt-m3Pk?t=53m17s,TRUE,,
弾き語り,弾き語り配信,2026/05/20,残酷な天使のテーゼ,高橋洋子,https://youtu.be/gO4ctt-m3Pk?t=66m46s,TRUE,,
弾き語り,弾き語り配信,2026/06/12,才能が無いから何だ,甲斐田晴,https://youtu.be/b0dNzt9Fek8?t=7m12s,TRUE,,
弾き語り,弾き語り配信,2026/06/12,"rain stops, good-bye",におP,https://youtu.be/b0dNzt9Fek8?t=12m24s,TRUE,,
弾き語り,弾き語り配信,2026/06/12,アムリタ,牧野由依,https://youtu.be/b0dNzt9Fek8?t=20m48s,TRUE,,
弾き語り,弾き語り配信,2026/06/12,366日,HY,https://youtu.be/b0dNzt9Fek8?t=28m40s,TRUE,,
弾き語り,弾き語り配信,2026/06/12,宿命,Official髭男dism,https://youtu.be/b0dNzt9Fek8?t=44m,TRUE,,
弾き語り,弾き語り配信,2026/06/12,青いベンチ,サスケ,https://youtu.be/b0dNzt9Fek8?t=51m8s,TRUE,,
弾き語り,弾き語り配信,2026/06/12,小さきもの,林明日香,https://youtu.be/b0dNzt9Fek8?t=61m3s,TRUE,,
"ライブ, 記念・お披露目",3Dライブ,2026/06/28,お願い！ セニョリータ,ORANGE RANGE,https://youtu.be/P_h5TKjO_9k?t=3m1s,TRUE,,
"ライブ, 記念・お披露目",3Dライブ,2026/06/28,ビビっとラブ,CHICO with HoneyWorks meets まふまふ,https://youtu.be/P_h5TKjO_9k?t=12m37s,TRUE,,
"ライブ, 記念・お披露目",3Dライブ,2026/06/28,ホシアイ,レフティーモンスターP,https://youtu.be/P_h5TKjO_9k?t=16m51s,TRUE,,
"ライブ, 記念・お披露目",3Dライブ,2026/06/28,月光花,Janne Da Arc,https://youtu.be/P_h5TKjO_9k?t=25m17s,TRUE,,
"ライブ, 記念・お披露目",3Dライブ,2026/06/28,Snow halation,μ's,https://youtu.be/P_h5TKjO_9k?t=30m23s,TRUE,,
"ライブ, 記念・お披露目",3Dライブ,2026/06/28,愛迷エレジー,DECO*27,https://youtu.be/P_h5TKjO_9k?t=34m49s,TRUE,,
"ライブ, 記念・お披露目",3Dライブ,2026/06/28,ライラック,Mrs.GREEN APPLE,https://youtu.be/P_h5TKjO_9k?t=37m55s,TRUE,,
"ライブ, 記念・お披露目",3Dライブ,2026/06/28,君の知らない物語,supercell,https://youtu.be/P_h5TKjO_9k?t=50m51s,TRUE,,
"コラボ, カラオケ",コラボ歌枠,2026/07/02,ユニバース,夏代孝明,https://www.youtube.com/live/wo7UjtdXtZE?si=I1sS97q28rN7sW5K&t=838,TRUE,皇れお、伊波ライ,
"演奏, コラボ",オフラインセッション,2026/07/14,栞,クリープハイプ,https://www.youtube.com/live/R8CP0-t2tHE?si=x29Hay5_bynwbJV_,FALSE,夢追翔、皇れお,甲斐田晴、花籠つばさ、伊波ライ、五木左京、皇れお
"演奏, コラボ",オフラインセッション,2026/07/14,青と夏,Mrs. GREEN APPLE,https://www.youtube.com/live/R8CP0-t2tHE?si=x29Hay5_bynwbJV_,FALSE,皇れお、夢追翔,甲斐田晴、花籠つばさ、伊波ライ、五木左京
弾き語り,弾き語り配信,2026/07/18,青と夏,Mrs.GREEN APPLE,https://youtu.be/LoKpAJbZWaw?t=8m21s,TRUE,,
弾き語り,弾き語り配信,2026/07/18,ANIMA,ReoNa,https://youtu.be/LoKpAJbZWaw?t=18m33s,TRUE,,
弾き語り,弾き語り配信,2026/07/18,もう恋なんてしない,槇原敬之,https://youtu.be/LoKpAJbZWaw?t=26m6s,TRUE,,
弾き語り,弾き語り配信,2026/07/18,真夏の果実,サザンオールスターズ,https://youtu.be/LoKpAJbZWaw?t=33m14s,TRUE,,
弾き語り,弾き語り配信,2026/07/18,TSUNAMI,サザンオールスターズ,https://youtu.be/LoKpAJbZWaw?t=39m24s,TRUE,,
弾き語り,弾き語り配信,2026/07/18,晴れと褻,甲斐田晴,https://youtu.be/LoKpAJbZWaw?t=46m12s,TRUE,,
弾き語り,弾き語り配信,2026/07/18,水の記憶,甲斐田晴,https://youtu.be/LoKpAJbZWaw?t=60m51s,TRUE,,
弾き語り,弾き語り配信,2026/08/03,パラレルノー細胞,甲斐田晴,https://youtu.be/F2yitIB1LfY?t=6m42s,TRUE,,
弾き語り,弾き語り配信,2026/08/03,敗北の少年,kemu,https://youtu.be/F2yitIB1LfY?t=12m38s,TRUE,,
弾き語り,弾き語り配信,2026/08/03,終点,甲斐田晴,https://youtu.be/F2yitIB1LfY?t=20m29s,TRUE,,
弾き語り,弾き語り配信,2026/08/03,この場所で,甲斐田晴,https://youtu.be/F2yitIB1LfY?t=26m20s,TRUE,,
弾き語り,弾き語り配信,2026/08/03,カブトムシ,aiko,https://youtu.be/F2yitIB1LfY?t=33m31s,TRUE,,
弾き語り,弾き語り配信,2026/08/03,ガーネット,奥華子,https://youtu.be/F2yitIB1LfY?t=43m39s,TRUE,,
弾き語り,弾き語り配信,2026/08/03,睡蓮花,湘南乃風,https://youtu.be/F2yitIB1LfY?t=56m24s,TRUE,,
弾き語り,弾き語り配信,2026/08/03,何色,甲斐田晴,https://youtu.be/F2yitIB1LfY?t=67m54s,TRUE,,
弾き語り,弾き語り配信,2026/08/23,ホシアイ,レフティーモンスターＰ,https://youtu.be/yiljvbct5yQ?t=8m59s,TRUE,,
弾き語り,弾き語り配信,2026/08/23,星が瞬くこんな夜に,supercell,https://youtu.be/yiljvbct5yQ?t=18m4s,TRUE,,
弾き語り,弾き語り配信,2026/08/23,変わらないもの,奥華子,https://youtu.be/yiljvbct5yQ?t=27m25s,TRUE,,
弾き語り,弾き語り配信,2026/08/23,となりのトトロ,井上あずみ,https://youtu.be/yiljvbct5yQ?t=36m17s,TRUE,,
弾き語り,弾き語り配信,2026/08/23,ポケットにファンタジー,さち＆じゅり,https://youtu.be/yiljvbct5yQ?t=42m43s,TRUE,,
弾き語り,弾き語り配信,2026/08/23,夏夕空,中孝介,https://youtu.be/yiljvbct5yQ?t=53m59s,TRUE,,
弾き語り,弾き語り配信,2026/08/23,道しるべ,夏川りみ,https://youtu.be/yiljvbct5yQ?t=61m32s,TRUE,,
弾き語り,弾き語り配信,2026/08/23,少年時代,井上陽水,https://youtu.be/yiljvbct5yQ?t=65m26s,TRUE,,